ISO-10303-21;
HEADER;
FILE_DESCRIPTION (( 'STEP AP214' ),
    '1' );
FILE_NAME ('前7.STEP',
    '2026-08-22T00:22:38',
    ( 'Windows User' ),
    ( 'P R C' ),
    'SwSTEP 2.0',
    'SolidWorks 2022',
    '' );
FILE_SCHEMA (( 'AUTOMOTIVE_DESIGN' ));
ENDSEC;

DATA;
#1 =( GEOMETRIC_REPRESENTATION_CONTEXT ( 3 ) GLOBAL_UNCERTAINTY_ASSIGNED_CONTEXT ( ( #3095 ) ) GLOBAL_UNIT_ASSIGNED_CONTEXT ( ( #4112, #1264, #2474 ) ) REPRESENTATION_CONTEXT ( 'NONE', 'WORKASPACE' ) );
#2 = UNCERTAINTY_MEASURE_WITH_UNIT (LENGTH_MEASURE( 1.000000000000000082E-05 ), #1868, 'distance_accuracy_value', 'NONE');
#3 = FILL_AREA_STYLE_COLOUR ( '', #1522 ) ;
#4 = ADVANCED_FACE ( 'NONE', ( #5100 ), #4821, .T. ) ;
#5 = DIRECTION ( 'NONE',  ( 1.000000000000000000, 0.000000000000000000, -0.000000000000000000 ) ) ;
#6 = COLOUR_RGB ( '',1.000000000000000000, 1.000000000000000000, 1.000000000000000000 ) ;
#7 = ORIENTED_EDGE ( 'NONE', *, *, #1808, .T. ) ;
#8 =( NAMED_UNIT ( * ) PLANE_ANGLE_UNIT ( ) SI_UNIT ( $, .RADIAN. ) );
#9 =( NAMED_UNIT ( * ) PLANE_ANGLE_UNIT ( ) SI_UNIT ( $, .RADIAN. ) );
#10 = DIRECTION ( 'NONE',  ( 1.000000000000000000, 0.000000000000000000, 0.000000000000000000 ) ) ;
#11 = STYLED_ITEM ( 'NONE', ( #897 ), #3652 ) ;
#12 = EDGE_CURVE ( 'NONE', #1478, #375, #1608, .T. ) ;
#13 = CARTESIAN_POINT ( 'NONE',  ( -89.70061124694372268, -12.68202933985330461, -69.84999999999999432 ) ) ;
#14 = DIRECTION ( 'NONE',  ( 1.000000000000000000, 0.000000000000000000, -0.000000000000000000 ) ) ;
#15 = VECTOR ( 'NONE', #4114, 1000.000000000000000 ) ;
#16 =( NAMED_UNIT ( * ) PLANE_ANGLE_UNIT ( ) SI_UNIT ( $, .RADIAN. ) );
#17 = DIRECTION ( 'NONE',  ( 1.000000000000000000, 0.000000000000000000, 0.000000000000000000 ) ) ;
#18 = ORIENTED_EDGE ( 'NONE', *, *, #1246, .F. ) ;
#19 = VECTOR ( 'NONE', #2253, 1000.000000000000000 ) ;
#20 = VERTEX_POINT ( 'NONE', #3592 ) ;
#21 = ORIENTED_EDGE ( 'NONE', *, *, #3116, .F. ) ;
#22 =( NAMED_UNIT ( * ) SI_UNIT ( $, .STERADIAN. ) SOLID_ANGLE_UNIT ( ) );
#23 = DIRECTION ( 'NONE',  ( 1.000000000000000000, -0.000000000000000000, 0.000000000000000000 ) ) ;
#24 = ORIENTED_EDGE ( 'NONE', *, *, #1932, .T. ) ;
#25 = DIRECTION ( 'NONE',  ( 0.000000000000000000, 0.000000000000000000, -1.000000000000000000 ) ) ;
#26 = DIRECTION ( 'NONE',  ( 1.000000000000000000, 0.000000000000000000, -1.387778780781445922E-16 ) ) ;
#27 = FILL_AREA_STYLE_COLOUR ( '', #1613 ) ;
#28 = DIRECTION ( 'NONE',  ( -1.000000000000000000, 0.000000000000000000, -0.000000000000000000 ) ) ;
#29 = EDGE_CURVE ( 'NONE', #1147, #4372, #2563, .T. ) ;
#30 = LINE ( 'NONE', #4813, #4676 ) ;
#31 =( LENGTH_UNIT ( ) NAMED_UNIT ( * ) SI_UNIT ( .MILLI., .METRE. ) );
#32 = UNCERTAINTY_MEASURE_WITH_UNIT (LENGTH_MEASURE( 1.000000000000000082E-05 ), #1125, 'distance_accuracy_value', 'NONE');
#33 = ADVANCED_FACE ( 'NONE', ( #3663 ), #3059, .T. ) ;
#34 = SURFACE_STYLE_FILL_AREA ( #1273 ) ;
#35 = VECTOR ( 'NONE', #3270, 1000.000000000000000 ) ;
#36 = CARTESIAN_POINT ( 'NONE',  ( 70.94938875305625459, -9.982029339853303540, -15.75000000000001776 ) ) ;
#37 = DIRECTION ( 'NONE',  ( 0.000000000000000000, -1.000000000000000000, 0.000000000000000000 ) ) ;
#38 =( NAMED_UNIT ( * ) PLANE_ANGLE_UNIT ( ) SI_UNIT ( $, .RADIAN. ) );
#39 = ADVANCED_FACE ( 'NONE', ( #2608 ), #4618, .T. ) ;
#40 = COLOUR_RGB ( '',1.000000000000000000, 1.000000000000000000, 1.000000000000000000 ) ;
#41 = STYLED_ITEM ( 'NONE', ( #3644 ), #2861 ) ;
#42 = AXIS2_PLACEMENT_3D ( 'NONE', #3665, #4122, #1384 ) ;
#43 = VERTEX_POINT ( 'NONE', #1785 ) ;
#44 = ORIENTED_EDGE ( 'NONE', *, *, #2113, .T. ) ;
#45 =( LENGTH_UNIT ( ) NAMED_UNIT ( * ) SI_UNIT ( .MILLI., .METRE. ) );
#46 = DIRECTION ( 'NONE',  ( 0.000000000000000000, 0.000000000000000000, 1.000000000000000000 ) ) ;
#47 = AXIS2_PLACEMENT_3D ( 'NONE', #1003, #4290, #1453 ) ;
#48 =( NAMED_UNIT ( * ) PLANE_ANGLE_UNIT ( ) SI_UNIT ( $, .RADIAN. ) );
#49 = ORIENTED_EDGE ( 'NONE', *, *, #273, .F. ) ;
#50 = STYLED_ITEM ( 'NONE', ( #2158 ), #2560 ) ;
#51 = VERTEX_POINT ( 'NONE', #593 ) ;
#52 = DIRECTION ( 'NONE',  ( 1.000000000000000000, 0.000000000000000000, 0.000000000000000000 ) ) ;
#53 =( LENGTH_UNIT ( ) NAMED_UNIT ( * ) SI_UNIT ( .MILLI., .METRE. ) );
#54 = STYLED_ITEM ( 'NONE', ( #973 ), #4903 ) ;
#55 = UNCERTAINTY_MEASURE_WITH_UNIT (LENGTH_MEASURE( 1.000000000000000082E-05 ), #3349, 'distance_accuracy_value', 'NONE');
#56 = STYLED_ITEM ( 'NONE', ( #153 ), #2123 ) ;
#57 =( LENGTH_UNIT ( ) NAMED_UNIT ( * ) SI_UNIT ( .MILLI., .METRE. ) );
#58 = MECHANICAL_DESIGN_GEOMETRIC_PRESENTATION_REPRESENTATION (  '', ( #1040 ), #4556 ) ;
#59 = SURFACE_STYLE_USAGE ( .BOTH. , #1683 ) ;
#60 = PRESENTATION_STYLE_ASSIGNMENT (( #349 ) ) ;
#61 = AXIS2_PLACEMENT_3D ( 'NONE', #1418, #966, #4531 ) ;
#62 = CIRCLE ( 'NONE', #1859, 2.000000000000001776 ) ;
#63 = FACE_OUTER_BOUND ( 'NONE', #2326, .T. ) ;
#64 = SURFACE_STYLE_USAGE ( .BOTH. , #3667 ) ;
#65 = CIRCLE ( 'NONE', #4993, 0.5000000000000004441 ) ;
#66 = MECHANICAL_DESIGN_GEOMETRIC_PRESENTATION_REPRESENTATION (  '', ( #1045 ), #1831 ) ;
#67 = EDGE_CURVE ( 'NONE', #834, #2579, #478, .T. ) ;
#68 = DIRECTION ( 'NONE',  ( 0.000000000000000000, 0.000000000000000000, 1.000000000000000000 ) ) ;
#69 = VERTEX_POINT ( 'NONE', #242 ) ;
#70 = EDGE_CURVE ( 'NONE', #2314, #1802, #2173, .T. ) ;
#71 = SURFACE_STYLE_USAGE ( .BOTH. , #1232 ) ;
#72 = SURFACE_STYLE_USAGE ( .BOTH. , #4443 ) ;
#73 = VERTEX_POINT ( 'NONE', #1756 ) ;
#74 = DIRECTION ( 'NONE',  ( 0.000000000000000000, 0.000000000000000000, -1.000000000000000000 ) ) ;
#75 =( GEOMETRIC_REPRESENTATION_CONTEXT ( 3 ) GLOBAL_UNCERTAINTY_ASSIGNED_CONTEXT ( ( #3865 ) ) GLOBAL_UNIT_ASSIGNED_CONTEXT ( ( #2077, #2434, #1647 ) ) REPRESENTATION_CONTEXT ( 'NONE', 'WORKASPACE' ) );
#76 =( NAMED_UNIT ( * ) SI_UNIT ( $, .STERADIAN. ) SOLID_ANGLE_UNIT ( ) );
#77 = FILL_AREA_STYLE_COLOUR ( '', #1689 ) ;
#78 = CARTESIAN_POINT ( 'NONE',  ( 146.0993887530562745, -21.68202933985330461, -2.191083863469308847E-14 ) ) ;
#79 = CARTESIAN_POINT ( 'NONE',  ( 65.94938875305625459, -10.68202933985330461, -31.99999999999999289 ) ) ;
#80 = MECHANICAL_DESIGN_GEOMETRIC_PRESENTATION_REPRESENTATION (  '', ( #986 ), #3159 ) ;
#81 = SURFACE_SIDE_STYLE ('',( #3646 ) ) ;
#82 = PLANE ( 'NONE',  #3793 ) ;
#83 = ORIENTED_EDGE ( 'NONE', *, *, #89, .T. ) ;
#84 =( NAMED_UNIT ( * ) PLANE_ANGLE_UNIT ( ) SI_UNIT ( $, .RADIAN. ) );
#85 = MECHANICAL_DESIGN_GEOMETRIC_PRESENTATION_REPRESENTATION (  '', ( #3580 ), #262 ) ;
#86 = DIRECTION ( 'NONE',  ( 0.000000000000000000, 1.000000000000000000, 0.000000000000000000 ) ) ;
#87 = DIRECTION ( 'NONE',  ( 0.000000000000000000, -1.000000000000000000, 0.000000000000000000 ) ) ;
#88 = LINE ( 'NONE', #1201, #1297 ) ;
#89 = EDGE_CURVE ( 'NONE', #2803, #4825, #1393, .T. ) ;
#90 = VERTEX_POINT ( 'NONE', #3047 ) ;
#91 = SURFACE_STYLE_FILL_AREA ( #3218 ) ;
#92 = STYLED_ITEM ( 'NONE', ( #1964 ), #3755 ) ;
#93 = CARTESIAN_POINT ( 'NONE',  ( 70.94938875305625459, -10.68202933985330461, -24.99999999999999289 ) ) ;
#94 = CARTESIAN_POINT ( 'NONE',  ( 144.3993887530562574, -16.33202933985330318, 71.35000000000002274 ) ) ;
#95 = CARTESIAN_POINT ( 'NONE',  ( 144.3993887530562574, -16.33202933985330318, 71.35000000000002274 ) ) ;
#96 = EDGE_LOOP ( 'NONE', ( #4523, #4449, #4666, #1434 ) ) ;
#97 = EDGE_CURVE ( 'NONE', #336, #4756, #4322, .T. ) ;
#98 = EDGE_LOOP ( 'NONE', ( #3429, #488, #2339, #1387, #2068, #2257, #3108, #3371 ) ) ;
#99 = FILL_AREA_STYLE_COLOUR ( '', #2895 ) ;
#100 = SURFACE_SIDE_STYLE ('',( #4939 ) ) ;
#101 = UNCERTAINTY_MEASURE_WITH_UNIT (LENGTH_MEASURE( 1.000000000000000082E-05 ), #4370, 'distance_accuracy_value', 'NONE');
#102 = CARTESIAN_POINT ( 'NONE',  ( -91.70061124694372268, -12.68202933985330461, 69.85000000000002274 ) ) ;
#103 = FILL_AREA_STYLE ('',( #494 ) ) ;
#104 = EDGE_CURVE ( 'NONE', #3605, #336, #1382, .T. ) ;
#105 = DIRECTION ( 'NONE',  ( 0.000000000000000000, 0.000000000000000000, 1.000000000000000000 ) ) ;
#106 = SURFACE_STYLE_FILL_AREA ( #3308 ) ;
#107 = ORIENTED_EDGE ( 'NONE', *, *, #2585, .F. ) ;
#108 = PRODUCT_RELATED_PRODUCT_CATEGORY ( 'part', '', ( #1638 ) ) ;
#109 = FACE_OUTER_BOUND ( 'NONE', #2285, .T. ) ;
#110 =( GEOMETRIC_REPRESENTATION_CONTEXT ( 3 ) GLOBAL_UNCERTAINTY_ASSIGNED_CONTEXT ( ( #1912 ) ) GLOBAL_UNIT_ASSIGNED_CONTEXT ( ( #1143, #3546, #321 ) ) REPRESENTATION_CONTEXT ( 'NONE', 'WORKASPACE' ) );
#111 = SURFACE_SIDE_STYLE ('',( #623 ) ) ;
#112 = CARTESIAN_POINT ( 'NONE',  ( 141.2993887530562915, -21.18202933985330461, -69.84999999999999432 ) ) ;
#113 = VECTOR ( 'NONE', #160, 1000.000000000000000 ) ;
#114 = VERTEX_POINT ( 'NONE', #3383 ) ;
#115 = CARTESIAN_POINT ( 'NONE',  ( -11.05061124694373831, -12.68202933985330993, -27.99999999999999289 ) ) ;
#116 = DIRECTION ( 'NONE',  ( 0.000000000000000000, -0.000000000000000000, -1.000000000000000000 ) ) ;
#117 = FILL_AREA_STYLE_COLOUR ( '', #3895 ) ;
#118 = VECTOR ( 'NONE', #3409, 1000.000000000000000 ) ;
#119 = DIRECTION ( 'NONE',  ( -0.000000000000000000, 1.000000000000000000, -0.000000000000000000 ) ) ;
#120 = VERTEX_POINT ( 'NONE', #4653 ) ;
#121 = AXIS2_PLACEMENT_3D ( 'NONE', #1972, #872, #2481 ) ;
#122 = EDGE_LOOP ( 'NONE', ( #4927, #1051, #49, #2047 ) ) ;
#123 = TOROIDAL_SURFACE ( 'NONE', #614, 3.299999999999999822, 2.000000000000000000 ) ;
#124 = ORIENTED_EDGE ( 'NONE', *, *, #2010, .F. ) ;
#125 = MECHANICAL_DESIGN_GEOMETRIC_PRESENTATION_REPRESENTATION (  '', ( #2944 ), #3610 ) ;
#126 = CARTESIAN_POINT ( 'NONE',  ( 68.94938875305625459, -21.68202933985329750, -9.250000000000019540 ) ) ;
#127 = DIRECTION ( 'NONE',  ( 0.000000000000000000, 0.000000000000000000, -1.000000000000000000 ) ) ;
#128 = EDGE_CURVE ( 'NONE', #1631, #573, #645, .T. ) ;
#129 = CIRCLE ( 'NONE', #943, 2.000000000000001776 ) ;
#130 = CARTESIAN_POINT ( 'NONE',  ( 67.44938875305626880, -21.68202933985330461, -21.49999999999996447 ) ) ;
#131 = VECTOR ( 'NONE', #1431, 1000.000000000000000 ) ;
#132 = STYLED_ITEM ( 'NONE', ( #1575 ), #5016 ) ;
#133 = CARTESIAN_POINT ( 'NONE',  ( 68.94938875305625459, -12.68202933985330993, 25.00000000000000000 ) ) ;
#134 = EDGE_CURVE ( 'NONE', #808, #4475, #162, .T. ) ;
#135 = VECTOR ( 'NONE', #2933, 1000.000000000000000 ) ;
#136 = AXIS2_PLACEMENT_3D ( 'NONE', #1747, #3763, #4215 ) ;
#137 = PRESENTATION_STYLE_ASSIGNMENT (( #923 ) ) ;
#138 = ORIENTED_EDGE ( 'NONE', *, *, #4824, .T. ) ;
#139 = PRESENTATION_LAYER_ASSIGNMENT (  '', '', ( #4733 ) ) ;
#140 = VECTOR ( 'NONE', #3808, 1000.000000000000000 ) ;
#141 = PRESENTATION_STYLE_ASSIGNMENT (( #4129 ) ) ;
#142 = ORIENTED_EDGE ( 'NONE', *, *, #975, .T. ) ;
#143 = DIRECTION ( 'NONE',  ( 1.000000000000000000, -0.000000000000000000, -1.387778780781445922E-16 ) ) ;
#144 = COLOUR_RGB ( '',1.000000000000000000, 1.000000000000000000, 1.000000000000000000 ) ;
#145 = FILL_AREA_STYLE ('',( #1311 ) ) ;
#146 = DIRECTION ( 'NONE',  ( 0.000000000000000000, -1.000000000000000000, 0.000000000000000000 ) ) ;
#147 = UNCERTAINTY_MEASURE_WITH_UNIT (LENGTH_MEASURE( 1.000000000000000082E-05 ), #4487, 'distance_accuracy_value', 'NONE');
#148 = VECTOR ( 'NONE', #4964, 1000.000000000000000 ) ;
#149 = ORIENTED_EDGE ( 'NONE', *, *, #1207, .F. ) ;
#150 = DIRECTION ( 'NONE',  ( -0.000000000000000000, 1.000000000000000000, -0.000000000000000000 ) ) ;
#151 = CARTESIAN_POINT ( 'NONE',  ( -7.550611246943686794, -21.68202933985330461, 26.50000000000000000 ) ) ;
#152 = DIRECTION ( 'NONE',  ( 0.000000000000000000, 1.000000000000000000, 0.000000000000000000 ) ) ;
#153 = PRESENTATION_STYLE_ASSIGNMENT (( #513 ) ) ;
#154 = ORIENTED_EDGE ( 'NONE', *, *, #2177, .F. ) ;
#155 = EDGE_LOOP ( 'NONE', ( #2917, #3918, #1333, #549 ) ) ;
#156 = SURFACE_STYLE_USAGE ( .BOTH. , #1240 ) ;
#157 = LINE ( 'NONE', #3607, #909 ) ;
#158 = FILL_AREA_STYLE_COLOUR ( '', #4212 ) ;
#159 = SURFACE_STYLE_FILL_AREA ( #1447 ) ;
#160 = DIRECTION ( 'NONE',  ( 0.000000000000000000, -1.000000000000000000, 0.000000000000000000 ) ) ;
#161 = EDGE_CURVE ( 'NONE', #1159, #1206, #4182, .T. ) ;
#162 = LINE ( 'NONE', #1742, #4994 ) ;
#163 = FILL_AREA_STYLE ('',( #77 ) ) ;
#164 = SURFACE_SIDE_STYLE ('',( #106 ) ) ;
#165 = MECHANICAL_DESIGN_GEOMETRIC_PRESENTATION_REPRESENTATION (  '', ( #417 ), #1068 ) ;
#166 = LINE ( 'NONE', #2615, #5136 ) ;
#167 = EDGE_CURVE ( 'NONE', #4695, #5163, #3699, .T. ) ;
#168 = AXIS2_PLACEMENT_3D ( 'NONE', #3060, #4685, #329 ) ;
#169 =( NAMED_UNIT ( * ) SI_UNIT ( $, .STERADIAN. ) SOLID_ANGLE_UNIT ( ) );
#170 = EDGE_CURVE ( 'NONE', #4064, #793, #2722, .T. ) ;
#171 = VECTOR ( 'NONE', #4050, 1000.000000000000000 ) ;
#172 = ORIENTED_EDGE ( 'NONE', *, *, #195, .T. ) ;
#173 = SURFACE_SIDE_STYLE ('',( #964 ) ) ;
#174 = FILL_AREA_STYLE ('',( #640 ) ) ;
#175 = DIRECTION ( 'NONE',  ( -1.000000000000000000, 0.000000000000000000, 0.000000000000000000 ) ) ;
#176 = AXIS2_PLACEMENT_3D ( 'NONE', #544, #4545, #2509 ) ;
#177 = CARTESIAN_POINT ( 'NONE',  ( 144.3993887530562574, -16.33202933985330318, 71.35000000000002274 ) ) ;
#178 = DIRECTION ( 'NONE',  ( -1.000000000000000000, -0.000000000000000000, -0.000000000000000000 ) ) ;
#179 = ORIENTED_EDGE ( 'NONE', *, *, #928, .F. ) ;
#180 = EDGE_LOOP ( 'NONE', ( #816, #3322, #2495, #239 ) ) ;
#181 = PRESENTATION_LAYER_ASSIGNMENT (  '', '', ( #2913 ) ) ;
#182 =( NAMED_UNIT ( * ) SI_UNIT ( $, .STERADIAN. ) SOLID_ANGLE_UNIT ( ) );
#183 = CARTESIAN_POINT ( 'NONE',  ( -7.550611246943700117, -12.68202933985330461, -26.50000000000000000 ) ) ;
#184 = CARTESIAN_POINT ( 'NONE',  ( 144.5993887530563029, -12.68202933985330461, 69.85000000000002274 ) ) ;
#185 = DIRECTION ( 'NONE',  ( 0.000000000000000000, 0.000000000000000000, 1.000000000000000000 ) ) ;
#186 = SURFACE_SIDE_STYLE ('',( #4840 ) ) ;
#187 = DIRECTION ( 'NONE',  ( 0.000000000000000000, 0.000000000000000000, -1.000000000000000000 ) ) ;
#188 = LINE ( 'NONE', #650, #495 ) ;
#189 = STYLED_ITEM ( 'NONE', ( #1643 ), #1639 ) ;
#190 = DIRECTION ( 'NONE',  ( 1.000000000000000000, 0.000000000000000000, 0.000000000000000000 ) ) ;
#191 = DIRECTION ( 'NONE',  ( 0.000000000000000000, 0.000000000000000000, 1.000000000000000000 ) ) ;
#192 = EDGE_CURVE ( 'NONE', #3695, #1646, #2617, .T. ) ;
#193 = VERTEX_POINT ( 'NONE', #3394 ) ;
#194 = ORIENTED_EDGE ( 'NONE', *, *, #70, .T. ) ;
#195 = EDGE_CURVE ( 'NONE', #4475, #361, #1221, .T. ) ;
#196 =( NAMED_UNIT ( * ) PLANE_ANGLE_UNIT ( ) SI_UNIT ( $, .RADIAN. ) );
#197 = FACE_OUTER_BOUND ( 'NONE', #287, .T. ) ;
#198 =( NAMED_UNIT ( * ) PLANE_ANGLE_UNIT ( ) SI_UNIT ( $, .RADIAN. ) );
#199 = LINE ( 'NONE', #2227, #4812 ) ;
#200 = DIRECTION ( 'NONE',  ( -0.000000000000000000, -1.000000000000000000, -0.000000000000000000 ) ) ;
#201 = ADVANCED_FACE ( 'NONE', ( #109 ), #2351, .T. ) ;
#202 =( LENGTH_UNIT ( ) NAMED_UNIT ( * ) SI_UNIT ( .MILLI., .METRE. ) );
#203 = SURFACE_STYLE_USAGE ( .BOTH. , #3854 ) ;
#204 = ORIENTED_EDGE ( 'NONE', *, *, #3906, .T. ) ;
#205 = ORIENTED_EDGE ( 'NONE', *, *, #4435, .T. ) ;
#206 = ORIENTED_EDGE ( 'NONE', *, *, #883, .F. ) ;
#207 =( LENGTH_UNIT ( ) NAMED_UNIT ( * ) SI_UNIT ( .MILLI., .METRE. ) );
#208 = SURFACE_SIDE_STYLE ('',( #3771 ) ) ;
#209 = PRODUCT_DEFINITION ( '未知', '', #2871, #450 ) ;
#210 = SURFACE_SIDE_STYLE ('',( #2582 ) ) ;
#211 = STYLED_ITEM ( 'NONE', ( #4854 ), #1361 ) ;
#212 = ORIENTED_EDGE ( 'NONE', *, *, #4379, .T. ) ;
#213 =( NAMED_UNIT ( * ) SI_UNIT ( $, .STERADIAN. ) SOLID_ANGLE_UNIT ( ) );
#214 = CARTESIAN_POINT ( 'NONE',  ( -7.550611246943700117, -13.83202933985330318, -26.49999999999999645 ) ) ;
#215 = COLOUR_RGB ( '',1.000000000000000000, 1.000000000000000000, 1.000000000000000000 ) ;
#216 = VECTOR ( 'NONE', #2539, 1000.000000000000000 ) ;
#217 = FILL_AREA_STYLE_COLOUR ( '', #3191 ) ;
#218 = AXIS2_PLACEMENT_3D ( 'NONE', #3200, #2320, #4808 ) ;
#219 = EDGE_LOOP ( 'NONE', ( #3291, #3561, #3118, #3964 ) ) ;
#220 = SURFACE_STYLE_USAGE ( .BOTH. , #3782 ) ;
#221 = EDGE_LOOP ( 'NONE', ( #459, #1178, #1052, #4750 ) ) ;
#222 = STYLED_ITEM ( 'NONE', ( #4126 ), #2764 ) ;
#223 =( GEOMETRIC_REPRESENTATION_CONTEXT ( 3 ) GLOBAL_UNCERTAINTY_ASSIGNED_CONTEXT ( ( #865 ) ) GLOBAL_UNIT_ASSIGNED_CONTEXT ( ( #2838, #4415, #3617 ) ) REPRESENTATION_CONTEXT ( 'NONE', 'WORKASPACE' ) );
#224 = DIRECTION ( 'NONE',  ( 0.000000000000000000, 0.000000000000000000, -1.000000000000000000 ) ) ;
#225 = LINE ( 'NONE', #2186, #4547 ) ;
#226 = DIRECTION ( 'NONE',  ( -0.000000000000000000, 1.000000000000000000, -0.000000000000000000 ) ) ;
#227 = VECTOR ( 'NONE', #715, 1000.000000000000000 ) ;
#228 = ADVANCED_FACE ( 'NONE', ( #2790 ), #2818, .T. ) ;
#229 = VECTOR ( 'NONE', #438, 1000.000000000000000 ) ;
#230 = DIRECTION ( 'NONE',  ( 0.000000000000000000, 0.000000000000000000, -1.000000000000000000 ) ) ;
#231 = AXIS2_PLACEMENT_3D ( 'NONE', #2342, #3939, #1137 ) ;
#232 = FACE_OUTER_BOUND ( 'NONE', #2655, .T. ) ;
#233 = CYLINDRICAL_SURFACE ( 'NONE', #3815, 1.000000000000000888 ) ;
#234 = CARTESIAN_POINT ( 'NONE',  ( -86.40061124694372552, -14.68202933985330461, -69.84999999999999432 ) ) ;
#235 = VERTEX_POINT ( 'NONE', #2044 ) ;
#236 = VERTEX_POINT ( 'NONE', #3179 ) ;
#237 = EDGE_CURVE ( 'NONE', #3679, #789, #2015, .T. ) ;
#238 = ORIENTED_EDGE ( 'NONE', *, *, #3994, .F. ) ;
#239 = ORIENTED_EDGE ( 'NONE', *, *, #3727, .T. ) ;
#240 = FILL_AREA_STYLE ('',( #4998 ) ) ;
#241 = LINE ( 'NONE', #613, #3110 ) ;
#242 = CARTESIAN_POINT ( 'NONE',  ( 65.94938875305625459, -7.682029339853305494, -28.99999999999998934 ) ) ;
#243 = DIRECTION ( 'NONE',  ( -0.000000000000000000, -1.000000000000000000, -0.000000000000000000 ) ) ;
#244 = CARTESIAN_POINT ( 'NONE',  ( 146.5993887530562745, -12.68202933985330461, -75.14999999999999147 ) ) ;
#245 = LINE ( 'NONE', #3464, #1780 ) ;
#246 = LINE ( 'NONE', #1113, #3038 ) ;
#247 = EDGE_LOOP ( 'NONE', ( #149, #1016, #4361, #935 ) ) ;
#248 = CARTESIAN_POINT ( 'NONE',  ( 144.3993887530562574, -14.33202933985330318, 71.35000000000002274 ) ) ;
#249 = ORIENTED_EDGE ( 'NONE', *, *, #2994, .T. ) ;
#250 = PRESENTATION_LAYER_ASSIGNMENT (  '', '', ( #734 ) ) ;
#251 = CARTESIAN_POINT ( 'NONE',  ( -14.05061124694373476, -7.682029339853305494, -24.99999999999999289 ) ) ;
#252 = SURFACE_SIDE_STYLE ('',( #5027 ) ) ;
#253 = COLOUR_RGB ( '',1.000000000000000000, 1.000000000000000000, 1.000000000000000000 ) ;
#254 = DIRECTION ( 'NONE',  ( -1.000000000000000000, 0.000000000000000000, 0.000000000000000000 ) ) ;
#255 = SURFACE_STYLE_FILL_AREA ( #2356 ) ;
#256 = DIRECTION ( 'NONE',  ( 0.000000000000000000, 0.000000000000000000, 1.000000000000000000 ) ) ;
#257 = CARTESIAN_POINT ( 'NONE',  ( 144.3993887530562859, -16.33202933985330318, -71.34999999999999432 ) ) ;
#258 = EDGE_CURVE ( 'NONE', #2245, #3156, #4385, .T. ) ;
#259 = ORIENTED_EDGE ( 'NONE', *, *, #2614, .F. ) ;
#260 = ORIENTED_EDGE ( 'NONE', *, *, #598, .T. ) ;
#261 = CARTESIAN_POINT ( 'NONE',  ( -86.40061124694372552, -12.68202933985330461, -73.14999999999999147 ) ) ;
#262 =( GEOMETRIC_REPRESENTATION_CONTEXT ( 3 ) GLOBAL_UNCERTAINTY_ASSIGNED_CONTEXT ( ( #592 ) ) GLOBAL_UNIT_ASSIGNED_CONTEXT ( ( #2220, #5026, #801 ) ) REPRESENTATION_CONTEXT ( 'NONE', 'WORKASPACE' ) );
#263 =( NAMED_UNIT ( * ) SI_UNIT ( $, .STERADIAN. ) SOLID_ANGLE_UNIT ( ) );
#264 = CARTESIAN_POINT ( 'NONE',  ( -11.05061124694373831, -10.68202933985330461, -29.99999999999999289 ) ) ;
#265 = FILL_AREA_STYLE ('',( #1425 ) ) ;
#266 = EDGE_CURVE ( 'NONE', #2079, #4936, #2387, .T. ) ;
#267 = AXIS2_PLACEMENT_3D ( 'NONE', #1758, #1330, #190 ) ;
#268 = CARTESIAN_POINT ( 'NONE',  ( -11.05061124694373831, -7.682029339853305494, -24.99999999999999289 ) ) ;
#269 = LINE ( 'NONE', #948, #896 ) ;
#270 = SURFACE_SIDE_STYLE ('',( #3841 ) ) ;
#271 = MECHANICAL_DESIGN_GEOMETRIC_PRESENTATION_REPRESENTATION (  '', ( #2913 ), #3169 ) ;
#272 = CARTESIAN_POINT ( 'NONE',  ( 141.2993887530562915, -12.68202933985330461, -69.84999999999999432 ) ) ;
#273 = EDGE_CURVE ( 'NONE', #1058, #1923, #3888, .T. ) ;
#274 = CARTESIAN_POINT ( 'NONE',  ( 70.94938875305625459, -8.682029339853306382, 25.00000000000000000 ) ) ;
#275 =( NAMED_UNIT ( * ) PLANE_ANGLE_UNIT ( ) SI_UNIT ( $, .RADIAN. ) );
#276 = LINE ( 'NONE', #2645, #1580 ) ;
#277 = CARTESIAN_POINT ( 'NONE',  ( -86.40061124694371131, -12.68202933985330461, 69.85000000000002274 ) ) ;
#278 = DIRECTION ( 'NONE',  ( 1.000000000000000000, 0.000000000000000000, -6.938893903907222067E-15 ) ) ;
#279 = FILL_AREA_STYLE_COLOUR ( '', #397 ) ;
#280 = DIRECTION ( 'NONE',  ( 0.000000000000000000, 0.000000000000000000, 1.000000000000000000 ) ) ;
#281 = FACE_OUTER_BOUND ( 'NONE', #1440, .T. ) ;
#282 = EDGE_LOOP ( 'NONE', ( #2698, #4378, #3757, #3088 ) ) ;
#283 = EDGE_LOOP ( 'NONE', ( #3802, #1399, #647, #681 ) ) ;
#284 = ORIENTED_EDGE ( 'NONE', *, *, #2549, .F. ) ;
#285 = FACE_OUTER_BOUND ( 'NONE', #2390, .T. ) ;
#286 = SURFACE_STYLE_FILL_AREA ( #2263 ) ;
#287 = EDGE_LOOP ( 'NONE', ( #4918, #2003, #756, #3531 ) ) ;
#288 = VECTOR ( 'NONE', #2427, 1000.000000000000000 ) ;
#289 = DIRECTION ( 'NONE',  ( 0.000000000000000000, -0.000000000000000000, -1.000000000000000000 ) ) ;
#290 = EDGE_CURVE ( 'NONE', #193, #5066, #1377, .T. ) ;
#291 = PLANE ( 'NONE',  #1117 ) ;
#292 = DIRECTION ( 'NONE',  ( 0.000000000000000000, 0.000000000000000000, -1.000000000000000000 ) ) ;
#293 = STYLED_ITEM ( 'NONE', ( #2172 ), #1238 ) ;
#294 = FILL_AREA_STYLE ('',( #1914 ) ) ;
#295 = PRESENTATION_STYLE_ASSIGNMENT (( #4294 ) ) ;
#296 = EDGE_CURVE ( 'NONE', #5168, #3143, #3548, .T. ) ;
#297 = PRESENTATION_STYLE_ASSIGNMENT (( #676 ) ) ;
#298 = COLOUR_RGB ( '',1.000000000000000000, 1.000000000000000000, 1.000000000000000000 ) ;
#299 = VERTEX_POINT ( 'NONE', #775 ) ;
#300 = CIRCLE ( 'NONE', #3880, 4.799999999999998934 ) ;
#301 = AXIS2_PLACEMENT_3D ( 'NONE', #1341, #3789, #2131 ) ;
#302 = DIRECTION ( 'NONE',  ( 0.000000000000000000, 1.000000000000000000, 0.000000000000000000 ) ) ;
#303 = MECHANICAL_DESIGN_GEOMETRIC_PRESENTATION_REPRESENTATION (  '', ( #4459 ), #2206 ) ;
#304 = DIRECTION ( 'NONE',  ( -1.000000000000000000, 0.000000000000000000, 0.000000000000000000 ) ) ;
#305 =( LENGTH_UNIT ( ) NAMED_UNIT ( * ) SI_UNIT ( .MILLI., .METRE. ) );
#306 = MECHANICAL_DESIGN_GEOMETRIC_PRESENTATION_REPRESENTATION (  '', ( #3619 ), #3461 ) ;
#307 = DIRECTION ( 'NONE',  ( 0.000000000000000000, 0.000000000000000000, 1.000000000000000000 ) ) ;
#308 =( LENGTH_UNIT ( ) NAMED_UNIT ( * ) SI_UNIT ( .MILLI., .METRE. ) );
#309 = LINE ( 'NONE', #4714, #3901 ) ;
#310 = STYLED_ITEM ( 'NONE', ( #3709 ), #5122 ) ;
#311 = CARTESIAN_POINT ( 'NONE',  ( -14.05061124694373476, -112.8069513123572278, 25.00000000000000000 ) ) ;
#312 = VERTEX_POINT ( 'NONE', #3975 ) ;
#313 = COLOUR_RGB ( '',1.000000000000000000, 1.000000000000000000, 1.000000000000000000 ) ;
#314 = ORIENTED_EDGE ( 'NONE', *, *, #4348, .T. ) ;
#315 =( NAMED_UNIT ( * ) PLANE_ANGLE_UNIT ( ) SI_UNIT ( $, .RADIAN. ) );
#316 = STYLED_ITEM ( 'NONE', ( #2412 ), #2705 ) ;
#317 = PRESENTATION_STYLE_ASSIGNMENT (( #4672 ) ) ;
#318 = MECHANICAL_DESIGN_GEOMETRIC_PRESENTATION_REPRESENTATION (  '', ( #3468 ), #2127 ) ;
#319 = UNCERTAINTY_MEASURE_WITH_UNIT (LENGTH_MEASURE( 1.000000000000000082E-05 ), #4478, 'distance_accuracy_value', 'NONE');
#320 = CARTESIAN_POINT ( 'NONE',  ( -12.55061124694373298, -13.83202933985330318, -21.49999999999996447 ) ) ;
#321 =( NAMED_UNIT ( * ) SI_UNIT ( $, .STERADIAN. ) SOLID_ANGLE_UNIT ( ) );
#322 = CARTESIAN_POINT ( 'NONE',  ( 27.44938875305626169, -14.33202933985330318, -69.34999999999999432 ) ) ;
#323 = EDGE_CURVE ( 'NONE', #764, #4127, #2302, .T. ) ;
#324 = SURFACE_STYLE_USAGE ( .BOTH. , #3897 ) ;
#325 = CARTESIAN_POINT ( 'NONE',  ( -85.40061124694372552, -21.68202933985330461, -74.14999999999999147 ) ) ;
#326 = ORIENTED_EDGE ( 'NONE', *, *, #2025, .F. ) ;
#327 = FILL_AREA_STYLE ('',( #1839 ) ) ;
#328 = ADVANCED_FACE ( 'NONE', ( #4727 ), #2366, .F. ) ;
#329 = DIRECTION ( 'NONE',  ( 0.000000000000000000, 0.000000000000000000, 1.000000000000000000 ) ) ;
#330 = DIRECTION ( 'NONE',  ( 1.000000000000000000, 0.000000000000000000, -1.387778780781445922E-16 ) ) ;
#331 = COLOUR_RGB ( '',1.000000000000000000, 1.000000000000000000, 1.000000000000000000 ) ;
#332 = CARTESIAN_POINT ( 'NONE',  ( 142.3993887530562859, -14.33202933985330318, -69.34999999999999432 ) ) ;
#333 = EDGE_CURVE ( 'NONE', #862, #4995, #4975, .T. ) ;
#334 = FACE_OUTER_BOUND ( 'NONE', #1561, .T. ) ;
#335 = VERTEX_POINT ( 'NONE', #2976 ) ;
#336 = VERTEX_POINT ( 'NONE', #1144 ) ;
#337 = ORIENTED_EDGE ( 'NONE', *, *, #1197, .F. ) ;
#338 =( LENGTH_UNIT ( ) NAMED_UNIT ( * ) SI_UNIT ( .MILLI., .METRE. ) );
#339 = DIRECTION ( 'NONE',  ( 0.000000000000000000, 0.000000000000000000, 1.000000000000000000 ) ) ;
#340 = AXIS2_PLACEMENT_3D ( 'NONE', #380, #1640, #3208 ) ;
#341 = CARTESIAN_POINT ( 'NONE',  ( -84.90061124694369710, -14.33202933985330318, -71.34999999999999432 ) ) ;
#342 = ORIENTED_EDGE ( 'NONE', *, *, #3578, .T. ) ;
#343 = COLOUR_RGB ( '',1.000000000000000000, 1.000000000000000000, 1.000000000000000000 ) ;
#344 = CARTESIAN_POINT ( 'NONE',  ( -11.05061124694373831, -7.682029339853305494, -29.99999999999999289 ) ) ;
#345 = SURFACE_STYLE_FILL_AREA ( #1161 ) ;
#346 = DIRECTION ( 'NONE',  ( 3.227392513445228234E-16, 0.000000000000000000, 1.000000000000000000 ) ) ;
#347 = SURFACE_STYLE_FILL_AREA ( #3176 ) ;
#348 = MECHANICAL_DESIGN_GEOMETRIC_PRESENTATION_REPRESENTATION (  '', ( #2594 ), #1662 ) ;
#349 = SURFACE_STYLE_USAGE ( .BOTH. , #1637 ) ;
#350 = AXIS2_PLACEMENT_3D ( 'NONE', #2038, #4066, #74 ) ;
#351 =( NAMED_UNIT ( * ) PLANE_ANGLE_UNIT ( ) SI_UNIT ( $, .RADIAN. ) );
#352 =( GEOMETRIC_REPRESENTATION_CONTEXT ( 3 ) GLOBAL_UNCERTAINTY_ASSIGNED_CONTEXT ( ( #1846 ) ) GLOBAL_UNIT_ASSIGNED_CONTEXT ( ( #3090, #2727, #3533 ) ) REPRESENTATION_CONTEXT ( 'NONE', 'WORKASPACE' ) );
#353 = FACE_OUTER_BOUND ( 'NONE', #155, .T. ) ;
#354 = ADVANCED_FACE ( 'NONE', ( #3987 ), #2203, .F. ) ;
#355 = DIRECTION ( 'NONE',  ( 0.000000000000000000, -1.000000000000000000, -7.542275982507859119E-16 ) ) ;
#356 = CARTESIAN_POINT ( 'NONE',  ( 143.5709616283100729, -14.33202933985331207, -70.52157287525382401 ) ) ;
#357 = CARTESIAN_POINT ( 'NONE',  ( -82.90061124694371131, -16.33202933985330318, -1.073170206441713045E-14 ) ) ;
#358 = ORIENTED_EDGE ( 'NONE', *, *, #4257, .T. ) ;
#359 = UNCERTAINTY_MEASURE_WITH_UNIT (LENGTH_MEASURE( 1.000000000000000082E-05 ), #1115, 'distance_accuracy_value', 'NONE');
#360 = VERTEX_POINT ( 'NONE', #264 ) ;
#361 = VERTEX_POINT ( 'NONE', #974 ) ;
#362 = VERTEX_POINT ( 'NONE', #2171 ) ;
#363 =( NAMED_UNIT ( * ) PLANE_ANGLE_UNIT ( ) SI_UNIT ( $, .RADIAN. ) );
#364 = CARTESIAN_POINT ( 'NONE',  ( 27.44938875305626169, -12.68202933985330461, 0.000000000000000000 ) ) ;
#365 = FILL_AREA_STYLE_COLOUR ( '', #4444 ) ;
#366 = FILL_AREA_STYLE ('',( #1981 ) ) ;
#367 = ORIENTED_EDGE ( 'NONE', *, *, #4152, .F. ) ;
#368 = LINE ( 'NONE', #344, #982 ) ;
#369 = DIRECTION ( 'NONE',  ( 9.233391755032904050E-17, -0.000000000000000000, 1.000000000000000000 ) ) ;
#370 = UNCERTAINTY_MEASURE_WITH_UNIT (LENGTH_MEASURE( 1.000000000000000082E-05 ), #4940, 'distance_accuracy_value', 'NONE');
#371 = FILL_AREA_STYLE ('',( #4341 ) ) ;
#372 = PLANE ( 'NONE',  #1357 ) ;
#373 = CARTESIAN_POINT ( 'NONE',  ( -12.05061124694373120, -21.68202933985330461, 0.000000000000000000 ) ) ;
#374 = AXIS2_PLACEMENT_3D ( 'NONE', #1481, #4286, #3916 ) ;
#375 = VERTEX_POINT ( 'NONE', #1829 ) ;
#376 = TOROIDAL_SURFACE ( 'NONE', #3442, 7.000000000000002665, 2.000000000000000000 ) ;
#377 = SURFACE_STYLE_USAGE ( .BOTH. , #2328 ) ;
#378 = AXIS2_PLACEMENT_3D ( 'NONE', #3005, #2548, #4989 ) ;
#379 = VECTOR ( 'NONE', #4682, 1000.000000000000000 ) ;
#380 = CARTESIAN_POINT ( 'NONE',  ( 144.5993887530563029, -14.68202933985330461, 69.85000000000002274 ) ) ;
#381 = AXIS2_PLACEMENT_3D ( 'NONE', #3268, #3720, #3643 ) ;
#382 =( NAMED_UNIT ( * ) PLANE_ANGLE_UNIT ( ) SI_UNIT ( $, .RADIAN. ) );
#383 = VECTOR ( 'NONE', #548, 1000.000000000000000 ) ;
#384 = SURFACE_SIDE_STYLE ('',( #4690 ) ) ;
#385 = CARTESIAN_POINT ( 'NONE',  ( -12.05061124694373120, -9.682029339853301053, -15.29999999999999716 ) ) ;
#386 = ORIENTED_EDGE ( 'NONE', *, *, #4316, .T. ) ;
#387 = EDGE_CURVE ( 'NONE', #1999, #2140, #1731, .T. ) ;
#388 = TOROIDAL_SURFACE ( 'NONE', #4637, 6.999999999999999112, 2.000000000000000000 ) ;
#389 = VERTEX_POINT ( 'NONE', #4168 ) ;
#390 = CARTESIAN_POINT ( 'NONE',  ( -91.70061124694372268, -12.68202933985330461, 75.15000000000001990 ) ) ;
#391 =( LENGTH_UNIT ( ) NAMED_UNIT ( * ) SI_UNIT ( .MILLI., .METRE. ) );
#392 = CARTESIAN_POINT ( 'NONE',  ( 141.2993887530563200, -14.68202933985330461, 75.15000000000001990 ) ) ;
#393 =( GEOMETRIC_REPRESENTATION_CONTEXT ( 3 ) GLOBAL_UNCERTAINTY_ASSIGNED_CONTEXT ( ( #3731 ) ) GLOBAL_UNIT_ASSIGNED_CONTEXT ( ( #3938, #910, #2520 ) ) REPRESENTATION_CONTEXT ( 'NONE', 'WORKASPACE' ) );
#394 = CARTESIAN_POINT ( 'NONE',  ( 27.44938875305626169, -21.68202933985330461, -74.64999999999999147 ) ) ;
#395 = EDGE_CURVE ( 'NONE', #3265, #862, #3207, .T. ) ;
#396 = VERTEX_POINT ( 'NONE', #184 ) ;
#397 = COLOUR_RGB ( '',1.000000000000000000, 1.000000000000000000, 1.000000000000000000 ) ;
#398 = DIRECTION ( 'NONE',  ( 0.000000000000000000, 0.000000000000000000, -1.000000000000000000 ) ) ;
#399 = LINE ( 'NONE', #445, #1289 ) ;
#400 = STYLED_ITEM ( 'NONE', ( #1722 ), #665 ) ;
#401 = COLOUR_RGB ( '',1.000000000000000000, 1.000000000000000000, 1.000000000000000000 ) ;
#402 = SURFACE_SIDE_STYLE ('',( #1093 ) ) ;
#403 = EDGE_CURVE ( 'NONE', #5012, #3935, #3407, .T. ) ;
#404 = PRESENTATION_LAYER_ASSIGNMENT (  '', '', ( #4233 ) ) ;
#405 = PRESENTATION_LAYER_ASSIGNMENT (  '', '', ( #4638 ) ) ;
#406 = UNCERTAINTY_MEASURE_WITH_UNIT (LENGTH_MEASURE( 1.000000000000000082E-05 ), #3795, 'distance_accuracy_value', 'NONE');
#407 = DIRECTION ( 'NONE',  ( 0.000000000000000000, 0.000000000000000000, 1.000000000000000000 ) ) ;
#408 = DIRECTION ( 'NONE',  ( 0.000000000000000000, -0.000000000000000000, -1.000000000000000000 ) ) ;
#409 = FACE_OUTER_BOUND ( 'NONE', #4720, .T. ) ;
#410 = ORIENTED_EDGE ( 'NONE', *, *, #3638, .T. ) ;
#411 = CIRCLE ( 'NONE', #5085, 0.5000000000000004441 ) ;
#412 = ORIENTED_EDGE ( 'NONE', *, *, #3578, .F. ) ;
#413 = CARTESIAN_POINT ( 'NONE',  ( -11.05061124694373120, -7.682029339853305494, 30.00000000000000355 ) ) ;
#414 =( NAMED_UNIT ( * ) SI_UNIT ( $, .STERADIAN. ) SOLID_ANGLE_UNIT ( ) );
#415 = EDGE_CURVE ( 'NONE', #4190, #4796, #2988, .T. ) ;
#416 = CARTESIAN_POINT ( 'NONE',  ( -91.20061124694372268, -21.68202933985330461, 69.85000000000002274 ) ) ;
#417 = STYLED_ITEM ( 'NONE', ( #2584 ), #2918 ) ;
#418 = ORIENTED_EDGE ( 'NONE', *, *, #1501, .T. ) ;
#419 = EDGE_LOOP ( 'NONE', ( #3990, #2137, #2977, #507 ) ) ;
#420 = FILL_AREA_STYLE ('',( #1087 ) ) ;
#421 = FILL_AREA_STYLE_COLOUR ( '', #509 ) ;
#422 = MECHANICAL_DESIGN_GEOMETRIC_PRESENTATION_REPRESENTATION (  '', ( #2665 ), #1415 ) ;
#423 = UNCERTAINTY_MEASURE_WITH_UNIT (LENGTH_MEASURE( 1.000000000000000082E-05 ), #1096, 'distance_accuracy_value', 'NONE');
#424 = CARTESIAN_POINT ( 'NONE',  ( -84.07218412219752679, -14.33202933985330318, -70.52157287525379559 ) ) ;
#425 = ADVANCED_FACE ( 'NONE', ( #3432 ), #4116, .F. ) ;
#426 = CARTESIAN_POINT ( 'NONE',  ( 141.2993887530563200, -21.68202933985330461, 74.65000000000001990 ) ) ;
#427 = AXIS2_PLACEMENT_3D ( 'NONE', #3613, #823, #3203 ) ;
#428 = EDGE_CURVE ( 'NONE', #793, #2473, #2930, .T. ) ;
#429 = VECTOR ( 'NONE', #4200, 1000.000000000000000 ) ;
#430 = CARTESIAN_POINT ( 'NONE',  ( -12.05061124694373120, -21.68202933985330461, 0.000000000000000000 ) ) ;
#431 = SURFACE_STYLE_USAGE ( .BOTH. , #4389 ) ;
#432 = CARTESIAN_POINT ( 'NONE',  ( -16.05061124694373476, -7.682029339853305494, -24.99999999999999289 ) ) ;
#433 = VECTOR ( 'NONE', #1582, 1000.000000000000000 ) ;
#434 = VERTEX_POINT ( 'NONE', #2558 ) ;
#435 =( LENGTH_UNIT ( ) NAMED_UNIT ( * ) SI_UNIT ( .MILLI., .METRE. ) );
#436 = VECTOR ( 'NONE', #2110, 1000.000000000000000 ) ;
#437 = PRESENTATION_STYLE_ASSIGNMENT (( #4054 ) ) ;
#438 = DIRECTION ( 'NONE',  ( -0.000000000000000000, 0.000000000000000000, 1.000000000000000000 ) ) ;
#439 = ORIENTED_EDGE ( 'NONE', *, *, #4055, .T. ) ;
#440 = SURFACE_STYLE_FILL_AREA ( #2897 ) ;
#441 = PLANE ( 'NONE',  #1699 ) ;
#442 = SURFACE_STYLE_USAGE ( .BOTH. , #4013 ) ;
#443 = ORIENTED_EDGE ( 'NONE', *, *, #2740, .T. ) ;
#444 = CARTESIAN_POINT ( 'NONE',  ( -14.05061124694373476, -7.682029339853305494, -15.29999999999999716 ) ) ;
#445 = CARTESIAN_POINT ( 'NONE',  ( -12.05061124694373120, -21.68202933985330461, 15.29999999999999716 ) ) ;
#446 = CARTESIAN_POINT ( 'NONE',  ( -91.70161124694372745, -7.682029339853305494, -15.74999999999999645 ) ) ;
#447 = EDGE_CURVE ( 'NONE', #2314, #193, #566, .T. ) ;
#448 = FACE_OUTER_BOUND ( 'NONE', #3039, .T. ) ;
#449 = FILL_AREA_STYLE_COLOUR ( '', #1983 ) ;
#450 = PRODUCT_DEFINITION_CONTEXT ( 'detailed design', #2487, 'design' ) ;
#451 = CARTESIAN_POINT ( 'NONE',  ( -12.05061124694373120, -7.682029339853305494, 9.699999999999997513 ) ) ;
#452 = EDGE_CURVE ( 'NONE', #1530, #465, #1480, .T. ) ;
#453 = DIRECTION ( 'NONE',  ( 0.000000000000000000, 1.000000000000000000, 0.000000000000000000 ) ) ;
#454 =( NAMED_UNIT ( * ) PLANE_ANGLE_UNIT ( ) SI_UNIT ( $, .RADIAN. ) );
#455 = PRESENTATION_LAYER_ASSIGNMENT (  '', '', ( #2701 ) ) ;
#456 = CARTESIAN_POINT ( 'NONE',  ( -12.05061124694373120, -7.682029339853305494, 9.699999999999997513 ) ) ;
#457 = COLOUR_RGB ( '',1.000000000000000000, 1.000000000000000000, 1.000000000000000000 ) ;
#458 = PRESENTATION_LAYER_ASSIGNMENT (  '', '', ( #1449 ) ) ;
#459 = ORIENTED_EDGE ( 'NONE', *, *, #4742, .T. ) ;
#460 = STYLED_ITEM ( 'NONE', ( #525 ), #1763 ) ;
#461 = SURFACE_STYLE_USAGE ( .BOTH. , #2919 ) ;
#462 =( NAMED_UNIT ( * ) SI_UNIT ( $, .STERADIAN. ) SOLID_ANGLE_UNIT ( ) );
#463 = DIRECTION ( 'NONE',  ( 0.000000000000000000, -0.000000000000000000, 1.000000000000000000 ) ) ;
#464 = MECHANICAL_DESIGN_GEOMETRIC_PRESENTATION_REPRESENTATION (  '', ( #3366 ), #223 ) ;
#465 = VERTEX_POINT ( 'NONE', #392 ) ;
#466 = CARTESIAN_POINT ( 'NONE',  ( -91.70161124694372745, -7.682029339853305494, 15.75000000000002487 ) ) ;
#467 = UNCERTAINTY_MEASURE_WITH_UNIT (LENGTH_MEASURE( 1.000000000000000082E-05 ), #4956, 'distance_accuracy_value', 'NONE');
#468 =( LENGTH_UNIT ( ) NAMED_UNIT ( * ) SI_UNIT ( .MILLI., .METRE. ) );
#469 = DIRECTION ( 'NONE',  ( 1.000000000000000000, 0.000000000000000000, -0.000000000000000000 ) ) ;
#470 = STYLED_ITEM ( 'NONE', ( #2981 ), #5170 ) ;
#471 =( NAMED_UNIT ( * ) SI_UNIT ( $, .STERADIAN. ) SOLID_ANGLE_UNIT ( ) );
#472 = AXIS2_PLACEMENT_3D ( 'NONE', #4081, #1254, #2074 ) ;
#473 = VECTOR ( 'NONE', #3675, 1000.000000000000000 ) ;
#474 = EDGE_CURVE ( 'NONE', #4223, #4973, #3535, .T. ) ;
#475 = DIRECTION ( 'NONE',  ( 1.000000000000000000, -0.000000000000000000, -0.000000000000000000 ) ) ;
#476 = STYLED_ITEM ( 'NONE', ( #2718 ), #2649 ) ;
#477 = PRESENTATION_LAYER_ASSIGNMENT (  '', '', ( #3468 ) ) ;
#478 = CIRCLE ( 'NONE', #3634, 2.999999999999995559 ) ;
#479 = SURFACE_STYLE_FILL_AREA ( #985 ) ;
#480 = EDGE_LOOP ( 'NONE', ( #711, #3346, #4847, #1173 ) ) ;
#481 = DIRECTION ( 'NONE',  ( 1.000000000000000000, 0.000000000000000000, 0.000000000000000000 ) ) ;
#482 = ADVANCED_FACE ( 'NONE', ( #5069 ), #4753, .T. ) ;
#483 = CARTESIAN_POINT ( 'NONE',  ( 141.2993887530562915, -12.68202933985330461, -73.14999999999999147 ) ) ;
#484 = ORIENTED_EDGE ( 'NONE', *, *, #796, .T. ) ;
#485 = FILL_AREA_STYLE_COLOUR ( '', #331 ) ;
#486 = FILL_AREA_STYLE_COLOUR ( '', #4130 ) ;
#487 = EDGE_CURVE ( 'NONE', #360, #361, #5150, .T. ) ;
#488 = ORIENTED_EDGE ( 'NONE', *, *, #2426, .F. ) ;
#489 = EDGE_LOOP ( 'NONE', ( #2076, #4308, #2875, #5147 ) ) ;
#490 = CARTESIAN_POINT ( 'NONE',  ( -7.550611246943721433, -13.83202933985330318, 21.50000000000000000 ) ) ;
#491 = DIRECTION ( 'NONE',  ( -0.000000000000000000, -1.000000000000000000, -0.000000000000000000 ) ) ;
#492 = SURFACE_STYLE_FILL_AREA ( #3326 ) ;
#493 = AXIS2_PLACEMENT_3D ( 'NONE', #990, #1796, #230 ) ;
#494 = FILL_AREA_STYLE_COLOUR ( '', #1185 ) ;
#495 = VECTOR ( 'NONE', #2239, 1000.000000000000000 ) ;
#496 = FACE_OUTER_BOUND ( 'NONE', #1102, .T. ) ;
#497 = VECTOR ( 'NONE', #5158, 1000.000000000000000 ) ;
#498 = CARTESIAN_POINT ( 'NONE',  ( 62.44938875305626880, -14.33202933985330318, 21.50000000000000000 ) ) ;
#499 = ORIENTED_EDGE ( 'NONE', *, *, #3338, .F. ) ;
#500 = PRESENTATION_STYLE_ASSIGNMENT (( #4075 ) ) ;
#501 =( NAMED_UNIT ( * ) SI_UNIT ( $, .STERADIAN. ) SOLID_ANGLE_UNIT ( ) );
#502 = CARTESIAN_POINT ( 'NONE',  ( 66.94938875305625459, -9.682029339853304606, 2.849999999999999645 ) ) ;
#503 = TOROIDAL_SURFACE ( 'NONE', #176, 5.500000000000000000, 0.5000000000000000000 ) ;
#504 = FILL_AREA_STYLE_COLOUR ( '', #4901 ) ;
#505 = UNCERTAINTY_MEASURE_WITH_UNIT (LENGTH_MEASURE( 1.000000000000000082E-05 ), #4000, 'distance_accuracy_value', 'NONE');
#506 = EDGE_CURVE ( 'NONE', #2180, #1999, #3093, .T. ) ;
#507 = ORIENTED_EDGE ( 'NONE', *, *, #3399, .F. ) ;
#508 = CARTESIAN_POINT ( 'NONE',  ( -86.40061124694371131, -14.68202933985330461, 75.15000000000001990 ) ) ;
#509 = COLOUR_RGB ( '',1.000000000000000000, 1.000000000000000000, 1.000000000000000000 ) ;
#510 = CARTESIAN_POINT ( 'NONE',  ( -84.90061124694371131, -16.33202933985330318, 71.35000000000002274 ) ) ;
#511 = CARTESIAN_POINT ( 'NONE',  ( 146.5993887530563029, -12.68202933985330461, 69.85000000000002274 ) ) ;
#512 = FACE_OUTER_BOUND ( 'NONE', #1319, .T. ) ;
#513 = SURFACE_STYLE_USAGE ( .BOTH. , #2105 ) ;
#514 = ORIENTED_EDGE ( 'NONE', *, *, #1267, .T. ) ;
#515 = ORIENTED_EDGE ( 'NONE', *, *, #4109, .F. ) ;
#516 = UNCERTAINTY_MEASURE_WITH_UNIT (LENGTH_MEASURE( 1.000000000000000082E-05 ), #391, 'distance_accuracy_value', 'NONE');
#517 = ORIENTED_EDGE ( 'NONE', *, *, #2330, .F. ) ;
#518 = PRESENTATION_STYLE_ASSIGNMENT (( #3641 ) ) ;
#519 = DIRECTION ( 'NONE',  ( -0.000000000000000000, 0.000000000000000000, -1.000000000000000000 ) ) ;
#520 = CARTESIAN_POINT ( 'NONE',  ( -86.40061124694372552, -14.68202933985330461, -75.14999999999999147 ) ) ;
#521 =( NAMED_UNIT ( * ) SI_UNIT ( $, .STERADIAN. ) SOLID_ANGLE_UNIT ( ) );
#522 = EDGE_LOOP ( 'NONE', ( #2877, #787, #2182, #4481 ) ) ;
#523 = DIRECTION ( 'NONE',  ( 1.000000000000000000, -0.000000000000000000, 9.725149129512580722E-17 ) ) ;
#524 = DIRECTION ( 'NONE',  ( 0.000000000000000000, 1.000000000000000000, 0.000000000000000000 ) ) ;
#525 = PRESENTATION_STYLE_ASSIGNMENT (( #2979 ) ) ;
#526 = CARTESIAN_POINT ( 'NONE',  ( -13.05061124694371877, -13.83202933985330318, 21.49999999999996447 ) ) ;
#527 = ORIENTED_EDGE ( 'NONE', *, *, #1472, .F. ) ;
#528 = CARTESIAN_POINT ( 'NONE',  ( -11.05061124694373120, -112.8069513123572278, 25.00000000000000000 ) ) ;
#529 = VECTOR ( 'NONE', #3565, 1000.000000000000000 ) ;
#530 = VECTOR ( 'NONE', #976, 1000.000000000000000 ) ;
#531 = EDGE_CURVE ( 'NONE', #1497, #4030, #4736, .T. ) ;
#532 = DIRECTION ( 'NONE',  ( 0.000000000000000000, 1.000000000000000000, 0.000000000000000000 ) ) ;
#533 = VERTEX_POINT ( 'NONE', #2682 ) ;
#534 = ORIENTED_EDGE ( 'NONE', *, *, #3277, .F. ) ;
#535 = AXIS2_PLACEMENT_3D ( 'NONE', #882, #87, #408 ) ;
#536 = DIRECTION ( 'NONE',  ( 0.000000000000000000, 1.000000000000000000, 0.000000000000000000 ) ) ;
#537 = DIRECTION ( 'NONE',  ( 0.000000000000000000, 0.000000000000000000, 1.000000000000000000 ) ) ;
#538 = DIRECTION ( 'NONE',  ( 1.000000000000000000, -0.000000000000000000, -0.000000000000000000 ) ) ;
#539 = VECTOR ( 'NONE', #2063, 1000.000000000000000 ) ;
#540 = LINE ( 'NONE', #2086, #4033 ) ;
#541 = ADVANCED_FACE ( 'NONE', ( #285, #5093 ), #3092, .T. ) ;
#542 = AXIS2_PLACEMENT_3D ( 'NONE', #803, #3999, #874 ) ;
#543 = DIRECTION ( 'NONE',  ( 0.000000000000000000, 1.000000000000000000, 0.000000000000000000 ) ) ;
#544 = CARTESIAN_POINT ( 'NONE',  ( 62.44938875305626880, -13.83202933985330318, 21.50000000000000000 ) ) ;
#545 = DIRECTION ( 'NONE',  ( 0.000000000000000000, 0.000000000000000000, 1.000000000000000000 ) ) ;
#546 = COLOUR_RGB ( '',1.000000000000000000, 1.000000000000000000, 1.000000000000000000 ) ;
#547 = EDGE_CURVE ( 'NONE', #1899, #4844, #1234, .T. ) ;
#548 = DIRECTION ( 'NONE',  ( -0.000000000000000000, 1.000000000000000000, -0.000000000000000000 ) ) ;
#549 = ORIENTED_EDGE ( 'NONE', *, *, #5054, .T. ) ;
#550 = CARTESIAN_POINT ( 'NONE',  ( 65.94938875305625459, -7.682029339853305494, -29.99999999999999645 ) ) ;
#551 =( GEOMETRIC_REPRESENTATION_CONTEXT ( 3 ) GLOBAL_UNCERTAINTY_ASSIGNED_CONTEXT ( ( #2160 ) ) GLOBAL_UNIT_ASSIGNED_CONTEXT ( ( #3948, #1120, #1070 ) ) REPRESENTATION_CONTEXT ( 'NONE', 'WORKASPACE' ) );
#552 = CARTESIAN_POINT ( 'NONE',  ( 141.2993887530562915, -12.68202933985330461, -69.84999999999999432 ) ) ;
#553 = LINE ( 'NONE', #4184, #4803 ) ;
#554 = UNCERTAINTY_MEASURE_WITH_UNIT (LENGTH_MEASURE( 1.000000000000000082E-05 ), #3273, 'distance_accuracy_value', 'NONE');
#555 = MECHANICAL_DESIGN_GEOMETRIC_PRESENTATION_REPRESENTATION (  '', ( #2040 ), #2311 ) ;
#556 = COLOUR_RGB ( '',1.000000000000000000, 1.000000000000000000, 1.000000000000000000 ) ;
#557 = ORIENTED_EDGE ( 'NONE', *, *, #3310, .T. ) ;
#558 = LINE ( 'NONE', #3424, #4663 ) ;
#559 =( NAMED_UNIT ( * ) PLANE_ANGLE_UNIT ( ) SI_UNIT ( $, .RADIAN. ) );
#560 = DIRECTION ( 'NONE',  ( -0.000000000000000000, 1.000000000000000000, -0.000000000000000000 ) ) ;
#561 =( NAMED_UNIT ( * ) PLANE_ANGLE_UNIT ( ) SI_UNIT ( $, .RADIAN. ) );
#562 = ORIENTED_EDGE ( 'NONE', *, *, #3564, .T. ) ;
#563 = ORIENTED_EDGE ( 'NONE', *, *, #3086, .F. ) ;
#564 = EDGE_CURVE ( 'NONE', #335, #73, #856, .T. ) ;
#565 =( NAMED_UNIT ( * ) SI_UNIT ( $, .STERADIAN. ) SOLID_ANGLE_UNIT ( ) );
#566 = LINE ( 'NONE', #3746, #3708 ) ;
#567 = SURFACE_STYLE_FILL_AREA ( #3013 ) ;
#568 = CARTESIAN_POINT ( 'NONE',  ( 67.44938875305626880, -13.83202933985330318, -21.49999999999996447 ) ) ;
#569 = EDGE_CURVE ( 'NONE', #3451, #4952, #1259, .T. ) ;
#570 = SURFACE_STYLE_USAGE ( .BOTH. , #164 ) ;
#571 = AXIS2_PLACEMENT_3D ( 'NONE', #1002, #3840, #1757 ) ;
#572 = CARTESIAN_POINT ( 'NONE',  ( 141.2993887530562915, -21.18202933985330461, -75.14999999999999147 ) ) ;
#573 = VERTEX_POINT ( 'NONE', #1670 ) ;
#574 = FACE_OUTER_BOUND ( 'NONE', #890, .T. ) ;
#575 = VECTOR ( 'NONE', #3523, 1000.000000000000000 ) ;
#576 = DIRECTION ( 'NONE',  ( 1.007827727510127682E-16, 0.000000000000000000, 1.000000000000000000 ) ) ;
#577 = SURFACE_STYLE_USAGE ( .BOTH. , #2570 ) ;
#578 = AXIS2_PLACEMENT_3D ( 'NONE', #3056, #1887, #224 ) ;
#579 = ORIENTED_EDGE ( 'NONE', *, *, #2265, .F. ) ;
#580 = PLANE ( 'NONE',  #1229 ) ;
#581 = FILL_AREA_STYLE_COLOUR ( '', #2644 ) ;
#582 = AXIS2_PLACEMENT_3D ( 'NONE', #4150, #4458, #870 ) ;
#583 = DIRECTION ( 'NONE',  ( -0.000000000000000000, -1.000000000000000000, -0.000000000000000000 ) ) ;
#584 = DIRECTION ( 'NONE',  ( -0.000000000000000000, 0.000000000000000000, 1.000000000000000000 ) ) ;
#585 = ORIENTED_EDGE ( 'NONE', *, *, #1715, .T. ) ;
#586 = ORIENTED_EDGE ( 'NONE', *, *, #3591, .F. ) ;
#587 = VECTOR ( 'NONE', #1323, 1000.000000000000000 ) ;
#588 = ORIENTED_EDGE ( 'NONE', *, *, #3659, .T. ) ;
#589 = CARTESIAN_POINT ( 'NONE',  ( 62.44938875305624038, -21.68202933985330461, -26.50000000000000000 ) ) ;
#590 = CARTESIAN_POINT ( 'NONE',  ( 65.94938875305625459, -112.8069513123572278, -27.99999999999999289 ) ) ;
#591 = CARTESIAN_POINT ( 'NONE',  ( 62.44938875305626880, -12.68202933985330461, 21.50000000000000000 ) ) ;
#592 = UNCERTAINTY_MEASURE_WITH_UNIT (LENGTH_MEASURE( 1.000000000000000082E-05 ), #2220, 'distance_accuracy_value', 'NONE');
#593 = CARTESIAN_POINT ( 'NONE',  ( -84.90061124694369710, -16.33202933985330318, -71.34999999999999432 ) ) ;
#594 = DIRECTION ( 'NONE',  ( 0.000000000000000000, 1.000000000000000000, 6.505213034913026604E-16 ) ) ;
#595 = LINE ( 'NONE', #3777, #2673 ) ;
#596 = CARTESIAN_POINT ( 'NONE',  ( -11.05061124694373120, -7.682029339853305494, 30.00000000000000355 ) ) ;
#597 = CARTESIAN_POINT ( 'NONE',  ( -84.90061124694369710, -20.33202933985330318, -71.34999999999999432 ) ) ;
#598 = EDGE_CURVE ( 'NONE', #3600, #4159, #1599, .T. ) ;
#599 = ORIENTED_EDGE ( 'NONE', *, *, #4625, .F. ) ;
#600 = ORIENTED_EDGE ( 'NONE', *, *, #1313, .T. ) ;
#601 = FILL_AREA_STYLE ('',( #4181 ) ) ;
#602 = ADVANCED_FACE ( 'NONE', ( #1649 ), #3655, .F. ) ;
#603 =( LENGTH_UNIT ( ) NAMED_UNIT ( * ) SI_UNIT ( .MILLI., .METRE. ) );
#604 = SURFACE_STYLE_FILL_AREA ( #2573 ) ;
#605 = FACE_OUTER_BOUND ( 'NONE', #4513, .T. ) ;
#606 = ORIENTED_EDGE ( 'NONE', *, *, #3012, .T. ) ;
#607 = ORIENTED_EDGE ( 'NONE', *, *, #195, .F. ) ;
#608 = EDGE_LOOP ( 'NONE', ( #83, #18, #5112, #2315 ) ) ;
#609 = VERTEX_POINT ( 'NONE', #831 ) ;
#610 =( NAMED_UNIT ( * ) PLANE_ANGLE_UNIT ( ) SI_UNIT ( $, .RADIAN. ) );
#611 = VECTOR ( 'NONE', #4433, 1000.000000000000000 ) ;
#612 = CARTESIAN_POINT ( 'NONE',  ( 62.44938875305624038, -14.33202933985330318, 27.00000000000000000 ) ) ;
#613 = CARTESIAN_POINT ( 'NONE',  ( -12.55061124694371877, -21.68202933985330461, 21.49999999999996447 ) ) ;
#614 = AXIS2_PLACEMENT_3D ( 'NONE', #1235, #2826, #4425 ) ;
#615 = VECTOR ( 'NONE', #2274, 1000.000000000000000 ) ;
#616 = DIRECTION ( 'NONE',  ( 0.000000000000000000, -1.000000000000000000, 0.000000000000000000 ) ) ;
#617 = VERTEX_POINT ( 'NONE', #1210 ) ;
#618 = CARTESIAN_POINT ( 'NONE',  ( 65.94938875305625459, -7.682029339853305494, 30.00000000000000711 ) ) ;
#619 =( NAMED_UNIT ( * ) SI_UNIT ( $, .STERADIAN. ) SOLID_ANGLE_UNIT ( ) );
#620 = AXIS2_PLACEMENT_3D ( 'NONE', #758, #5159, #679 ) ;
#621 = SURFACE_STYLE_FILL_AREA ( #691 ) ;
#622 = CIRCLE ( 'NONE', #4889, 5.499999999999998224 ) ;
#623 = SURFACE_STYLE_FILL_AREA ( #2612 ) ;
#624 = EDGE_LOOP ( 'NONE', ( #1825, #2440, #514, #3301, #4394, #2616, #249, #4548 ) ) ;
#625 = LINE ( 'NONE', #1760, #3124 ) ;
#626 = ORIENTED_EDGE ( 'NONE', *, *, #2592, .F. ) ;
#627 =( GEOMETRIC_REPRESENTATION_CONTEXT ( 3 ) GLOBAL_UNCERTAINTY_ASSIGNED_CONTEXT ( ( #505 ) ) GLOBAL_UNIT_ASSIGNED_CONTEXT ( ( #4000, #4900, #2379 ) ) REPRESENTATION_CONTEXT ( 'NONE', 'WORKASPACE' ) );
#628 = TOROIDAL_SURFACE ( 'NONE', #1034, 4.800000000000000711, 0.5000000000000000000 ) ;
#629 = LINE ( 'NONE', #696, #3241 ) ;
#630 = EDGE_CURVE ( 'NONE', #3156, #2543, #1632, .T. ) ;
#631 =( GEOMETRIC_REPRESENTATION_CONTEXT ( 3 ) GLOBAL_UNCERTAINTY_ASSIGNED_CONTEXT ( ( #861 ) ) GLOBAL_UNIT_ASSIGNED_CONTEXT ( ( #2419, #363, #3091 ) ) REPRESENTATION_CONTEXT ( 'NONE', 'WORKASPACE' ) );
#632 = AXIS2_PLACEMENT_3D ( 'NONE', #2002, #463, #1237 ) ;
#633 = CARTESIAN_POINT ( 'NONE',  ( 72.94938875305625459, -10.68202933985330461, -24.99999999999999289 ) ) ;
#634 = DIRECTION ( 'NONE',  ( 1.000000000000000000, 0.000000000000000000, 0.000000000000000000 ) ) ;
#635 = VERTEX_POINT ( 'NONE', #4400 ) ;
#636 =( GEOMETRIC_REPRESENTATION_CONTEXT ( 3 ) GLOBAL_UNCERTAINTY_ASSIGNED_CONTEXT ( ( #1435 ) ) GLOBAL_UNIT_ASSIGNED_CONTEXT ( ( #1519, #3480, #3527 ) ) REPRESENTATION_CONTEXT ( 'NONE', 'WORKASPACE' ) );
#637 = EDGE_CURVE ( 'NONE', #69, #2735, #1625, .T. ) ;
#638 = FILL_AREA_STYLE_COLOUR ( '', #1407 ) ;
#639 = STYLED_ITEM ( 'NONE', ( #5142 ), #541 ) ;
#640 = FILL_AREA_STYLE_COLOUR ( '', #4467 ) ;
#641 = PRESENTATION_STYLE_ASSIGNMENT (( #2547 ) ) ;
#642 = CARTESIAN_POINT ( 'NONE',  ( 70.94938875305625459, -8.682029339853306382, 9.249999999999992895 ) ) ;
#643 = CARTESIAN_POINT ( 'NONE',  ( 65.94938875305625459, -10.68202933985330461, -29.99999999999999645 ) ) ;
#644 = ORIENTED_EDGE ( 'NONE', *, *, #3416, .F. ) ;
#645 = CIRCLE ( 'NONE', #2399, 4.999999999999997335 ) ;
#646 = EDGE_LOOP ( 'NONE', ( #2457, #852, #900, #194 ) ) ;
#647 = ORIENTED_EDGE ( 'NONE', *, *, #2491, .F. ) ;
#648 = ORIENTED_EDGE ( 'NONE', *, *, #1989, .T. ) ;
#649 = ADVANCED_FACE ( 'NONE', ( #2466 ), #4032, .F. ) ;
#650 = CARTESIAN_POINT ( 'NONE',  ( 62.44938875305624038, -21.68202933985330461, 26.49999999999999645 ) ) ;
#651 = FILL_AREA_STYLE_COLOUR ( '', #2564 ) ;
#652 = CARTESIAN_POINT ( 'NONE',  ( 72.94938875305625459, -10.68202933985330461, 25.00000000000000000 ) ) ;
#653 = SURFACE_STYLE_FILL_AREA ( #4238 ) ;
#654 = VERTEX_POINT ( 'NONE', #4104 ) ;
#655 = VECTOR ( 'NONE', #4442, 1000.000000000000000 ) ;
#656 = LINE ( 'NONE', #3902, #2152 ) ;
#657 = LINE ( 'NONE', #1118, #615 ) ;
#658 = UNCERTAINTY_MEASURE_WITH_UNIT (LENGTH_MEASURE( 1.000000000000000082E-05 ), #4691, 'distance_accuracy_value', 'NONE');
#659 =( NAMED_UNIT ( * ) PLANE_ANGLE_UNIT ( ) SI_UNIT ( $, .RADIAN. ) );
#660 = VECTOR ( 'NONE', #3070, 1000.000000000000000 ) ;
#661 = CARTESIAN_POINT ( 'NONE',  ( -12.05061124694373120, -7.682029339853305494, -9.699999999999997513 ) ) ;
#662 = LINE ( 'NONE', #2458, #878 ) ;
#663 =( LENGTH_UNIT ( ) NAMED_UNIT ( * ) SI_UNIT ( .MILLI., .METRE. ) );
#664 = ORIENTED_EDGE ( 'NONE', *, *, #3235, .F. ) ;
#665 = ADVANCED_FACE ( 'NONE', ( #4561 ), #2920, .T. ) ;
#666 = ORIENTED_EDGE ( 'NONE', *, *, #403, .T. ) ;
#667 = ORIENTED_EDGE ( 'NONE', *, *, #3244, .T. ) ;
#668 = DIRECTION ( 'NONE',  ( -0.000000000000000000, 1.000000000000000000, -0.000000000000000000 ) ) ;
#669 = AXIS2_PLACEMENT_3D ( 'NONE', #4552, #1275, #1336 ) ;
#670 = LINE ( 'NONE', #1850, #1031 ) ;
#671 = EDGE_CURVE ( 'NONE', #1700, #3717, #1870, .T. ) ;
#672 = PRESENTATION_LAYER_ASSIGNMENT (  '', '', ( #92 ) ) ;
#673 =( NAMED_UNIT ( * ) SI_UNIT ( $, .STERADIAN. ) SOLID_ANGLE_UNIT ( ) );
#674 = DIRECTION ( 'NONE',  ( 1.387778780781445922E-16, 0.000000000000000000, 1.000000000000000000 ) ) ;
#675 =( NAMED_UNIT ( * ) SI_UNIT ( $, .STERADIAN. ) SOLID_ANGLE_UNIT ( ) );
#676 = SURFACE_STYLE_USAGE ( .BOTH. , #3075 ) ;
#677 = FACE_OUTER_BOUND ( 'NONE', #4716, .T. ) ;
#678 = SURFACE_STYLE_USAGE ( .BOTH. , #3877 ) ;
#679 = DIRECTION ( 'NONE',  ( -1.000000000000000000, 0.000000000000000000, 0.000000000000000000 ) ) ;
#680 = FILL_AREA_STYLE_COLOUR ( '', #4686 ) ;
#681 = ORIENTED_EDGE ( 'NONE', *, *, #2793, .T. ) ;
#682 = ORIENTED_EDGE ( 'NONE', *, *, #4435, .F. ) ;
#683 = EDGE_LOOP ( 'NONE', ( #1078, #3725, #4356, #557 ) ) ;
#684 = ORIENTED_EDGE ( 'NONE', *, *, #3363, .T. ) ;
#685 = FILL_AREA_STYLE ('',( #790 ) ) ;
#686 = CARTESIAN_POINT ( 'NONE',  ( -14.05061124694373476, -7.682029339853305494, 25.00000000000000000 ) ) ;
#687 = EDGE_CURVE ( 'NONE', #4537, #880, #2228, .T. ) ;
#688 = LINE ( 'NONE', #341, #2449 ) ;
#689 = DIRECTION ( 'NONE',  ( -0.000000000000000000, -1.000000000000000000, -0.000000000000000000 ) ) ;
#690 = CARTESIAN_POINT ( 'NONE',  ( -12.55061124694371877, -13.83202933985330318, 21.49999999999996447 ) ) ;
#691 = FILL_AREA_STYLE ('',( #1091 ) ) ;
#692 = EDGE_CURVE ( 'NONE', #4221, #4252, #2965, .T. ) ;
#693 = DIRECTION ( 'NONE',  ( -0.000000000000000000, -1.000000000000000000, -0.000000000000000000 ) ) ;
#694 = FACE_OUTER_BOUND ( 'NONE', #2601, .T. ) ;
#695 = AXIS2_PLACEMENT_3D ( 'NONE', #3444, #1468, #1895 ) ;
#696 = CARTESIAN_POINT ( 'NONE',  ( 70.94938875305625459, -9.982029339853303540, -7.694892314666007599E-15 ) ) ;
#697 =( GEOMETRIC_REPRESENTATION_CONTEXT ( 3 ) GLOBAL_UNCERTAINTY_ASSIGNED_CONTEXT ( ( #2849 ) ) GLOBAL_UNIT_ASSIGNED_CONTEXT ( ( #3287, #38, #1690 ) ) REPRESENTATION_CONTEXT ( 'NONE', 'WORKASPACE' ) );
#698 = EDGE_CURVE ( 'NONE', #2051, #3265, #2600, .T. ) ;
#699 = ORIENTED_EDGE ( 'NONE', *, *, #979, .F. ) ;
#700 = MECHANICAL_DESIGN_GEOMETRIC_PRESENTATION_REPRESENTATION (  '', ( #3694 ), #1856 ) ;
#701 = SURFACE_STYLE_FILL_AREA ( #327 ) ;
#702 = AXIS2_PLACEMENT_3D ( 'NONE', #1166, #2247, #278 ) ;
#703 = SURFACE_SIDE_STYLE ('',( #5102 ) ) ;
#704 =( GEOMETRIC_REPRESENTATION_CONTEXT ( 3 ) GLOBAL_UNCERTAINTY_ASSIGNED_CONTEXT ( ( #3174 ) ) GLOBAL_UNIT_ASSIGNED_CONTEXT ( ( #4023, #2016, #1250 ) ) REPRESENTATION_CONTEXT ( 'NONE', 'WORKASPACE' ) );
#705 = PRESENTATION_STYLE_ASSIGNMENT (( #678 ) ) ;
#706 = VECTOR ( 'NONE', #1724, 1000.000000000000000 ) ;
#707 = FILL_AREA_STYLE_COLOUR ( '', #1050 ) ;
#708 = VECTOR ( 'NONE', #873, 1000.000000000000000 ) ;
#709 =( LENGTH_UNIT ( ) NAMED_UNIT ( * ) SI_UNIT ( .MILLI., .METRE. ) );
#710 = DIRECTION ( 'NONE',  ( 1.000000000000000000, -0.000000000000000000, 0.000000000000000000 ) ) ;
#711 = ORIENTED_EDGE ( 'NONE', *, *, #3899, .T. ) ;
#712 = MECHANICAL_DESIGN_GEOMETRIC_PRESENTATION_REPRESENTATION (  '', ( #1038 ), #4228 ) ;
#713 = VECTOR ( 'NONE', #2574, 1000.000000000000000 ) ;
#714 = CARTESIAN_POINT ( 'NONE',  ( 70.94938875305625459, -10.68202933985330461, -24.99999999999999289 ) ) ;
#715 = DIRECTION ( 'NONE',  ( -0.000000000000000000, 1.000000000000000000, -0.000000000000000000 ) ) ;
#716 = AXIS2_PLACEMENT_3D ( 'NONE', #4269, #302, #4766 ) ;
#717 = FACE_OUTER_BOUND ( 'NONE', #5108, .T. ) ;
#718 =( GEOMETRIC_REPRESENTATION_CONTEXT ( 3 ) GLOBAL_UNCERTAINTY_ASSIGNED_CONTEXT ( ( #3642 ) ) GLOBAL_UNIT_ASSIGNED_CONTEXT ( ( #308, #1438, #1126 ) ) REPRESENTATION_CONTEXT ( 'NONE', 'WORKASPACE' ) );
#719 = COLOUR_RGB ( '',1.000000000000000000, 1.000000000000000000, 1.000000000000000000 ) ;
#720 = SURFACE_SIDE_STYLE ('',( #2756 ) ) ;
#721 = ADVANCED_FACE ( 'NONE', ( #3796 ), #233, .T. ) ;
#722 = CYLINDRICAL_SURFACE ( 'NONE', #4411, 0.5000000000000004441 ) ;
#723 = UNCERTAINTY_MEASURE_WITH_UNIT (LENGTH_MEASURE( 1.000000000000000082E-05 ), #5099, 'distance_accuracy_value', 'NONE');
#724 = CARTESIAN_POINT ( 'NONE',  ( 70.94938875305625459, -8.682029339853306382, -24.99999999999999289 ) ) ;
#725 = EDGE_CURVE ( 'NONE', #1652, #1206, #2695, .T. ) ;
#726 = LINE ( 'NONE', #3946, #4263 ) ;
#727 = EDGE_LOOP ( 'NONE', ( #937, #1103, #3872, #5109 ) ) ;
#728 = PRESENTATION_STYLE_ASSIGNMENT (( #3496 ) ) ;
#729 = CARTESIAN_POINT ( 'NONE',  ( -11.05061124694373120, -8.682029339853306382, 30.00000000000000355 ) ) ;
#730 = EDGE_CURVE ( 'NONE', #1172, #4781, #3387, .T. ) ;
#731 = ORIENTED_EDGE ( 'NONE', *, *, #725, .T. ) ;
#732 = PRESENTATION_STYLE_ASSIGNMENT (( #3851 ) ) ;
#733 = FILL_AREA_STYLE_COLOUR ( '', #215 ) ;
#734 = STYLED_ITEM ( 'NONE', ( #1175 ), #4170 ) ;
#735 =( NAMED_UNIT ( * ) PLANE_ANGLE_UNIT ( ) SI_UNIT ( $, .RADIAN. ) );
#736 = ORIENTED_EDGE ( 'NONE', *, *, #4596, .F. ) ;
#737 = MANIFOLD_SOLID_BREP ( '零件1-1-solid2', #1804 ) ;
#738 =( GEOMETRIC_REPRESENTATION_CONTEXT ( 3 ) GLOBAL_UNCERTAINTY_ASSIGNED_CONTEXT ( ( #1327 ) ) GLOBAL_UNIT_ASSIGNED_CONTEXT ( ( #1141, #3965, #3097 ) ) REPRESENTATION_CONTEXT ( 'NONE', 'WORKASPACE' ) );
#739 = ORIENTED_EDGE ( 'NONE', *, *, #1591, .T. ) ;
#740 = ORIENTED_EDGE ( 'NONE', *, *, #2420, .T. ) ;
#741 = ORIENTED_EDGE ( 'NONE', *, *, #4832, .T. ) ;
#742 = CARTESIAN_POINT ( 'NONE',  ( -11.05061124694373120, -7.682029339853305494, 25.00000000000000000 ) ) ;
#743 = SURFACE_SIDE_STYLE ('',( #1852 ) ) ;
#744 = EDGE_LOOP ( 'NONE', ( #1814, #3495, #740, #2779 ) ) ;
#745 = AXIS2_PLACEMENT_3D ( 'NONE', #1837, #3439, #1035 ) ;
#746 = CARTESIAN_POINT ( 'NONE',  ( -91.20061124694373689, -21.18202933985330461, -75.14999999999999147 ) ) ;
#747 = CARTESIAN_POINT ( 'NONE',  ( 140.2993887530562631, -20.33202933985330318, -68.84999999999999432 ) ) ;
#748 =( LENGTH_UNIT ( ) NAMED_UNIT ( * ) SI_UNIT ( .MILLI., .METRE. ) );
#749 = CIRCLE ( 'NONE', #267, 1.000000000000000888 ) ;
#750 = CARTESIAN_POINT ( 'NONE',  ( 141.2993887530562915, -21.18202933985330461, -74.64999999999999147 ) ) ;
#751 =( GEOMETRIC_REPRESENTATION_CONTEXT ( 3 ) GLOBAL_UNCERTAINTY_ASSIGNED_CONTEXT ( ( #3911 ) ) GLOBAL_UNIT_ASSIGNED_CONTEXT ( ( #2404, #2319, #4380 ) ) REPRESENTATION_CONTEXT ( 'NONE', 'WORKASPACE' ) );
#752 = EDGE_LOOP ( 'NONE', ( #1188, #2402, #4083, #5065, #5024, #3983, #4059, #3768 ) ) ;
#753 = EDGE_CURVE ( 'NONE', #1478, #1901, #5079, .T. ) ;
#754 =( NAMED_UNIT ( * ) SI_UNIT ( $, .STERADIAN. ) SOLID_ANGLE_UNIT ( ) );
#755 = PRESENTATION_STYLE_ASSIGNMENT (( #3474 ) ) ;
#756 = ORIENTED_EDGE ( 'NONE', *, *, #3057, .F. ) ;
#757 = FACE_OUTER_BOUND ( 'NONE', #4668, .T. ) ;
#758 = CARTESIAN_POINT ( 'NONE',  ( -15.05061124694373476, -8.682029339853306382, -24.99999999999999289 ) ) ;
#759 = CARTESIAN_POINT ( 'NONE',  ( 66.94938875305625459, -7.682029339853305494, 2.850000000000000089 ) ) ;
#760 = ADVANCED_FACE ( 'NONE', ( #2279 ), #5132, .T. ) ;
#761 = FILL_AREA_STYLE_COLOUR ( '', #401 ) ;
#762 = CARTESIAN_POINT ( 'NONE',  ( 70.94938875305625459, -8.682029339853306382, -15.75000000000001776 ) ) ;
#763 = ORIENTED_EDGE ( 'NONE', *, *, #2429, .F. ) ;
#764 = VERTEX_POINT ( 'NONE', #1821 ) ;
#765 = ORIENTED_EDGE ( 'NONE', *, *, #4596, .T. ) ;
#766 = SURFACE_STYLE_FILL_AREA ( #1851 ) ;
#767 = VERTEX_POINT ( 'NONE', #3425 ) ;
#768 = DIRECTION ( 'NONE',  ( 1.000000000000000000, -0.000000000000000000, 0.000000000000000000 ) ) ;
#769 = AXIS2_PLACEMENT_3D ( 'NONE', #272, #5077, #1483 ) ;
#770 = UNCERTAINTY_MEASURE_WITH_UNIT (LENGTH_MEASURE( 1.000000000000000082E-05 ), #4906, 'distance_accuracy_value', 'NONE');
#771 = SURFACE_STYLE_USAGE ( .BOTH. , #3150 ) ;
#772 = PLANE ( 'NONE',  #2424 ) ;
#773 = PRESENTATION_LAYER_ASSIGNMENT (  '', '', ( #293 ) ) ;
#774 =( GEOMETRIC_REPRESENTATION_CONTEXT ( 3 ) GLOBAL_UNCERTAINTY_ASSIGNED_CONTEXT ( ( #906 ) ) GLOBAL_UNIT_ASSIGNED_CONTEXT ( ( #3846, #275, #675 ) ) REPRESENTATION_CONTEXT ( 'NONE', 'WORKASPACE' ) );
#775 = CARTESIAN_POINT ( 'NONE',  ( -15.05061124694373476, -7.682029339853305494, -24.99999999999999289 ) ) ;
#776 = PRESENTATION_LAYER_ASSIGNMENT (  '', '', ( #1192 ) ) ;
#777 = ADVANCED_FACE ( 'NONE', ( #4245 ), #4909, .T. ) ;
#778 = LINE ( 'NONE', #1995, #2148 ) ;
#779 = FILL_AREA_STYLE ('',( #733 ) ) ;
#780 = DIRECTION ( 'NONE',  ( 0.000000000000000000, 0.000000000000000000, 1.000000000000000000 ) ) ;
#781 = CIRCLE ( 'NONE', #3697, 4.999999999999997335 ) ;
#782 = FILL_AREA_STYLE ('',( #2492 ) ) ;
#783 = CYLINDRICAL_SURFACE ( 'NONE', #3133, 2.000000000000001776 ) ;
#784 = ORIENTED_EDGE ( 'NONE', *, *, #4763, .F. ) ;
#785 = VECTOR ( 'NONE', #2261, 1000.000000000000000 ) ;
#786 = EDGE_CURVE ( 'NONE', #924, #375, #662, .T. ) ;
#787 = ORIENTED_EDGE ( 'NONE', *, *, #3148, .F. ) ;
#788 = STYLED_ITEM ( 'NONE', ( #1048 ), #2238 ) ;
#789 = VERTEX_POINT ( 'NONE', #881 ) ;
#790 = FILL_AREA_STYLE_COLOUR ( '', #2836 ) ;
#791 = CARTESIAN_POINT ( 'NONE',  ( 146.5993887530562745, -12.68202933985330461, -69.84999999999999432 ) ) ;
#792 = DIRECTION ( 'NONE',  ( 1.000000000000000000, 0.000000000000000000, 0.000000000000000000 ) ) ;
#793 = VERTEX_POINT ( 'NONE', #1996 ) ;
#794 = PRESENTATION_LAYER_ASSIGNMENT (  '', '', ( #4902 ) ) ;
#795 = ORIENTED_EDGE ( 'NONE', *, *, #2888, .T. ) ;
#796 = EDGE_CURVE ( 'NONE', #1283, #5012, #4818, .T. ) ;
#797 = SURFACE_SIDE_STYLE ('',( #1562 ) ) ;
#798 = CARTESIAN_POINT ( 'NONE',  ( -7.550611246943700117, -13.83202933985330318, -27.00000000000000000 ) ) ;
#799 = FACE_OUTER_BOUND ( 'NONE', #1977, .T. ) ;
#800 = CIRCLE ( 'NONE', #2647, 6.999999999999999112 ) ;
#801 =( NAMED_UNIT ( * ) SI_UNIT ( $, .STERADIAN. ) SOLID_ANGLE_UNIT ( ) );
#802 = CARTESIAN_POINT ( 'NONE',  ( -11.05061124694373831, -8.682029339853306382, -24.99999999999999289 ) ) ;
#803 = CARTESIAN_POINT ( 'NONE',  ( -84.90061124694371131, -14.33202933985330318, 71.35000000000002274 ) ) ;
#804 = DIRECTION ( 'NONE',  ( 1.000000000000000000, 0.000000000000000000, 0.000000000000000000 ) ) ;
#805 = FILL_AREA_STYLE ('',( #2382 ) ) ;
#806 = FILL_AREA_STYLE ('',( #504 ) ) ;
#807 = STYLED_ITEM ( 'NONE', ( #4607 ), #4395 ) ;
#808 = VERTEX_POINT ( 'NONE', #1952 ) ;
#809 = ORIENTED_EDGE ( 'NONE', *, *, #5054, .F. ) ;
#810 = DIRECTION ( 'NONE',  ( 1.387778780781445922E-16, -0.000000000000000000, 1.000000000000000000 ) ) ;
#811 = DIRECTION ( 'NONE',  ( 0.000000000000000000, 0.000000000000000000, 1.000000000000000000 ) ) ;
#812 =( LENGTH_UNIT ( ) NAMED_UNIT ( * ) SI_UNIT ( .MILLI., .METRE. ) );
#813 = EDGE_CURVE ( 'NONE', #90, #5168, #800, .T. ) ;
#814 = VECTOR ( 'NONE', #4172, 1000.000000000000000 ) ;
#815 =( NAMED_UNIT ( * ) SI_UNIT ( $, .STERADIAN. ) SOLID_ANGLE_UNIT ( ) );
#816 = ORIENTED_EDGE ( 'NONE', *, *, #4673, .F. ) ;
#817 =( LENGTH_UNIT ( ) NAMED_UNIT ( * ) SI_UNIT ( .MILLI., .METRE. ) );
#818 =( GEOMETRIC_REPRESENTATION_CONTEXT ( 3 ) GLOBAL_UNCERTAINTY_ASSIGNED_CONTEXT ( ( #1380 ) ) GLOBAL_UNIT_ASSIGNED_CONTEXT ( ( #435, #2794, #1592 ) ) REPRESENTATION_CONTEXT ( 'NONE', 'WORKASPACE' ) );
#819 = UNCERTAINTY_MEASURE_WITH_UNIT (LENGTH_MEASURE( 1.000000000000000082E-05 ), #3068, 'distance_accuracy_value', 'NONE');
#820 =( NAMED_UNIT ( * ) SI_UNIT ( $, .STERADIAN. ) SOLID_ANGLE_UNIT ( ) );
#821 = EDGE_CURVE ( 'NONE', #1520, #236, #4656, .T. ) ;
#822 =( GEOMETRIC_REPRESENTATION_CONTEXT ( 3 ) GLOBAL_UNCERTAINTY_ASSIGNED_CONTEXT ( ( #2529 ) ) GLOBAL_UNIT_ASSIGNED_CONTEXT ( ( #2129, #2890, #1665 ) ) REPRESENTATION_CONTEXT ( 'NONE', 'WORKASPACE' ) );
#823 = DIRECTION ( 'NONE',  ( -1.000000000000000000, -0.000000000000000000, -0.000000000000000000 ) ) ;
#824 = SURFACE_STYLE_USAGE ( .BOTH. , #4839 ) ;
#825 = FACE_OUTER_BOUND ( 'NONE', #3214, .T. ) ;
#826 = LINE ( 'NONE', #2022, #4473 ) ;
#827 = STYLED_ITEM ( 'NONE', ( #3770 ), #4100 ) ;
#828 = ORIENTED_EDGE ( 'NONE', *, *, #4536, .T. ) ;
#829 = ORIENTED_EDGE ( 'NONE', *, *, #258, .T. ) ;
#830 = DIRECTION ( 'NONE',  ( -9.725149129512580722E-17, -0.000000000000000000, 1.000000000000000000 ) ) ;
#831 = CARTESIAN_POINT ( 'NONE',  ( 66.94938875305625459, -7.682029339853305494, 2.850000000000000089 ) ) ;
#832 = SURFACE_SIDE_STYLE ('',( #1980 ) ) ;
#833 = DIRECTION ( 'NONE',  ( 0.000000000000000000, 0.000000000000000000, 1.000000000000000000 ) ) ;
#834 = VERTEX_POINT ( 'NONE', #3980 ) ;
#835 = FACE_OUTER_BOUND ( 'NONE', #3264, .T. ) ;
#836 = EDGE_CURVE ( 'NONE', #2912, #3245, #826, .T. ) ;
#837 = DIRECTION ( 'NONE',  ( 0.000000000000000000, 1.000000000000000000, 0.000000000000000000 ) ) ;
#838 = CARTESIAN_POINT ( 'NONE',  ( 70.94938875305625459, -21.68202933985332947, -15.75000000000000000 ) ) ;
#839 = CIRCLE ( 'NONE', #3773, 6.999999999999999112 ) ;
#840 =( LENGTH_UNIT ( ) NAMED_UNIT ( * ) SI_UNIT ( .MILLI., .METRE. ) );
#841 = DIRECTION ( 'NONE',  ( 0.000000000000000000, 0.000000000000000000, 1.000000000000000000 ) ) ;
#842 = ORIENTED_EDGE ( 'NONE', *, *, #4241, .F. ) ;
#843 = ADVANCED_FACE ( 'NONE', ( #1642 ), #2796, .F. ) ;
#844 = MECHANICAL_DESIGN_GEOMETRIC_PRESENTATION_REPRESENTATION (  '', ( #2701 ), #4875 ) ;
#845 =( NAMED_UNIT ( * ) SI_UNIT ( $, .STERADIAN. ) SOLID_ANGLE_UNIT ( ) );
#846 = FILL_AREA_STYLE ('',( #1666 ) ) ;
#847 = CIRCLE ( 'NONE', #378, 5.499999999999998224 ) ;
#848 = LINE ( 'NONE', #2460, #2717 ) ;
#849 = PRESENTATION_LAYER_ASSIGNMENT (  '', '', ( #3687 ) ) ;
#850 = UNCERTAINTY_MEASURE_WITH_UNIT (LENGTH_MEASURE( 1.000000000000000082E-05 ), #2485, 'distance_accuracy_value', 'NONE');
#851 =( GEOMETRIC_REPRESENTATION_CONTEXT ( 3 ) GLOBAL_UNCERTAINTY_ASSIGNED_CONTEXT ( ( #3072 ) ) GLOBAL_UNIT_ASSIGNED_CONTEXT ( ( #603, #1874, #4769 ) ) REPRESENTATION_CONTEXT ( 'NONE', 'WORKASPACE' ) );
#852 = ORIENTED_EDGE ( 'NONE', *, *, #1501, .F. ) ;
#853 = ORIENTED_EDGE ( 'NONE', *, *, #1703, .F. ) ;
#854 = LINE ( 'NONE', #1284, #2494 ) ;
#855 =( NAMED_UNIT ( * ) PLANE_ANGLE_UNIT ( ) SI_UNIT ( $, .RADIAN. ) );
#856 = LINE ( 'NONE', #511, #3055 ) ;
#857 = CARTESIAN_POINT ( 'NONE',  ( 68.94938875305625459, -7.682029339853305494, 9.250000000000001776 ) ) ;
#858 = STYLED_ITEM ( 'NONE', ( #5076 ), #4699 ) ;
#859 = EDGE_LOOP ( 'NONE', ( #4101, #1132, #1963, #1588 ) ) ;
#860 = MECHANICAL_DESIGN_GEOMETRIC_PRESENTATION_REPRESENTATION (  '', ( #222 ), #1445 ) ;
#861 = UNCERTAINTY_MEASURE_WITH_UNIT (LENGTH_MEASURE( 1.000000000000000082E-05 ), #2419, 'distance_accuracy_value', 'NONE');
#862 = VERTEX_POINT ( 'NONE', #1252 ) ;
#863 = CARTESIAN_POINT ( 'NONE',  ( 141.2993887530562915, -14.68202933985330461, -69.84999999999999432 ) ) ;
#864 = PRESENTATION_LAYER_ASSIGNMENT (  '', '', ( #2713 ) ) ;
#865 = UNCERTAINTY_MEASURE_WITH_UNIT (LENGTH_MEASURE( 1.000000000000000082E-05 ), #2838, 'distance_accuracy_value', 'NONE');
#866 = CARTESIAN_POINT ( 'NONE',  ( 69.94938875305625459, -7.682029339853305494, 15.75000000000000000 ) ) ;
#867 = AXIS2_PLACEMENT_3D ( 'NONE', #3252, #4866, #1190 ) ;
#868 = PRESENTATION_LAYER_ASSIGNMENT (  '', '', ( #3131 ) ) ;
#869 = CIRCLE ( 'NONE', #4222, 6.999999999999999112 ) ;
#870 = DIRECTION ( 'NONE',  ( 0.000000000000000000, -0.000000000000000000, 1.000000000000000000 ) ) ;
#871 = MECHANICAL_DESIGN_GEOMETRIC_PRESENTATION_REPRESENTATION (  '', ( #2719 ), #1552 ) ;
#872 = DIRECTION ( 'NONE',  ( -1.000000000000000000, 0.000000000000000000, 0.000000000000000000 ) ) ;
#873 = DIRECTION ( 'NONE',  ( -1.000000000000000000, -0.000000000000000000, -0.000000000000000000 ) ) ;
#874 = DIRECTION ( 'NONE',  ( -9.725149129512580722E-17, 0.000000000000000000, 1.000000000000000000 ) ) ;
#875 = EDGE_CURVE ( 'NONE', #2902, #4064, #65, .T. ) ;
#876 = ORIENTED_EDGE ( 'NONE', *, *, #4951, .F. ) ;
#877 = SURFACE_SIDE_STYLE ('',( #34 ) ) ;
#878 = VECTOR ( 'NONE', #481, 1000.000000000000000 ) ;
#879 = AXIS2_PLACEMENT_3D ( 'NONE', #3471, #3227, #4815 ) ;
#880 = VERTEX_POINT ( 'NONE', #4790 ) ;
#881 = CARTESIAN_POINT ( 'NONE',  ( 141.2993887530562915, -14.68202933985330461, -75.14999999999999147 ) ) ;
#882 = CARTESIAN_POINT ( 'NONE',  ( 27.44938875305626169, -14.33202933985330318, 0.000000000000000000 ) ) ;
#883 = EDGE_CURVE ( 'NONE', #43, #4330, #2414, .T. ) ;
#884 = DIRECTION ( 'NONE',  ( 1.000000000000000000, 0.000000000000000000, -0.000000000000000000 ) ) ;
#885 = EDGE_LOOP ( 'NONE', ( #1174, #3910, #1880, #1739 ) ) ;
#886 = LINE ( 'NONE', #3654, #5167 ) ;
#887 = DIRECTION ( 'NONE',  ( 1.000000000000000000, 0.000000000000000000, -0.000000000000000000 ) ) ;
#888 = CARTESIAN_POINT ( 'NONE',  ( 65.94938875305625459, -112.8069513123572278, -27.99999999999999289 ) ) ;
#889 = DIRECTION ( 'NONE',  ( 0.000000000000000000, -0.000000000000000000, -1.000000000000000000 ) ) ;
#890 = EDGE_LOOP ( 'NONE', ( #1420, #784, #1499, #1559 ) ) ;
#891 = ORIENTED_EDGE ( 'NONE', *, *, #3530, .F. ) ;
#892 = CYLINDRICAL_SURFACE ( 'NONE', #4670, 4.999999999999997335 ) ;
#893 = LINE ( 'NONE', #2476, #539 ) ;
#894 =( GEOMETRIC_REPRESENTATION_CONTEXT ( 3 ) GLOBAL_UNCERTAINTY_ASSIGNED_CONTEXT ( ( #1130 ) ) GLOBAL_UNIT_ASSIGNED_CONTEXT ( ( #338, #4334, #22 ) ) REPRESENTATION_CONTEXT ( 'NONE', 'WORKASPACE' ) );
#895 = DIRECTION ( 'NONE',  ( 9.725149129512580722E-17, 0.000000000000000000, -1.000000000000000000 ) ) ;
#896 = VECTOR ( 'NONE', #594, 1000.000000000000000 ) ;
#897 = PRESENTATION_STYLE_ASSIGNMENT (( #4923 ) ) ;
#898 = PRESENTATION_STYLE_ASSIGNMENT (( #951 ) ) ;
#899 = COLOUR_RGB ( '',1.000000000000000000, 1.000000000000000000, 1.000000000000000000 ) ;
#900 = ORIENTED_EDGE ( 'NONE', *, *, #1080, .T. ) ;
#901 = FILL_AREA_STYLE_COLOUR ( '', #3876 ) ;
#902 = LINE ( 'NONE', #1762, #1979 ) ;
#903 = EDGE_CURVE ( 'NONE', #1412, #4036, #3436, .T. ) ;
#904 = PRESENTATION_LAYER_ASSIGNMENT (  '', '', ( #2067 ) ) ;
#905 = DIRECTION ( 'NONE',  ( -1.000000000000000000, 0.000000000000000000, 0.000000000000000000 ) ) ;
#906 = UNCERTAINTY_MEASURE_WITH_UNIT (LENGTH_MEASURE( 1.000000000000000082E-05 ), #3846, 'distance_accuracy_value', 'NONE');
#907 = EDGE_LOOP ( 'NONE', ( #4566, #2896, #3321, #4647 ) ) ;
#908 = ADVANCED_FACE ( 'NONE', ( #1430 ), #1836, .F. ) ;
#909 = VECTOR ( 'NONE', #4514, 1000.000000000000000 ) ;
#910 =( NAMED_UNIT ( * ) PLANE_ANGLE_UNIT ( ) SI_UNIT ( $, .RADIAN. ) );
#911 = CARTESIAN_POINT ( 'NONE',  ( -89.70061124694372268, -12.68202933985330461, 69.85000000000002274 ) ) ;
#912 = ORIENTED_EDGE ( 'NONE', *, *, #3473, .T. ) ;
#913 = ORIENTED_EDGE ( 'NONE', *, *, #725, .F. ) ;
#914 = ORIENTED_EDGE ( 'NONE', *, *, #1932, .F. ) ;
#915 = SURFACE_STYLE_FILL_AREA ( #3246 ) ;
#916 = EDGE_CURVE ( 'NONE', #955, #970, #2995, .T. ) ;
#917 = LINE ( 'NONE', #466, #1991 ) ;
#918 = DIRECTION ( 'NONE',  ( -0.000000000000000000, -1.000000000000000000, -0.000000000000000000 ) ) ;
#919 = CARTESIAN_POINT ( 'NONE',  ( 141.2993887530562915, -21.68202933985330461, -69.84999999999999432 ) ) ;
#920 = SURFACE_SIDE_STYLE ('',( #1680 ) ) ;
#921 = DIRECTION ( 'NONE',  ( 0.000000000000000000, 0.000000000000000000, -1.000000000000000000 ) ) ;
#922 =( LENGTH_UNIT ( ) NAMED_UNIT ( * ) SI_UNIT ( .MILLI., .METRE. ) );
#923 = SURFACE_STYLE_USAGE ( .BOTH. , #2911 ) ;
#924 = VERTEX_POINT ( 'NONE', #597 ) ;
#925 = EDGE_LOOP ( 'NONE', ( #3658, #842, #337, #2824 ) ) ;
#926 = PRESENTATION_LAYER_ASSIGNMENT (  '', '', ( #1682 ) ) ;
#927 = SURFACE_STYLE_FILL_AREA ( #2648 ) ;
#928 = EDGE_CURVE ( 'NONE', #4036, #970, #980, .T. ) ;
#929 = AXIS2_PLACEMENT_3D ( 'NONE', #2009, #2882, #4093 ) ;
#930 = ORIENTED_EDGE ( 'NONE', *, *, #428, .F. ) ;
#931 = DIRECTION ( 'NONE',  ( 0.000000000000000000, 1.000000000000000000, 0.000000000000000000 ) ) ;
#932 = FILL_AREA_STYLE_COLOUR ( '', #4318 ) ;
#933 =( GEOMETRIC_REPRESENTATION_CONTEXT ( 3 ) GLOBAL_UNCERTAINTY_ASSIGNED_CONTEXT ( ( #2541 ) ) GLOBAL_UNIT_ASSIGNED_CONTEXT ( ( #840, #4863, #2833 ) ) REPRESENTATION_CONTEXT ( 'NONE', 'WORKASPACE' ) );
#934 = DIRECTION ( 'NONE',  ( 0.000000000000000000, 1.000000000000000000, 0.000000000000000000 ) ) ;
#935 = ORIENTED_EDGE ( 'NONE', *, *, #2426, .T. ) ;
#936 = ADVANCED_FACE ( 'NONE', ( #2176 ), #3843, .T. ) ;
#937 = ORIENTED_EDGE ( 'NONE', *, *, #3615, .F. ) ;
#938 = ORIENTED_EDGE ( 'NONE', *, *, #290, .T. ) ;
#939 = DIRECTION ( 'NONE',  ( 0.000000000000000000, 0.000000000000000000, -1.000000000000000000 ) ) ;
#940 = CARTESIAN_POINT ( 'NONE',  ( -86.40061124694372552, -12.68202933985330461, -69.84999999999999432 ) ) ;
#941 = CARTESIAN_POINT ( 'NONE',  ( 62.44938875305623327, -14.33202933985330318, 27.00000000000000000 ) ) ;
#942 = DIRECTION ( 'NONE',  ( -1.000000000000000000, -0.000000000000000000, 0.000000000000000000 ) ) ;
#943 = AXIS2_PLACEMENT_3D ( 'NONE', #2293, #4674, #4598 ) ;
#944 =( LENGTH_UNIT ( ) NAMED_UNIT ( * ) SI_UNIT ( .MILLI., .METRE. ) );
#945 =( GEOMETRIC_REPRESENTATION_CONTEXT ( 3 ) GLOBAL_UNCERTAINTY_ASSIGNED_CONTEXT ( ( #1281 ) ) GLOBAL_UNIT_ASSIGNED_CONTEXT ( ( #1394, #2188, #2620 ) ) REPRESENTATION_CONTEXT ( 'NONE', 'WORKASPACE' ) );
#946 =( GEOMETRIC_REPRESENTATION_CONTEXT ( 3 ) GLOBAL_UNCERTAINTY_ASSIGNED_CONTEXT ( ( #516 ) ) GLOBAL_UNIT_ASSIGNED_CONTEXT ( ( #391, #3563, #414 ) ) REPRESENTATION_CONTEXT ( 'NONE', 'WORKASPACE' ) );
#947 =( NAMED_UNIT ( * ) PLANE_ANGLE_UNIT ( ) SI_UNIT ( $, .RADIAN. ) );
#948 = CARTESIAN_POINT ( 'NONE',  ( 68.94938875305625459, -112.8069513123572136, -2.850000000000067590 ) ) ;
#949 = FILL_AREA_STYLE_COLOUR ( '', #2252 ) ;
#950 = VECTOR ( 'NONE', #3437, 1000.000000000000000 ) ;
#951 = SURFACE_STYLE_USAGE ( .BOTH. , #4460 ) ;
#952 =( BOUNDED_CURVE ( )  B_SPLINE_CURVE ( 3, ( #1583, #3992, #424, #1606 ),
 .UNSPECIFIED., .F., .T. ) 
 B_SPLINE_CURVE_WITH_KNOTS ( ( 4, 4 ),
 ( 0.000000000000000000, 1.570796326794896558 ),
 .UNSPECIFIED. ) 
 CURVE ( )  GEOMETRIC_REPRESENTATION_ITEM ( )  RATIONAL_B_SPLINE_CURVE ( ( 1.000000000000000000, 0.8047378541243649375, 0.8047378541243649375, 1.000000000000000000 ) ) 
 REPRESENTATION_ITEM ( '' )  );
#953 =( GEOMETRIC_REPRESENTATION_CONTEXT ( 3 ) GLOBAL_UNCERTAINTY_ASSIGNED_CONTEXT ( ( #1965 ) ) GLOBAL_UNIT_ASSIGNED_CONTEXT ( ( #1271, #8, #1663 ) ) REPRESENTATION_CONTEXT ( 'NONE', 'WORKASPACE' ) );
#954 = CARTESIAN_POINT ( 'NONE',  ( 65.94938875305625459, -8.682029339853306382, -24.99999999999999289 ) ) ;
#955 = VERTEX_POINT ( 'NONE', #502 ) ;
#956 =( GEOMETRIC_REPRESENTATION_CONTEXT ( 3 ) GLOBAL_UNCERTAINTY_ASSIGNED_CONTEXT ( ( #4701 ) ) GLOBAL_UNIT_ASSIGNED_CONTEXT ( ( #3400, #1013, #2576 ) ) REPRESENTATION_CONTEXT ( 'NONE', 'WORKASPACE' ) );
#957 = DIRECTION ( 'NONE',  ( -2.791627401171347403E-31, -1.000000000000000000, -1.508455196501572810E-15 ) ) ;
#958 = MECHANICAL_DESIGN_GEOMETRIC_PRESENTATION_REPRESENTATION (  '', ( #4565 ), #2309 ) ;
#959 = AXIS2_PLACEMENT_3D ( 'NONE', #2280, #2696, #1471 ) ;
#960 = FILL_AREA_STYLE_COLOUR ( '', #2792 ) ;
#961 = PRESENTATION_STYLE_ASSIGNMENT (( #2618 ) ) ;
#962 = FILL_AREA_STYLE_COLOUR ( '', #4650 ) ;
#963 = ORIENTED_EDGE ( 'NONE', *, *, #2769, .T. ) ;
#964 = SURFACE_STYLE_FILL_AREA ( #5028 ) ;
#965 = CARTESIAN_POINT ( 'NONE',  ( 65.94938875305625459, -12.68202933985330461, 32.00000000000000000 ) ) ;
#966 = DIRECTION ( 'NONE',  ( 0.000000000000000000, 1.000000000000000000, 0.000000000000000000 ) ) ;
#967 = FILL_AREA_STYLE_COLOUR ( '', #1024 ) ;
#968 = ORIENTED_EDGE ( 'NONE', *, *, #569, .F. ) ;
#969 = ORIENTED_EDGE ( 'NONE', *, *, #4832, .F. ) ;
#970 = VERTEX_POINT ( 'NONE', #1062 ) ;
#971 = SURFACE_STYLE_USAGE ( .BOTH. , #2142 ) ;
#972 = PRESENTATION_LAYER_ASSIGNMENT (  '', '', ( #2489 ) ) ;
#973 = PRESENTATION_STYLE_ASSIGNMENT (( #4167 ) ) ;
#974 = CARTESIAN_POINT ( 'NONE',  ( -16.05061124694373476, -10.68202933985330461, -24.99999999999999289 ) ) ;
#975 = EDGE_CURVE ( 'NONE', #2273, #4051, #5022, .T. ) ;
#976 = DIRECTION ( 'NONE',  ( 1.000000000000000000, -0.000000000000000000, 0.000000000000000000 ) ) ;
#977 = FACE_OUTER_BOUND ( 'NONE', #419, .T. ) ;
#978 = PRESENTATION_LAYER_ASSIGNMENT (  '', '', ( #2578 ) ) ;
#979 = EDGE_CURVE ( 'NONE', #3695, #2473, #2359, .T. ) ;
#980 = LINE ( 'NONE', #4621, #1603 ) ;
#981 = PRESENTATION_STYLE_ASSIGNMENT (( #2512 ) ) ;
#983 = ORIENTED_EDGE ( 'NONE', *, *, #4925, .T. ) ;
#982 = VECTOR ( 'NONE', #689, 1000.000000000000000 ) ;
#984 = ORIENTED_EDGE ( 'NONE', *, *, #2945, .F. ) ;
#985 = FILL_AREA_STYLE ('',( #4525 ) ) ;
#986 = STYLED_ITEM ( 'NONE', ( #4416 ), #3255 ) ;
#987 = CARTESIAN_POINT ( 'NONE',  ( -85.40061124694372552, -21.68202933985330461, -74.14999999999999147 ) ) ;
#988 = DIRECTION ( 'NONE',  ( 0.000000000000000000, 0.000000000000000000, 1.000000000000000000 ) ) ;
#989 = PRESENTATION_LAYER_ASSIGNMENT (  '', '', ( #3656 ) ) ;
#990 = CARTESIAN_POINT ( 'NONE',  ( -85.40061124694372552, -20.33202933985330318, -68.84999999999999432 ) ) ;
#991 = DIRECTION ( 'NONE',  ( 0.000000000000000000, 0.000000000000000000, 1.000000000000000000 ) ) ;
#992 = COLOUR_RGB ( '',1.000000000000000000, 1.000000000000000000, 1.000000000000000000 ) ;
#993 = LINE ( 'NONE', #5008, #2761 ) ;
#994 = LINE ( 'NONE', #4564, #3045 ) ;
#995 = ORIENTED_EDGE ( 'NONE', *, *, #3177, .T. ) ;
#996 = ORIENTED_EDGE ( 'NONE', *, *, #3569, .F. ) ;
#997 = DIRECTION ( 'NONE',  ( 1.000000000000000000, 0.000000000000000000, 0.000000000000000000 ) ) ;
#998 = FILL_AREA_STYLE_COLOUR ( '', #546 ) ;
#999 = DIRECTION ( 'NONE',  ( -1.000000000000000000, 0.000000000000000000, 0.000000000000000000 ) ) ;
#1000 = VECTOR ( 'NONE', #1828, 1000.000000000000000 ) ;
#1001 = ADVANCED_FACE ( 'NONE', ( #799 ), #372, .T. ) ;
#1002 = CARTESIAN_POINT ( 'NONE',  ( 141.2993887530563200, -14.68202933985330461, 69.85000000000002274 ) ) ;
#1003 = CARTESIAN_POINT ( 'NONE',  ( 27.44938875305626169, -16.33202933985330318, 69.35000000000002274 ) ) ;
#1004 = CARTESIAN_POINT ( 'NONE',  ( 140.2993887530563200, -21.68202933985330461, 68.85000000000002274 ) ) ;
#1005 = LINE ( 'NONE', #1713, #4894 ) ;
#1006 = ADVANCED_FACE ( 'NONE', ( #4342 ), #1940, .F. ) ;
#1007 = ORIENTED_EDGE ( 'NONE', *, *, #4983, .F. ) ;
#1008 = DIRECTION ( 'NONE',  ( -0.000000000000000000, 1.000000000000000000, -0.000000000000000000 ) ) ;
#1009 = EDGE_CURVE ( 'NONE', #4475, #654, #839, .T. ) ;
#1010 = SURFACE_STYLE_FILL_AREA ( #2572 ) ;
#1011 =( NAMED_UNIT ( * ) SI_UNIT ( $, .STERADIAN. ) SOLID_ANGLE_UNIT ( ) );
#1012 = CARTESIAN_POINT ( 'NONE',  ( 142.3993887530562574, -14.33202933985330318, 69.35000000000002274 ) ) ;
#1013 =( NAMED_UNIT ( * ) PLANE_ANGLE_UNIT ( ) SI_UNIT ( $, .RADIAN. ) );
#1014 = ORIENTED_EDGE ( 'NONE', *, *, #4179, .T. ) ;
#1015 = EDGE_LOOP ( 'NONE', ( #4612, #154, #1007, #3903 ) ) ;
#1016 = ORIENTED_EDGE ( 'NONE', *, *, #4109, .T. ) ;
#1017 = EDGE_LOOP ( 'NONE', ( #2923, #4579, #3657, #2347 ) ) ;
#1018 = VECTOR ( 'NONE', #119, 1000.000000000000000 ) ;
#1019 = DIRECTION ( 'NONE',  ( -0.000000000000000000, 1.000000000000000000, -0.000000000000000000 ) ) ;
#1020 = CIRCLE ( 'NONE', #3028, 5.299999999999998934 ) ;
#1021 = DIRECTION ( 'NONE',  ( 1.000000000000000000, -0.000000000000000000, -1.387778780781445922E-16 ) ) ;
#1022 = CARTESIAN_POINT ( 'NONE',  ( -84.90061124694371131, -16.33202933985330318, 71.35000000000002274 ) ) ;
#1023 =( GEOMETRIC_REPRESENTATION_CONTEXT ( 3 ) GLOBAL_UNCERTAINTY_ASSIGNED_CONTEXT ( ( #1089 ) ) GLOBAL_UNIT_ASSIGNED_CONTEXT ( ( #2909, #1737, #2587 ) ) REPRESENTATION_CONTEXT ( 'NONE', 'WORKASPACE' ) );
#1024 = COLOUR_RGB ( '',1.000000000000000000, 1.000000000000000000, 1.000000000000000000 ) ;
#1025 = CIRCLE ( 'NONE', #1693, 1.000000000000000888 ) ;
#1026 = FILL_AREA_STYLE_COLOUR ( '', #556 ) ;
#1027 = CARTESIAN_POINT ( 'NONE',  ( -85.40061124694372552, -20.33202933985330318, -68.84999999999999432 ) ) ;
#1028 = DIRECTION ( 'NONE',  ( 0.000000000000000000, 0.000000000000000000, -1.000000000000000000 ) ) ;
#1029 = SURFACE_STYLE_USAGE ( .BOTH. , #4657 ) ;
#1030 = FILL_AREA_STYLE ('',( #217 ) ) ;
#1031 = VECTOR ( 'NONE', #1021, 1000.000000000000000 ) ;
#1032 = DIRECTION ( 'NONE',  ( 0.000000000000000000, -0.000000000000000000, -1.000000000000000000 ) ) ;
#1033 = VERTEX_POINT ( 'NONE', #426 ) ;
#1034 = AXIS2_PLACEMENT_3D ( 'NONE', #4107, #532, #833 ) ;
#1035 = DIRECTION ( 'NONE',  ( 0.000000000000000000, 0.000000000000000000, 1.000000000000000000 ) ) ;
#1036 =( GEOMETRIC_REPRESENTATION_CONTEXT ( 3 ) GLOBAL_UNCERTAINTY_ASSIGNED_CONTEXT ( ( #3968 ) ) GLOBAL_UNIT_ASSIGNED_CONTEXT ( ( #3594, #2091, #2886 ) ) REPRESENTATION_CONTEXT ( 'NONE', 'WORKASPACE' ) );
#1037 = ADVANCED_FACE ( 'NONE', ( #1511 ), #2296, .F. ) ;
#1038 = STYLED_ITEM ( 'NONE', ( #4472 ), #2400 ) ;
#1039 = CARTESIAN_POINT ( 'NONE',  ( 72.94938875305625459, -12.68202933985330461, -24.99999999999999289 ) ) ;
#1040 = STYLED_ITEM ( 'NONE', ( #3285 ), #354 ) ;
#1041 = COLOUR_RGB ( '',1.000000000000000000, 1.000000000000000000, 1.000000000000000000 ) ;
#1042 =( NAMED_UNIT ( * ) SI_UNIT ( $, .STERADIAN. ) SOLID_ANGLE_UNIT ( ) );
#1043 = CIRCLE ( 'NONE', #301, 4.999999999999997335 ) ;
#1044 = CARTESIAN_POINT ( 'NONE',  ( 70.94938875305625459, -21.68202933985329750, -9.250000000000019540 ) ) ;
#1045 = STYLED_ITEM ( 'NONE', ( #2334 ), #1609 ) ;
#1046 = CYLINDRICAL_SURFACE ( 'NONE', #136, 5.299999999999998934 ) ;
#1047 = EDGE_CURVE ( 'NONE', #2108, #1147, #2777, .T. ) ;
#1048 = PRESENTATION_STYLE_ASSIGNMENT (( #1823 ) ) ;
#1049 = ORIENTED_EDGE ( 'NONE', *, *, #161, .F. ) ;
#1050 = COLOUR_RGB ( '',1.000000000000000000, 1.000000000000000000, 1.000000000000000000 ) ;
#1051 = ORIENTED_EDGE ( 'NONE', *, *, #4348, .F. ) ;
#1052 = ORIENTED_EDGE ( 'NONE', *, *, #1715, .F. ) ;
#1053 =( NAMED_UNIT ( * ) PLANE_ANGLE_UNIT ( ) SI_UNIT ( $, .RADIAN. ) );
#1054 = CARTESIAN_POINT ( 'NONE',  ( 67.44938875305626880, -12.68202933985330461, -21.49999999999996447 ) ) ;
#1055 = FILL_AREA_STYLE_COLOUR ( '', #1465 ) ;
#1056 = EDGE_CURVE ( 'NONE', #3320, #1101, #4018, .T. ) ;
#1057 = UNCERTAINTY_MEASURE_WITH_UNIT (LENGTH_MEASURE( 1.000000000000000082E-05 ), #468, 'distance_accuracy_value', 'NONE');
#1058 = VERTEX_POINT ( 'NONE', #1659 ) ;
#1059 = DIRECTION ( 'NONE',  ( 0.000000000000000000, -1.000000000000000000, 0.000000000000000000 ) ) ;
#1060 = PRESENTATION_STYLE_ASSIGNMENT (( #2686 ) ) ;
#1061 = PRESENTATION_STYLE_ASSIGNMENT (( #3049 ) ) ;
#1062 = CARTESIAN_POINT ( 'NONE',  ( 68.94938875305625459, -9.682029339853304606, 2.849999999999999201 ) ) ;
#1063 = DIRECTION ( 'NONE',  ( 0.000000000000000000, 0.000000000000000000, -1.000000000000000000 ) ) ;
#1064 = SURFACE_SIDE_STYLE ('',( #653 ) ) ;
#1065 =( NAMED_UNIT ( * ) SI_UNIT ( $, .STERADIAN. ) SOLID_ANGLE_UNIT ( ) );
#1066 = STYLED_ITEM ( 'NONE', ( #2000 ), #4251 ) ;
#1067 = FILL_AREA_STYLE_COLOUR ( '', #6 ) ;
#1068 =( GEOMETRIC_REPRESENTATION_CONTEXT ( 3 ) GLOBAL_UNCERTAINTY_ASSIGNED_CONTEXT ( ( #2318 ) ) GLOBAL_UNIT_ASSIGNED_CONTEXT ( ( #5045, #2662, #213 ) ) REPRESENTATION_CONTEXT ( 'NONE', 'WORKASPACE' ) );
#1069 = FILL_AREA_STYLE_COLOUR ( '', #298 ) ;
#1070 =( NAMED_UNIT ( * ) SI_UNIT ( $, .STERADIAN. ) SOLID_ANGLE_UNIT ( ) );
#1071 = EDGE_CURVE ( 'NONE', #5091, #4127, #1707, .T. ) ;
#1072 = DIRECTION ( 'NONE',  ( 1.000000000000000000, 0.000000000000000000, -1.387778780781445922E-16 ) ) ;
#1073 = PLANE ( 'NONE',  #4557 ) ;
#1074 = PRESENTATION_STYLE_ASSIGNMENT (( #1494 ) ) ;
#1075 = SURFACE_STYLE_FILL_AREA ( #4664 ) ;
#1076 = PRESENTATION_LAYER_ASSIGNMENT (  '', '', ( #4258 ) ) ;
#1077 = SURFACE_STYLE_USAGE ( .BOTH. , #3504 ) ;
#1078 = ORIENTED_EDGE ( 'NONE', *, *, #3217, .T. ) ;
#1079 = ORIENTED_EDGE ( 'NONE', *, *, #4185, .F. ) ;
#1080 = EDGE_CURVE ( 'NONE', #4569, #2314, #540, .T. ) ;
#1081 = ORIENTED_EDGE ( 'NONE', *, *, #487, .T. ) ;
#1082 = FACE_OUTER_BOUND ( 'NONE', #4296, .T. ) ;
#1083 = COLOUR_RGB ( '',1.000000000000000000, 1.000000000000000000, 1.000000000000000000 ) ;
#1084 = CARTESIAN_POINT ( 'NONE',  ( 140.2993887530563200, -20.33202933985330318, 74.15000000000001990 ) ) ;
#1085 = CARTESIAN_POINT ( 'NONE',  ( -84.90061124694371131, -15.16045646459950191, 71.35000000000002274 ) ) ;
#1086 = SURFACE_SIDE_STYLE ('',( #2396 ) ) ;
#1087 = FILL_AREA_STYLE_COLOUR ( '', #253 ) ;
#1088 = FILL_AREA_STYLE ('',( #4520 ) ) ;
#1089 = UNCERTAINTY_MEASURE_WITH_UNIT (LENGTH_MEASURE( 1.000000000000000082E-05 ), #2909, 'distance_accuracy_value', 'NONE');
#1090 = UNCERTAINTY_MEASURE_WITH_UNIT (LENGTH_MEASURE( 1.000000000000000082E-05 ), #4262, 'distance_accuracy_value', 'NONE');
#1091 = FILL_AREA_STYLE_COLOUR ( '', #2784 ) ;
#1092 =( GEOMETRIC_REPRESENTATION_CONTEXT ( 3 ) GLOBAL_UNCERTAINTY_ASSIGNED_CONTEXT ( ( #3856 ) ) GLOBAL_UNIT_ASSIGNED_CONTEXT ( ( #207, #1053, #565 ) ) REPRESENTATION_CONTEXT ( 'NONE', 'WORKASPACE' ) );
#1093 = SURFACE_STYLE_FILL_AREA ( #3201 ) ;
#1094 = PRESENTATION_STYLE_ASSIGNMENT (( #2640 ) ) ;
#1095 = ORIENTED_EDGE ( 'NONE', *, *, #4424, .T. ) ;
#1096 =( LENGTH_UNIT ( ) NAMED_UNIT ( * ) SI_UNIT ( .MILLI., .METRE. ) );
#1097 = DIRECTION ( 'NONE',  ( 0.000000000000000000, 1.000000000000000000, 0.000000000000000000 ) ) ;
#1098 = SHAPE_DEFINITION_REPRESENTATION ( #2924, #4399 ) ;
#1099 = CARTESIAN_POINT ( 'NONE',  ( 65.94938875305625459, -8.682029339853306382, 25.00000000000000000 ) ) ;
#1100 = EDGE_CURVE ( 'NONE', #4015, #1293, #4516, .T. ) ;
#1101 = VERTEX_POINT ( 'NONE', #3684 ) ;
#1102 = EDGE_LOOP ( 'NONE', ( #4177, #3482, #3583, #326 ) ) ;
#1103 = ORIENTED_EDGE ( 'NONE', *, *, #4660, .T. ) ;
#1104 = ORIENTED_EDGE ( 'NONE', *, *, #2453, .F. ) ;
#1105 = PRESENTATION_STYLE_ASSIGNMENT (( #5165 ) ) ;
#1106 = SURFACE_STYLE_FILL_AREA ( #4285 ) ;
#1107 = UNCERTAINTY_MEASURE_WITH_UNIT (LENGTH_MEASURE( 1.000000000000000082E-05 ), #2445, 'distance_accuracy_value', 'NONE');
#1108 = CYLINDRICAL_SURFACE ( 'NONE', #374, 5.000000000000004441 ) ;
#1109 = EDGE_CURVE ( 'NONE', #880, #635, #1360, .T. ) ;
#1110 =( NAMED_UNIT ( * ) PLANE_ANGLE_UNIT ( ) SI_UNIT ( $, .RADIAN. ) );
#1111 = CYLINDRICAL_SURFACE ( 'NONE', #4377, 5.299999999999998934 ) ;
#1112 =( GEOMETRIC_REPRESENTATION_CONTEXT ( 3 ) GLOBAL_UNCERTAINTY_ASSIGNED_CONTEXT ( ( #4760 ) ) GLOBAL_UNIT_ASSIGNED_CONTEXT ( ( #944, #3747, #4572 ) ) REPRESENTATION_CONTEXT ( 'NONE', 'WORKASPACE' ) );
#1113 = CARTESIAN_POINT ( 'NONE',  ( 27.44938875305626169, -14.33202933985330318, 69.35000000000002274 ) ) ;
#1114 =( GEOMETRIC_REPRESENTATION_CONTEXT ( 3 ) GLOBAL_UNCERTAINTY_ASSIGNED_CONTEXT ( ( #4288 ) ) GLOBAL_UNIT_ASSIGNED_CONTEXT ( ( #5020, #3016, #4201 ) ) REPRESENTATION_CONTEXT ( 'NONE', 'WORKASPACE' ) );
#1115 =( LENGTH_UNIT ( ) NAMED_UNIT ( * ) SI_UNIT ( .MILLI., .METRE. ) );
#1116 = MECHANICAL_DESIGN_GEOMETRIC_PRESENTATION_REPRESENTATION (  '', ( #460 ), #1540 ) ;
#1117 = AXIS2_PLACEMENT_3D ( 'NONE', #596, #2213, #1408 ) ;
#1118 = CARTESIAN_POINT ( 'NONE',  ( 69.94938875305625459, -7.682029339853305494, -9.250000000000012434 ) ) ;
#1119 = STYLED_ITEM ( 'NONE', ( #500 ), #2710 ) ;
#1120 =( NAMED_UNIT ( * ) PLANE_ANGLE_UNIT ( ) SI_UNIT ( $, .RADIAN. ) );
#1121 = STYLED_ITEM ( 'NONE', ( #1590 ), #1871 ) ;
#1122 = PLANE ( 'NONE',  #4344 ) ;
#1123 = LINE ( 'NONE', #2721, #2941 ) ;
#1124 = PRESENTATION_LAYER_ASSIGNMENT (  '', '', ( #1621 ) ) ;
#1125 =( LENGTH_UNIT ( ) NAMED_UNIT ( * ) SI_UNIT ( .MILLI., .METRE. ) );
#1126 =( NAMED_UNIT ( * ) SI_UNIT ( $, .STERADIAN. ) SOLID_ANGLE_UNIT ( ) );
#1127 = VECTOR ( 'NONE', #475, 1000.000000000000000 ) ;
#1128 = FACE_OUTER_BOUND ( 'NONE', #2747, .T. ) ;
#1129 = ORIENTED_EDGE ( 'NONE', *, *, #3012, .F. ) ;
#1130 = UNCERTAINTY_MEASURE_WITH_UNIT (LENGTH_MEASURE( 1.000000000000000082E-05 ), #338, 'distance_accuracy_value', 'NONE');
#1131 = AXIS2_PLACEMENT_3D ( 'NONE', #526, #3581, #17 ) ;
#1132 = ORIENTED_EDGE ( 'NONE', *, *, #1405, .T. ) ;
#1133 = STYLED_ITEM ( 'NONE', ( #641 ), #721 ) ;
#1134 = ORIENTED_EDGE ( 'NONE', *, *, #637, .T. ) ;
#1135 = FILL_AREA_STYLE_COLOUR ( '', #4073 ) ;
#1136 = DIRECTION ( 'NONE',  ( -1.387778780781445922E-16, -0.000000000000000000, -1.000000000000000000 ) ) ;
#1137 = DIRECTION ( 'NONE',  ( 0.000000000000000000, -1.000000000000000000, 0.000000000000000000 ) ) ;
#1138 = LINE ( 'NONE', #394, #529 ) ;
#1139 = AXIS2_PLACEMENT_3D ( 'NONE', #5044, #1450, #187 ) ;
#1140 = ORIENTED_EDGE ( 'NONE', *, *, #1331, .T. ) ;
#1141 =( LENGTH_UNIT ( ) NAMED_UNIT ( * ) SI_UNIT ( .MILLI., .METRE. ) );
#1142 = EDGE_CURVE ( 'NONE', #5125, #2523, #1220, .T. ) ;
#1143 =( LENGTH_UNIT ( ) NAMED_UNIT ( * ) SI_UNIT ( .MILLI., .METRE. ) );
#1144 = CARTESIAN_POINT ( 'NONE',  ( 65.94938875305625459, -8.682029339853306382, -29.99999999999999645 ) ) ;
#1145 = EDGE_CURVE ( 'NONE', #2180, #3635, #2478, .T. ) ;
#1146 = LINE ( 'NONE', #2714, #1340 ) ;
#1147 = VERTEX_POINT ( 'NONE', #4837 ) ;
#1148 = FACE_OUTER_BOUND ( 'NONE', #5034, .T. ) ;
#1149 = FACE_OUTER_BOUND ( 'NONE', #4333, .T. ) ;
#1150 = PRODUCT_CONTEXT ( 'NONE', #1930, 'mechanical' ) ;
#1151 = LINE ( 'NONE', #2745, #1750 ) ;
#1152 = FILL_AREA_STYLE_COLOUR ( '', #2305 ) ;
#1153 = ORIENTED_EDGE ( 'NONE', *, *, #564, .F. ) ;
#1154 = AXIS2_PLACEMENT_3D ( 'NONE', #3588, #768, #398 ) ;
#1155 = ORIENTED_EDGE ( 'NONE', *, *, #1047, .F. ) ;
#1156 = ORIENTED_EDGE ( 'NONE', *, *, #1145, .F. ) ;
#1157 = CARTESIAN_POINT ( 'NONE',  ( -12.55061124694373298, -13.83202933985330318, -21.49999999999996447 ) ) ;
#1158 = AXIS2_PLACEMENT_3D ( 'NONE', #3232, #1569, #1544 ) ;
#1159 = VERTEX_POINT ( 'NONE', #2816 ) ;
#1160 = AXIS2_PLACEMENT_3D ( 'NONE', #2156, #524, #3357 ) ;
#1161 = FILL_AREA_STYLE ('',( #4732 ) ) ;
#1162 = FILL_AREA_STYLE_COLOUR ( '', #2005 ) ;
#1163 = ADVANCED_FACE ( 'NONE', ( #2507 ), #1245, .T. ) ;
#1164 = CARTESIAN_POINT ( 'NONE',  ( -82.90061124694371131, -14.33202933985330318, -69.34999999999999432 ) ) ;
#1165 = EDGE_CURVE ( 'NONE', #764, #3245, #1268, .T. ) ;
#1166 = CARTESIAN_POINT ( 'NONE',  ( -13.05061124694373298, -13.83202933985330318, -21.49999999999996092 ) ) ;
#1167 = CARTESIAN_POINT ( 'NONE',  ( 141.2993887530563200, -21.68202933985330461, 69.85000000000002274 ) ) ;
#1168 = CARTESIAN_POINT ( 'NONE',  ( 145.5993887530563029, -20.33202933985330318, 68.85000000000002274 ) ) ;
#1169 = CARTESIAN_POINT ( 'NONE',  ( 66.94938875305625459, -7.682029339853305494, -2.849999999999999201 ) ) ;
#1170 = EDGE_CURVE ( 'NONE', #2502, #1412, #2851, .T. ) ;
#1171 = SURFACE_SIDE_STYLE ('',( #2281 ) ) ;
#1172 = VERTEX_POINT ( 'NONE', #3836 ) ;
#1173 = ORIENTED_EDGE ( 'NONE', *, *, #2549, .T. ) ;
#1174 = ORIENTED_EDGE ( 'NONE', *, *, #3438, .T. ) ;
#1175 = PRESENTATION_STYLE_ASSIGNMENT (( #4777 ) ) ;
#1176 = DIRECTION ( 'NONE',  ( 0.000000000000000000, -1.000000000000000000, 0.000000000000000000 ) ) ;
#1177 = FILL_AREA_STYLE_COLOUR ( '', #40 ) ;
#1178 = ORIENTED_EDGE ( 'NONE', *, *, #883, .T. ) ;
#1179 = EDGE_LOOP ( 'NONE', ( #4135, #2338, #1349, #2283 ) ) ;
#1180 = SURFACE_STYLE_USAGE ( .BOTH. , #2403 ) ;
#1181 = FACE_OUTER_BOUND ( 'NONE', #4692, .T. ) ;
#1182 = UNCERTAINTY_MEASURE_WITH_UNIT (LENGTH_MEASURE( 1.000000000000000082E-05 ), #709, 'distance_accuracy_value', 'NONE');
#1183 = DIRECTION ( 'NONE',  ( 0.000000000000000000, -1.000000000000000000, 0.000000000000000000 ) ) ;
#1184 = CARTESIAN_POINT ( 'NONE',  ( -91.70161124694372745, -21.68202933985332947, -15.74999999999997513 ) ) ;
#1185 = COLOUR_RGB ( '',1.000000000000000000, 1.000000000000000000, 1.000000000000000000 ) ;
#1186 = FACE_OUTER_BOUND ( 'NONE', #221, .T. ) ;
#1187 = AXIS2_PLACEMENT_3D ( 'NONE', #1698, #2034, #1671 ) ;
#1188 = ORIENTED_EDGE ( 'NONE', *, *, #134, .T. ) ;
#1189 = CIRCLE ( 'NONE', #2536, 5.299999999999998934 ) ;
#1190 = DIRECTION ( 'NONE',  ( 0.000000000000000000, -1.000000000000000000, -6.938893903907222067E-15 ) ) ;
#1191 = FILL_AREA_STYLE_COLOUR ( '', #2295 ) ;
#1192 = STYLED_ITEM ( 'NONE', ( #3977 ), #4506 ) ;
#1193 = CARTESIAN_POINT ( 'NONE',  ( -85.40061124694372552, -20.33202933985330318, -74.14999999999999147 ) ) ;
#1194 = EDGE_LOOP ( 'NONE', ( #4961, #3231, #2106, #4826 ) ) ;
#1195 = SURFACE_STYLE_USAGE ( .BOTH. , #4789 ) ;
#1196 =( GEOMETRIC_REPRESENTATION_CONTEXT ( 3 ) GLOBAL_UNCERTAINTY_ASSIGNED_CONTEXT ( ( #2405 ) ) GLOBAL_UNIT_ASSIGNED_CONTEXT ( ( #4419, #454, #1617 ) ) REPRESENTATION_CONTEXT ( 'NONE', 'WORKASPACE' ) );
#1197 = EDGE_CURVE ( 'NONE', #533, #4250, #4371, .T. ) ;
#1198 = VECTOR ( 'NONE', #127, 1000.000000000000000 ) ;
#1199 = DIRECTION ( 'NONE',  ( -6.938893903907221278E-15, -6.938893903907221278E-15, 1.000000000000000000 ) ) ;
#1200 = FACE_BOUND ( 'NONE', #2358, .T. ) ;
#1201 = CARTESIAN_POINT ( 'NONE',  ( -14.05061124694373476, -9.682029339853301053, 0.000000000000000000 ) ) ;
#1202 = ORIENTED_EDGE ( 'NONE', *, *, #687, .T. ) ;
#1203 = MECHANICAL_DESIGN_GEOMETRIC_PRESENTATION_REPRESENTATION (  '', ( #4897 ), #393 ) ;
#1204 = ORIENTED_EDGE ( 'NONE', *, *, #2254, .F. ) ;
#1205 = COLOUR_RGB ( '',1.000000000000000000, 1.000000000000000000, 1.000000000000000000 ) ;
#1206 = VERTEX_POINT ( 'NONE', #2964 ) ;
#1207 = EDGE_CURVE ( 'NONE', #3706, #114, #241, .T. ) ;
#1208 = DIRECTION ( 'NONE',  ( 0.000000000000000000, 0.000000000000000000, 1.000000000000000000 ) ) ;
#1209 = CARTESIAN_POINT ( 'NONE',  ( -91.70061124694372268, -21.18202933985330461, 74.65000000000001990 ) ) ;
#1210 = CARTESIAN_POINT ( 'NONE',  ( -16.05061124694373476, -8.682029339853306382, -24.99999999999999289 ) ) ;
#1211 =( NAMED_UNIT ( * ) PLANE_ANGLE_UNIT ( ) SI_UNIT ( $, .RADIAN. ) );
#1212 = VECTOR ( 'NONE', #3603, 1000.000000000000000 ) ;
#1213 = VERTEX_POINT ( 'NONE', #3810 ) ;
#1214 =( NAMED_UNIT ( * ) PLANE_ANGLE_UNIT ( ) SI_UNIT ( $, .RADIAN. ) );
#1215 = EDGE_CURVE ( 'NONE', #635, #3067, #4617, .T. ) ;
#1216 =( NAMED_UNIT ( * ) PLANE_ANGLE_UNIT ( ) SI_UNIT ( $, .RADIAN. ) );
#1217 = CIRCLE ( 'NONE', #4141, 2.000000000000001776 ) ;
#1218 = FILL_AREA_STYLE ('',( #27 ) ) ;
#1219 = AXIS2_PLACEMENT_3D ( 'NONE', #4848, #3579, #14 ) ;
#1220 = LINE ( 'NONE', #4486, #113 ) ;
#1221 = CIRCLE ( 'NONE', #3388, 2.000000000000001776 ) ;
#1222 = CARTESIAN_POINT ( 'NONE',  ( 69.94938875305625459, -8.682029339853306382, -15.75000000000001776 ) ) ;
#1223 = DIRECTION ( 'NONE',  ( -1.000000000000000000, -0.000000000000000000, -0.000000000000000000 ) ) ;
#1224 = ORIENTED_EDGE ( 'NONE', *, *, #2989, .T. ) ;
#1225 = FILL_AREA_STYLE_COLOUR ( '', #3236 ) ;
#1226 =( NAMED_UNIT ( * ) PLANE_ANGLE_UNIT ( ) SI_UNIT ( $, .RADIAN. ) );
#1227 = DIRECTION ( 'NONE',  ( 3.227392513445228234E-16, 0.000000000000000000, 1.000000000000000000 ) ) ;
#1228 = EDGE_CURVE ( 'NONE', #2284, #2925, #3027, .T. ) ;
#1229 = AXIS2_PLACEMENT_3D ( 'NONE', #3364, #3004, #2949 ) ;
#1230 = ORIENTED_EDGE ( 'NONE', *, *, #2080, .T. ) ;
#1231 = ORIENTED_EDGE ( 'NONE', *, *, #2354, .T. ) ;
#1232 = SURFACE_SIDE_STYLE ('',( #91 ) ) ;
#1233 = FACE_OUTER_BOUND ( 'NONE', #4351, .T. ) ;
#1234 = LINE ( 'NONE', #791, #3715 ) ;
#1235 = CARTESIAN_POINT ( 'NONE',  ( 141.2993887530563200, -14.68202933985330461, 69.85000000000002274 ) ) ;
#1236 = AXIS2_PLACEMENT_3D ( 'NONE', #4882, #1634, #1294 ) ;
#1237 = DIRECTION ( 'NONE',  ( 1.000000000000000000, 0.000000000000000000, 0.000000000000000000 ) ) ;
#1238 = ADVANCED_FACE ( 'NONE', ( #4651 ), #4118, .F. ) ;
#1239 = ORIENTED_EDGE ( 'NONE', *, *, #2052, .F. ) ;
#1240 = SURFACE_SIDE_STYLE ('',( #3718 ) ) ;
#1241 = DIRECTION ( 'NONE',  ( 0.000000000000000000, -1.000000000000000000, -2.168404344971008868E-16 ) ) ;
#1242 = TOROIDAL_SURFACE ( 'NONE', #1577, 5.500000000000000000, 0.5000000000000000000 ) ;
#1243 = UNCERTAINTY_MEASURE_WITH_UNIT (LENGTH_MEASURE( 1.000000000000000082E-05 ), #57, 'distance_accuracy_value', 'NONE');
#1244 = PLANE ( 'NONE',  #1694 ) ;
#1245 = CYLINDRICAL_SURFACE ( 'NONE', #2535, 0.5000000000000004441 ) ;
#1246 = EDGE_CURVE ( 'NONE', #362, #4825, #3433, .T. ) ;
#1247 = MECHANICAL_DESIGN_GEOMETRIC_PRESENTATION_REPRESENTATION (  '', ( #4507 ), #822 ) ;
#1248 = DIRECTION ( 'NONE',  ( 0.000000000000000000, -1.000000000000000000, 0.000000000000000000 ) ) ;
#1249 =( GEOMETRIC_REPRESENTATION_CONTEXT ( 3 ) GLOBAL_UNCERTAINTY_ASSIGNED_CONTEXT ( ( #2699 ) ) GLOBAL_UNIT_ASSIGNED_CONTEXT ( ( #2586, #4620, #619 ) ) REPRESENTATION_CONTEXT ( 'NONE', 'WORKASPACE' ) );
#1250 =( NAMED_UNIT ( * ) SI_UNIT ( $, .STERADIAN. ) SOLID_ANGLE_UNIT ( ) );
#1251 = ORIENTED_EDGE ( 'NONE', *, *, #290, .F. ) ;
#1252 = CARTESIAN_POINT ( 'NONE',  ( 67.44938875305626880, -12.68202933985330461, 21.49999999999996447 ) ) ;
#1253 = VECTOR ( 'NONE', #668, 1000.000000000000000 ) ;
#1254 = DIRECTION ( 'NONE',  ( 1.000000000000000000, 0.000000000000000000, 1.387778780781444256E-14 ) ) ;
#1255 = VERTEX_POINT ( 'NONE', #3327 ) ;
#1256 = VERTEX_POINT ( 'NONE', #5042 ) ;
#1257 = SURFACE_SIDE_STYLE ('',( #440 ) ) ;
#1258 = SURFACE_SIDE_STYLE ('',( #2496 ) ) ;
#1259 = LINE ( 'NONE', #4423, #1212 ) ;
#1260 = ADVANCED_FACE ( 'NONE', ( #4197 ), #1448, .T. ) ;
#1261 = LINE ( 'NONE', #3639, #4726 ) ;
#1262 = EDGE_LOOP ( 'NONE', ( #44, #1568, #3680, #4899 ) ) ;
#1263 = ORIENTED_EDGE ( 'NONE', *, *, #3638, .F. ) ;
#1264 =( NAMED_UNIT ( * ) PLANE_ANGLE_UNIT ( ) SI_UNIT ( $, .RADIAN. ) );
#1265 = DIRECTION ( 'NONE',  ( 0.000000000000000000, 0.000000000000000000, -1.000000000000000000 ) ) ;
#1266 = DIRECTION ( 'NONE',  ( -3.023483182530382676E-16, 0.000000000000000000, -1.000000000000000000 ) ) ;
#1267 = EDGE_CURVE ( 'NONE', #1421, #2108, #1138, .T. ) ;
#1268 = LINE ( 'NONE', #838, #2013 ) ;
#1269 = CARTESIAN_POINT ( 'NONE',  ( 62.44938875305626880, -12.68202933985330461, -21.50000000000000000 ) ) ;
#1270 = EDGE_CURVE ( 'NONE', #2700, #1520, #3115, .T. ) ;
#1271 =( LENGTH_UNIT ( ) NAMED_UNIT ( * ) SI_UNIT ( .MILLI., .METRE. ) );
#1272 = PRESENTATION_STYLE_ASSIGNMENT (( #4787 ) ) ;
#1273 = FILL_AREA_STYLE ('',( #4868 ) ) ;
#1274 = AXIS2_PLACEMENT_3D ( 'NONE', #4312, #792, #3986 ) ;
#1275 = DIRECTION ( 'NONE',  ( 0.000000000000000000, -0.000000000000000000, 1.000000000000000000 ) ) ;
#1276 = STYLED_ITEM ( 'NONE', ( #2088 ), #2854 ) ;
#1277 = EDGE_LOOP ( 'NONE', ( #5036, #2571, #2081, #1140 ) ) ;
#1278 = DIRECTION ( 'NONE',  ( 0.000000000000000000, 0.000000000000000000, 1.000000000000000000 ) ) ;
#1279 = AXIS2_PLACEMENT_3D ( 'NONE', #1650, #4479, #4401 ) ;
#1280 = AXIS2_PLACEMENT_3D ( 'NONE', #1169, #2431, #2388 ) ;
#1281 = UNCERTAINTY_MEASURE_WITH_UNIT (LENGTH_MEASURE( 1.000000000000000082E-05 ), #1394, 'distance_accuracy_value', 'NONE');
#1282 = AXIS2_PLACEMENT_3D ( 'NONE', #4271, #3476, #1517 ) ;
#1283 = VERTEX_POINT ( 'NONE', #1528 ) ;
#1284 = CARTESIAN_POINT ( 'NONE',  ( -14.05061124694373476, -9.682029339853301053, 0.000000000000000000 ) ) ;
#1285 = AXIS2_PLACEMENT_3D ( 'NONE', #3309, #3332, #3781 ) ;
#1286 = CARTESIAN_POINT ( 'NONE',  ( -11.05061124694373120, -7.682029339853305494, 28.00000000000000000 ) ) ;
#1287 =( NAMED_UNIT ( * ) PLANE_ANGLE_UNIT ( ) SI_UNIT ( $, .RADIAN. ) );
#1288 = FACE_OUTER_BOUND ( 'NONE', #4757, .T. ) ;
#1289 = VECTOR ( 'NONE', #5149, 1000.000000000000000 ) ;
#1290 = FILL_AREA_STYLE_COLOUR ( '', #2028 ) ;
#1291 = ORIENTED_EDGE ( 'NONE', *, *, #1009, .F. ) ;
#1292 = COLOUR_RGB ( '',1.000000000000000000, 1.000000000000000000, 1.000000000000000000 ) ;
#1293 = VERTEX_POINT ( 'NONE', #4725 ) ;
#1294 = DIRECTION ( 'NONE',  ( 0.000000000000000000, 0.000000000000000000, 1.000000000000000000 ) ) ;
#1295 = MECHANICAL_DESIGN_GEOMETRIC_PRESENTATION_REPRESENTATION (  '', ( #54 ), #3458 ) ;
#1296 = UNCERTAINTY_MEASURE_WITH_UNIT (LENGTH_MEASURE( 1.000000000000000082E-05 ), #2468, 'distance_accuracy_value', 'NONE');
#1297 = VECTOR ( 'NONE', #3651, 1000.000000000000000 ) ;
#1298 = CARTESIAN_POINT ( 'NONE',  ( -13.05061124694371877, -14.33202933985330318, 21.49999999999996447 ) ) ;
#1299 = AXIS2_PLACEMENT_3D ( 'NONE', #591, #3772, #2606 ) ;
#1300 = ADVANCED_FACE ( 'NONE', ( #2288 ), #3459, .F. ) ;
#1301 = AXIS2_PLACEMENT_3D ( 'NONE', #112, #4006, #1644 ) ;
#1302 = FILL_AREA_STYLE ('',( #949 ) ) ;
#1303 = PRESENTATION_LAYER_ASSIGNMENT (  '', '', ( #3381 ) ) ;
#1304 =( NAMED_UNIT ( * ) PLANE_ANGLE_UNIT ( ) SI_UNIT ( $, .RADIAN. ) );
#1305 = VERTEX_POINT ( 'NONE', #1557 ) ;
#1306 = LINE ( 'NONE', #3575, #1873 ) ;
#1307 = STYLED_ITEM ( 'NONE', ( #728 ), #201 ) ;
#1308 = ADVANCED_FACE ( 'NONE', ( #717 ), #1108, .T. ) ;
#1309 = PRESENTATION_STYLE_ASSIGNMENT (( #1716 ) ) ;
#1310 = FILL_AREA_STYLE ('',( #4904 ) ) ;
#1311 = FILL_AREA_STYLE_COLOUR ( '', #3960 ) ;
#1312 = DIRECTION ( 'NONE',  ( 0.000000000000000000, 0.000000000000000000, 1.000000000000000000 ) ) ;
#1313 = EDGE_CURVE ( 'NONE', #51, #924, #688, .T. ) ;
#1314 = EDGE_LOOP ( 'NONE', ( #3427, #3913, #1847, #5089 ) ) ;
#1315 = CARTESIAN_POINT ( 'NONE',  ( -91.70061124694373689, -21.18202933985330461, -69.84999999999999432 ) ) ;
#1316 = DIRECTION ( 'NONE',  ( -0.000000000000000000, -1.000000000000000000, -0.000000000000000000 ) ) ;
#1317 = LINE ( 'NONE', #888, #1018 ) ;
#1318 = FACE_OUTER_BOUND ( 'NONE', #3926, .T. ) ;
#1319 = EDGE_LOOP ( 'NONE', ( #2551, #3230, #4277, #259 ) ) ;
#1320 = MECHANICAL_DESIGN_GEOMETRIC_PRESENTATION_REPRESENTATION (  '', ( #4755 ), #75 ) ;
#1321 = ORIENTED_EDGE ( 'NONE', *, *, #903, .T. ) ;
#1322 = ORIENTED_EDGE ( 'NONE', *, *, #4724, .F. ) ;
#1323 = DIRECTION ( 'NONE',  ( -0.000000000000000000, 1.000000000000000000, 1.508455196501572810E-15 ) ) ;
#1324 = DIRECTION ( 'NONE',  ( 1.000000000000000000, 0.000000000000000000, -3.023483182530382676E-16 ) ) ;
#1325 = CIRCLE ( 'NONE', #571, 5.299999999999998934 ) ;
#1326 = SURFACE_STYLE_USAGE ( .BOTH. , #4810 ) ;
#1327 = UNCERTAINTY_MEASURE_WITH_UNIT (LENGTH_MEASURE( 1.000000000000000082E-05 ), #1141, 'distance_accuracy_value', 'NONE');
#1328 = VECTOR ( 'NONE', #5084, 1000.000000000000000 ) ;
#1329 = LINE ( 'NONE', #2118, #4037 ) ;
#1330 = DIRECTION ( 'NONE',  ( 0.000000000000000000, 0.000000000000000000, 1.000000000000000000 ) ) ;
#1331 = EDGE_CURVE ( 'NONE', #1520, #235, #3512, .T. ) ;
#1332 = LINE ( 'NONE', #4124, #383 ) ;
#1333 = ORIENTED_EDGE ( 'NONE', *, *, #3899, .F. ) ;
#1334 =( NAMED_UNIT ( * ) SI_UNIT ( $, .STERADIAN. ) SOLID_ANGLE_UNIT ( ) );
#1335 = ORIENTED_EDGE ( 'NONE', *, *, #167, .T. ) ;
#1336 = DIRECTION ( 'NONE',  ( 1.000000000000000000, 0.000000000000000000, 0.000000000000000000 ) ) ;
#1337 = CIRCLE ( 'NONE', #427, 0.5000000000000004441 ) ;
#1338 = EDGE_CURVE ( 'NONE', #808, #4917, #2286, .T. ) ;
#1339 =( NAMED_UNIT ( * ) SI_UNIT ( $, .STERADIAN. ) SOLID_ANGLE_UNIT ( ) );
#1340 = VECTOR ( 'NONE', #1990, 1000.000000000000000 ) ;
#1341 = CARTESIAN_POINT ( 'NONE',  ( 62.44938875305626880, -13.83202933985330318, -21.50000000000000000 ) ) ;
#1342 = VERTEX_POINT ( 'NONE', #416 ) ;
#1343 =( LENGTH_UNIT ( ) NAMED_UNIT ( * ) SI_UNIT ( .MILLI., .METRE. ) );
#1344 = AXIS2_PLACEMENT_3D ( 'NONE', #746, #369, #1936 ) ;
#1345 = EDGE_CURVE ( 'NONE', #4796, #2579, #1317, .T. ) ;
#1346 = CARTESIAN_POINT ( 'NONE',  ( 67.44938875305626880, -13.83202933985330318, 21.49999999999996447 ) ) ;
#1347 = DIRECTION ( 'NONE',  ( 0.000000000000000000, 0.000000000000000000, -1.000000000000000000 ) ) ;
#1348 = VERTEX_POINT ( 'NONE', #2872 ) ;
#1349 = ORIENTED_EDGE ( 'NONE', *, *, #4983, .T. ) ;
#1350 = LINE ( 'NONE', #126, #3335 ) ;
#1351 = LINE ( 'NONE', #102, #5051 ) ;
#1352 = SURFACE_STYLE_USAGE ( .BOTH. , #4941 ) ;
#1353 = PRESENTATION_STYLE_ASSIGNMENT (( #3812 ) ) ;
#1354 = DIRECTION ( 'NONE',  ( 1.387778780781445922E-16, -0.000000000000000000, 1.000000000000000000 ) ) ;
#1355 = DIRECTION ( 'NONE',  ( -0.000000000000000000, -1.000000000000000000, -0.000000000000000000 ) ) ;
#1356 = CARTESIAN_POINT ( 'NONE',  ( 70.94938875305625459, -21.68202933985332947, 15.74999999999997868 ) ) ;
#1357 = AXIS2_PLACEMENT_3D ( 'NONE', #1184, #2373, #2687 ) ;
#1358 = DIRECTION ( 'NONE',  ( 1.000000000000000000, 0.000000000000000000, 0.000000000000000000 ) ) ;
#1359 = CARTESIAN_POINT ( 'NONE',  ( -11.05061124694373120, -8.682029339853306382, 25.00000000000000000 ) ) ;
#1360 = CIRCLE ( 'NONE', #929, 3.299999999999997158 ) ;
#1361 = ADVANCED_FACE ( 'NONE', ( #1288 ), #2807, .T. ) ;
#1362 = ORIENTED_EDGE ( 'NONE', *, *, #3181, .F. ) ;
#1363 = CARTESIAN_POINT ( 'NONE',  ( -91.20061124694372268, -21.18202933985330461, 69.85000000000002274 ) ) ;
#1364 = DIRECTION ( 'NONE',  ( -0.000000000000000000, 0.000000000000000000, 1.000000000000000000 ) ) ;
#1365 = MECHANICAL_DESIGN_GEOMETRIC_PRESENTATION_REPRESENTATION (  '', ( #293 ), #3953 ) ;
#1366 = CARTESIAN_POINT ( 'NONE',  ( 140.2993887530562631, -20.33202933985330318, -74.14999999999999147 ) ) ;
#1367 = PRESENTATION_STYLE_ASSIGNMENT (( #203 ) ) ;
#1368 = ORIENTED_EDGE ( 'NONE', *, *, #104, .T. ) ;
#1369 = CIRCLE ( 'NONE', #3445, 5.299999999999998934 ) ;
#1370 = VERTEX_POINT ( 'NONE', #3195 ) ;
#1371 = STYLED_ITEM ( 'NONE', ( #437 ), #1672 ) ;
#1372 = CARTESIAN_POINT ( 'NONE',  ( 68.94938875305625459, -7.682029339853305494, 2.849999999999999645 ) ) ;
#1373 = DIRECTION ( 'NONE',  ( 0.000000000000000000, 0.000000000000000000, 1.000000000000000000 ) ) ;
#1374 =( NAMED_UNIT ( * ) PLANE_ANGLE_UNIT ( ) SI_UNIT ( $, .RADIAN. ) );
#1375 = COLOUR_RGB ( '',1.000000000000000000, 1.000000000000000000, 1.000000000000000000 ) ;
#1376 = CARTESIAN_POINT ( 'NONE',  ( -91.20061124694373689, -21.18202933985330461, -69.84999999999999432 ) ) ;
#1377 = LINE ( 'NONE', #4462, #708 ) ;
#1378 = COLOUR_RGB ( '',1.000000000000000000, 1.000000000000000000, 1.000000000000000000 ) ;
#1379 = TOROIDAL_SURFACE ( 'NONE', #1860, 3.999999999999995559, 1.000000000000000000 ) ;
#1380 = UNCERTAINTY_MEASURE_WITH_UNIT (LENGTH_MEASURE( 1.000000000000000082E-05 ), #435, 'distance_accuracy_value', 'NONE');
#1381 = STYLED_ITEM ( 'NONE', ( #2317 ), #5021 ) ;
#1382 = LINE ( 'NONE', #1426, #148 ) ;
#1383 = CIRCLE ( 'NONE', #4313, 4.000000000000000000 ) ;
#1384 = DIRECTION ( 'NONE',  ( 0.000000000000000000, 0.000000000000000000, 1.000000000000000000 ) ) ;
#1385 = PRESENTATION_LAYER_ASSIGNMENT (  '', '', ( #310 ) ) ;
#1386 = SURFACE_STYLE_FILL_AREA ( #3353 ) ;
#1387 = ORIENTED_EDGE ( 'NONE', *, *, #4862, .F. ) ;
#1388 = DIRECTION ( 'NONE',  ( -1.000000000000000000, 0.000000000000000000, -0.000000000000000000 ) ) ;
#1389 = VECTOR ( 'NONE', #1878, 1000.000000000000000 ) ;
#1390 = VERTEX_POINT ( 'NONE', #4087 ) ;
#1391 = VECTOR ( 'NONE', #2192, 1000.000000000000000 ) ;
#1392 = CARTESIAN_POINT ( 'NONE',  ( -14.05061124694373476, -7.682029339853305494, -24.99999999999999289 ) ) ;
#1393 = CIRCLE ( 'NONE', #1139, 0.5000000000000004441 ) ;
#1394 =( LENGTH_UNIT ( ) NAMED_UNIT ( * ) SI_UNIT ( .MILLI., .METRE. ) );
#1395 =( LENGTH_UNIT ( ) NAMED_UNIT ( * ) SI_UNIT ( .MILLI., .METRE. ) );
#1396 = DIRECTION ( 'NONE',  ( 0.000000000000000000, 0.000000000000000000, 1.000000000000000000 ) ) ;
#1397 = ADVANCED_FACE ( 'NONE', ( #512 ), #123, .T. ) ;
#1398 = FILL_AREA_STYLE ('',( #4189 ) ) ;
#1399 = ORIENTED_EDGE ( 'NONE', *, *, #4763, .T. ) ;
#1400 = ORIENTED_EDGE ( 'NONE', *, *, #4152, .T. ) ;
#1401 = ORIENTED_EDGE ( 'NONE', *, *, #1056, .T. ) ;
#1402 = CARTESIAN_POINT ( 'NONE',  ( 140.2993887530563200, -21.68202933985330461, 74.15000000000001990 ) ) ;
#1403 = DIRECTION ( 'NONE',  ( 0.000000000000000000, 0.000000000000000000, -1.000000000000000000 ) ) ;
#1404 = DIRECTION ( 'NONE',  ( 0.000000000000000000, 1.000000000000000000, 0.000000000000000000 ) ) ;
#1405 = EDGE_CURVE ( 'NONE', #2925, #1530, #2437, .T. ) ;
#1406 = SURFACE_SIDE_STYLE ('',( #5000 ) ) ;
#1407 = COLOUR_RGB ( '',1.000000000000000000, 1.000000000000000000, 1.000000000000000000 ) ;
#1408 = DIRECTION ( 'NONE',  ( -1.000000000000000000, 0.000000000000000000, -0.000000000000000000 ) ) ;
#1409 = EDGE_CURVE ( 'NONE', #2140, #1478, #2844, .T. ) ;
#1410 = DIRECTION ( 'NONE',  ( 0.000000000000000000, 0.000000000000000000, 1.000000000000000000 ) ) ;
#1411 = ORIENTED_EDGE ( 'NONE', *, *, #3927, .F. ) ;
#1412 = VERTEX_POINT ( 'NONE', #857 ) ;
#1413 = SURFACE_SIDE_STYLE ('',( #5004 ) ) ;
#1414 = CARTESIAN_POINT ( 'NONE',  ( 62.44938875305626880, -14.33202933985330318, -21.50000000000000000 ) ) ;
#1415 =( GEOMETRIC_REPRESENTATION_CONTEXT ( 3 ) GLOBAL_UNCERTAINTY_ASSIGNED_CONTEXT ( ( #4729 ) ) GLOBAL_UNIT_ASSIGNED_CONTEXT ( ( #817, #1214, #2425 ) ) REPRESENTATION_CONTEXT ( 'NONE', 'WORKASPACE' ) );
#1416 = CIRCLE ( 'NONE', #669, 2.000000000000001776 ) ;
#1417 = LINE ( 'NONE', #1044, #2240 ) ;
#1418 = CARTESIAN_POINT ( 'NONE',  ( -11.05061124694373120, -7.682029339853305494, 25.00000000000000000 ) ) ;
#1419 = LINE ( 'NONE', #4958, #5145 ) ;
#1420 = ORIENTED_EDGE ( 'NONE', *, *, #1197, .T. ) ;
#1421 = VERTEX_POINT ( 'NONE', #4188 ) ;
#1422 = CIRCLE ( 'NONE', #350, 2.000000000000001776 ) ;
#1423 = EDGE_LOOP ( 'NONE', ( #24, #1982, #3769, #763 ) ) ;
#1424 = DIRECTION ( 'NONE',  ( 1.387778780781445922E-16, -0.000000000000000000, 1.000000000000000000 ) ) ;
#1425 = FILL_AREA_STYLE_COLOUR ( '', #3356 ) ;
#1426 = CARTESIAN_POINT ( 'NONE',  ( 65.94938875305625459, -8.682029339853306382, -29.99999999999999645 ) ) ;
#1427 = CARTESIAN_POINT ( 'NONE',  ( 65.94938875305625459, -7.682029339853305494, -27.99999999999999289 ) ) ;
#1428 = EDGE_CURVE ( 'NONE', #1293, #2803, #847, .T. ) ;
#1429 = SURFACE_STYLE_USAGE ( .BOTH. , #1406 ) ;
#1430 = FACE_OUTER_BOUND ( 'NONE', #1474, .T. ) ;
#1431 = DIRECTION ( 'NONE',  ( 1.000000000000000000, 0.000000000000000000, 0.000000000000000000 ) ) ;
#1432 = ORIENTED_EDGE ( 'NONE', *, *, #296, .F. ) ;
#1433 = DIRECTION ( 'NONE',  ( 0.000000000000000000, 0.000000000000000000, 1.000000000000000000 ) ) ;
#1434 = ORIENTED_EDGE ( 'NONE', *, *, #128, .T. ) ;
#1435 = UNCERTAINTY_MEASURE_WITH_UNIT (LENGTH_MEASURE( 1.000000000000000082E-05 ), #1519, 'distance_accuracy_value', 'NONE');
#1436 = SURFACE_STYLE_USAGE ( .BOTH. , #173 ) ;
#1437 = DIRECTION ( 'NONE',  ( -0.000000000000000000, -1.000000000000000000, -0.000000000000000000 ) ) ;
#1438 =( NAMED_UNIT ( * ) PLANE_ANGLE_UNIT ( ) SI_UNIT ( $, .RADIAN. ) );
#1439 = CARTESIAN_POINT ( 'NONE',  ( -12.05061124694373120, -7.682029339853305494, 0.000000000000000000 ) ) ;
#1440 = EDGE_LOOP ( 'NONE', ( #1129, #1879, #4007, #1695 ) ) ;
#1441 = UNCERTAINTY_MEASURE_WITH_UNIT (LENGTH_MEASURE( 1.000000000000000082E-05 ), #53, 'distance_accuracy_value', 'NONE');
#1442 = EDGE_LOOP ( 'NONE', ( #179, #4627, #2101, #3859 ) ) ;
#1443 = VERTEX_POINT ( 'NONE', #4139 ) ;
#1444 = CARTESIAN_POINT ( 'NONE',  ( -84.90061124694371131, -20.33202933985330318, 71.35000000000002274 ) ) ;
#1445 =( GEOMETRIC_REPRESENTATION_CONTEXT ( 3 ) GLOBAL_UNCERTAINTY_ASSIGNED_CONTEXT ( ( #3671 ) ) GLOBAL_UNIT_ASSIGNED_CONTEXT ( ( #2938, #5002, #1334 ) ) REPRESENTATION_CONTEXT ( 'NONE', 'WORKASPACE' ) );
#1446 = LINE ( 'NONE', #3885, #785 ) ;
#1447 = FILL_AREA_STYLE ('',( #998 ) ) ;
#1448 = PLANE ( 'NONE',  #2780 ) ;
#1449 = STYLED_ITEM ( 'NONE', ( #1884 ), #4632 ) ;
#1450 = DIRECTION ( 'NONE',  ( 1.000000000000000000, 0.000000000000000000, 0.000000000000000000 ) ) ;
#1451 = SURFACE_STYLE_USAGE ( .BOTH. , #1855 ) ;
#1452 = CYLINDRICAL_SURFACE ( 'NONE', #4849, 2.000000000000001776 ) ;
#1453 = DIRECTION ( 'NONE',  ( 0.000000000000000000, 0.000000000000000000, 1.000000000000000000 ) ) ;
#1454 = CIRCLE ( 'NONE', #3372, 0.5000000000000004441 ) ;
#1455 = COLOUR_RGB ( '',1.000000000000000000, 1.000000000000000000, 1.000000000000000000 ) ;
#1456 = DIRECTION ( 'NONE',  ( 1.000000000000000000, 0.000000000000000000, 0.000000000000000000 ) ) ;
#1457 = EDGE_CURVE ( 'NONE', #2902, #1058, #3797, .T. ) ;
#1458 = CARTESIAN_POINT ( 'NONE',  ( -86.40061124694372552, -14.68202933985330461, -69.84999999999999432 ) ) ;
#1459 = CARTESIAN_POINT ( 'NONE',  ( 67.44938875305626880, -12.68202933985330461, -21.49999999999996447 ) ) ;
#1460 = MECHANICAL_DESIGN_GEOMETRIC_PRESENTATION_REPRESENTATION (  '', ( #788 ), #956 ) ;
#1461 = LINE ( 'NONE', #325, #5095 ) ;
#1462 = VECTOR ( 'NONE', #3981, 1000.000000000000000 ) ;
#1463 = CARTESIAN_POINT ( 'NONE',  ( -14.05061124694373476, -9.682029339853306382, -15.29999999999999716 ) ) ;
#1464 = ADVANCED_FACE ( 'NONE', ( #605 ), #3094, .T. ) ;
#1465 = COLOUR_RGB ( '',1.000000000000000000, 1.000000000000000000, 1.000000000000000000 ) ;
#1466 =( LENGTH_UNIT ( ) NAMED_UNIT ( * ) SI_UNIT ( .MILLI., .METRE. ) );
#1467 = COLOUR_RGB ( '',1.000000000000000000, 1.000000000000000000, 1.000000000000000000 ) ;
#1468 = DIRECTION ( 'NONE',  ( -1.387778780781445922E-16, 0.000000000000000000, -1.000000000000000000 ) ) ;
#1469 = DIRECTION ( 'NONE',  ( 0.000000000000000000, 0.000000000000000000, -1.000000000000000000 ) ) ;
#1470 = SURFACE_STYLE_USAGE ( .BOTH. , #5059 ) ;
#1471 = DIRECTION ( 'NONE',  ( -1.000000000000000000, 0.000000000000000000, -0.000000000000000000 ) ) ;
#1472 = EDGE_CURVE ( 'NONE', #3736, #2140, #2187, .T. ) ;
#1473 = CARTESIAN_POINT ( 'NONE',  ( -12.05061124694373120, -9.682029339853301053, 15.29999999999999716 ) ) ;
#1474 = EDGE_LOOP ( 'NONE', ( #4224, #499, #4794, #3315 ) ) ;
#1475 =( GEOMETRIC_REPRESENTATION_CONTEXT ( 3 ) GLOBAL_UNCERTAINTY_ASSIGNED_CONTEXT ( ( #4017 ) ) GLOBAL_UNIT_ASSIGNED_CONTEXT ( ( #4608, #559, #1011 ) ) REPRESENTATION_CONTEXT ( 'NONE', 'WORKASPACE' ) );
#1476 = AXIS2_PLACEMENT_3D ( 'NONE', #1414, #2537, #2568 ) ;
#1477 = ORIENTED_EDGE ( 'NONE', *, *, #1967, .F. ) ;
#1478 = VERTEX_POINT ( 'NONE', #257 ) ;
#1479 = VERTEX_POINT ( 'NONE', #3398 ) ;
#1480 = LINE ( 'NONE', #4649, #227 ) ;
#1481 = CARTESIAN_POINT ( 'NONE',  ( 65.94938875305625459, -7.682029339853305494, 25.00000000000000000 ) ) ;
#1482 = CARTESIAN_POINT ( 'NONE',  ( 27.44938875305626169, -21.68202933985330461, 74.65000000000001990 ) ) ;
#1483 = DIRECTION ( 'NONE',  ( 0.000000000000000000, 0.000000000000000000, -1.000000000000000000 ) ) ;
#1484 = CARTESIAN_POINT ( 'NONE',  ( -7.550611246943686794, -14.33202933985330318, 27.00000000000000000 ) ) ;
#1485 = PRESENTATION_LAYER_ASSIGNMENT (  '', '', ( #807 ) ) ;
#1486 = EDGE_CURVE ( 'NONE', #3957, #1802, #993, .T. ) ;
#1487 = COLOUR_RGB ( '',1.000000000000000000, 1.000000000000000000, 1.000000000000000000 ) ;
#1488 = CYLINDRICAL_SURFACE ( 'NONE', #3202, 5.299999999999998934 ) ;
#1489 = DIRECTION ( 'NONE',  ( 0.000000000000000000, 0.000000000000000000, 1.000000000000000000 ) ) ;
#1490 = DIRECTION ( 'NONE',  ( 0.000000000000000000, 1.000000000000000000, 0.000000000000000000 ) ) ;
#1491 = VECTOR ( 'NONE', #2556, 1000.000000000000000 ) ;
#1492 = EDGE_CURVE ( 'NONE', #5168, #4611, #4934, .T. ) ;
#1493 = LINE ( 'NONE', #4369, #3275 ) ;
#1494 = SURFACE_STYLE_USAGE ( .BOTH. , #4713 ) ;
#1495 = MECHANICAL_DESIGN_GEOMETRIC_PRESENTATION_REPRESENTATION (  '', ( #3656 ), #4417 ) ;
#1496 = FILL_AREA_STYLE_COLOUR ( '', #3971 ) ;
#1497 = VERTEX_POINT ( 'NONE', #642 ) ;
#1498 = UNCERTAINTY_MEASURE_WITH_UNIT (LENGTH_MEASURE( 1.000000000000000082E-05 ), #922, 'distance_accuracy_value', 'NONE');
#1499 = ORIENTED_EDGE ( 'NONE', *, *, #3500, .T. ) ;
#1500 = VERTEX_POINT ( 'NONE', #2229 ) ;
#1501 = EDGE_CURVE ( 'NONE', #4569, #3957, #3033, .T. ) ;
#1502 = CARTESIAN_POINT ( 'NONE',  ( -11.05061124694373120, -8.682029339853306382, 25.00000000000000000 ) ) ;
#1503 = VECTOR ( 'NONE', #2934, 1000.000000000000000 ) ;
#1504 = SURFACE_STYLE_USAGE ( .BOTH. , #3145 ) ;
#1505 = SURFACE_STYLE_USAGE ( .BOTH. , #1928 ) ;
#1506 = CIRCLE ( 'NONE', #1907, 5.499999999999998224 ) ;
#1507 =( LENGTH_UNIT ( ) NAMED_UNIT ( * ) SI_UNIT ( .MILLI., .METRE. ) );
#1508 = DIRECTION ( 'NONE',  ( 0.000000000000000000, 0.000000000000000000, -1.000000000000000000 ) ) ;
#1509 = UNCERTAINTY_MEASURE_WITH_UNIT (LENGTH_MEASURE( 1.000000000000000082E-05 ), #5166, 'distance_accuracy_value', 'NONE');
#1510 =( LENGTH_UNIT ( ) NAMED_UNIT ( * ) SI_UNIT ( .MILLI., .METRE. ) );
#1511 = FACE_OUTER_BOUND ( 'NONE', #1194, .T. ) ;
#1512 = FACE_OUTER_BOUND ( 'NONE', #4510, .T. ) ;
#1513 = PRESENTATION_LAYER_ASSIGNMENT (  '', '', ( #189 ) ) ;
#1514 = VECTOR ( 'NONE', #4105, 1000.000000000000000 ) ;
#1515 = FACE_OUTER_BOUND ( 'NONE', #624, .T. ) ;
#1516 = CARTESIAN_POINT ( 'NONE',  ( 65.94938875305625459, -12.68202933985330461, -31.99999999999999289 ) ) ;
#1517 = DIRECTION ( 'NONE',  ( 0.000000000000000000, 0.000000000000000000, 1.000000000000000000 ) ) ;
#1518 =( NAMED_UNIT ( * ) SI_UNIT ( $, .STERADIAN. ) SOLID_ANGLE_UNIT ( ) );
#1519 =( LENGTH_UNIT ( ) NAMED_UNIT ( * ) SI_UNIT ( .MILLI., .METRE. ) );
#1520 = VERTEX_POINT ( 'NONE', #1366 ) ;
#1521 = EDGE_CURVE ( 'NONE', #2198, #3320, #4138, .T. ) ;
#1522 = COLOUR_RGB ( '',1.000000000000000000, 1.000000000000000000, 1.000000000000000000 ) ;
#1523 = ORIENTED_EDGE ( 'NONE', *, *, #1994, .F. ) ;
#1524 = ORIENTED_EDGE ( 'NONE', *, *, #2048, .F. ) ;
#1525 = DIRECTION ( 'NONE',  ( 0.000000000000000000, 1.000000000000000000, 0.000000000000000000 ) ) ;
#1526 = CARTESIAN_POINT ( 'NONE',  ( -85.40061124694369710, -20.33202933985330318, 68.85000000000002274 ) ) ;
#1527 = AXIS2_PLACEMENT_3D ( 'NONE', #130, #469, #519 ) ;
#1528 = CARTESIAN_POINT ( 'NONE',  ( 65.94938875305625459, -7.682029339853305494, 28.00000000000000355 ) ) ;
#1529 = EDGE_CURVE ( 'NONE', #1255, #1348, #2921, .T. ) ;
#1530 = VERTEX_POINT ( 'NONE', #2136 ) ;
#1531 = UNCERTAINTY_MEASURE_WITH_UNIT (LENGTH_MEASURE( 1.000000000000000082E-05 ), #2083, 'distance_accuracy_value', 'NONE');
#1532 =( GEOMETRIC_REPRESENTATION_CONTEXT ( 3 ) GLOBAL_UNCERTAINTY_ASSIGNED_CONTEXT ( ( #1296 ) ) GLOBAL_UNIT_ASSIGNED_CONTEXT ( ( #2468, #4800, #2055 ) ) REPRESENTATION_CONTEXT ( 'NONE', 'WORKASPACE' ) );
#1533 = FILL_AREA_STYLE ('',( #5117 ) ) ;
#1534 =( NAMED_UNIT ( * ) SI_UNIT ( $, .STERADIAN. ) SOLID_ANGLE_UNIT ( ) );
#1535 = CARTESIAN_POINT ( 'NONE',  ( -86.40061124694371131, -12.68202933985330461, 75.15000000000001990 ) ) ;
#1536 = PRESENTATION_LAYER_ASSIGNMENT (  '', '', ( #2856 ) ) ;
#1537 = CIRCLE ( 'NONE', #3529, 2.000000000000001776 ) ;
#1538 = DIRECTION ( 'NONE',  ( -1.000000000000000000, 0.000000000000000000, 1.387778780781445922E-16 ) ) ;
#1539 = AXIS2_PLACEMENT_3D ( 'NONE', #3878, #2767, #5057 ) ;
#1540 =( GEOMETRIC_REPRESENTATION_CONTEXT ( 3 ) GLOBAL_UNCERTAINTY_ASSIGNED_CONTEXT ( ( #770 ) ) GLOBAL_UNIT_ASSIGNED_CONTEXT ( ( #4906, #4526, #4132 ) ) REPRESENTATION_CONTEXT ( 'NONE', 'WORKASPACE' ) );
#1541 = COLOUR_RGB ( '',1.000000000000000000, 1.000000000000000000, 1.000000000000000000 ) ;
#1542 =( NAMED_UNIT ( * ) PLANE_ANGLE_UNIT ( ) SI_UNIT ( $, .RADIAN. ) );
#1543 =( GEOMETRIC_REPRESENTATION_CONTEXT ( 3 ) GLOBAL_UNCERTAINTY_ASSIGNED_CONTEXT ( ( #1605 ) ) GLOBAL_UNIT_ASSIGNED_CONTEXT ( ( #2092, #4578, #521 ) ) REPRESENTATION_CONTEXT ( 'NONE', 'WORKASPACE' ) );
#1544 = DIRECTION ( 'NONE',  ( 0.000000000000000000, 0.000000000000000000, -1.000000000000000000 ) ) ;
#1545 = AXIS2_PLACEMENT_3D ( 'NONE', #2230, #1748, #3370 ) ;
#1546 =( NAMED_UNIT ( * ) PLANE_ANGLE_UNIT ( ) SI_UNIT ( $, .RADIAN. ) );
#1547 = FILL_AREA_STYLE_COLOUR ( '', #4391 ) ;
#1548 = PRESENTATION_LAYER_ASSIGNMENT (  '', '', ( #3295 ) ) ;
#1549 = DIRECTION ( 'NONE',  ( 0.000000000000000000, 0.000000000000000000, 1.000000000000000000 ) ) ;
#1550 = ORIENTED_EDGE ( 'NONE', *, *, #4536, .F. ) ;
#1551 = CIRCLE ( 'NONE', #3809, 4.799999999999998934 ) ;
#1552 =( GEOMETRIC_REPRESENTATION_CONTEXT ( 3 ) GLOBAL_UNCERTAINTY_ASSIGNED_CONTEXT ( ( #319 ) ) GLOBAL_UNIT_ASSIGNED_CONTEXT ( ( #4478, #1287, #462 ) ) REPRESENTATION_CONTEXT ( 'NONE', 'WORKASPACE' ) );
#1553 = VERTEX_POINT ( 'NONE', #3739 ) ;
#1554 = DIRECTION ( 'NONE',  ( -3.227392513445228234E-16, 0.000000000000000000, -1.000000000000000000 ) ) ;
#1555 =( LENGTH_UNIT ( ) NAMED_UNIT ( * ) SI_UNIT ( .MILLI., .METRE. ) );
#1556 = EDGE_CURVE ( 'NONE', #1999, #4051, #3343, .T. ) ;
#1557 = CARTESIAN_POINT ( 'NONE',  ( -90.70061124694372268, -21.68202933985330461, 68.85000000000002274 ) ) ;
#1558 =( GEOMETRIC_REPRESENTATION_CONTEXT ( 3 ) GLOBAL_UNCERTAINTY_ASSIGNED_CONTEXT ( ( #3267 ) ) GLOBAL_UNIT_ASSIGNED_CONTEXT ( ( #1876, #2744, #5105 ) ) REPRESENTATION_CONTEXT ( 'NONE', 'WORKASPACE' ) );
#1559 = ORIENTED_EDGE ( 'NONE', *, *, #4892, .F. ) ;
#1560 = AXIS2_PLACEMENT_3D ( 'NONE', #2117, #616, #3839 ) ;
#1561 = EDGE_LOOP ( 'NONE', ( #3333, #3481, #3405, #1156 ) ) ;
#1562 = SURFACE_STYLE_FILL_AREA ( #1984 ) ;
#1563 = CARTESIAN_POINT ( 'NONE',  ( 65.94938875305625459, -12.68202933985330993, 28.00000000000000355 ) ) ;
#1564 = UNCERTAINTY_MEASURE_WITH_UNIT (LENGTH_MEASURE( 1.000000000000000082E-05 ), #4418, 'distance_accuracy_value', 'NONE');
#1565 = EDGE_CURVE ( 'NONE', #1101, #1159, #4226, .T. ) ;
#1566 = FILL_AREA_STYLE_COLOUR ( '', #4293 ) ;
#1567 = DIRECTION ( 'NONE',  ( -9.233391755032904050E-17, -0.000000000000000000, -1.000000000000000000 ) ) ;
#1568 = ORIENTED_EDGE ( 'NONE', *, *, #3564, .F. ) ;
#1569 = DIRECTION ( 'NONE',  ( -0.000000000000000000, -1.000000000000000000, -0.000000000000000000 ) ) ;
#1570 = VECTOR ( 'NONE', #3111, 1000.000000000000000 ) ;
#1571 = CARTESIAN_POINT ( 'NONE',  ( 140.2993887530562631, -20.33202933985330318, -68.84999999999999432 ) ) ;
#1572 = ORIENTED_EDGE ( 'NONE', *, *, #97, .T. ) ;
#1573 = EDGE_LOOP ( 'NONE', ( #4357, #3009, #585, #3648 ) ) ;
#1574 = SURFACE_SIDE_STYLE ('',( #2340 ) ) ;
#1575 = PRESENTATION_STYLE_ASSIGNMENT (( #2703 ) ) ;
#1576 = DIRECTION ( 'NONE',  ( 0.000000000000000000, 1.000000000000000000, 0.000000000000000000 ) ) ;
#1577 = AXIS2_PLACEMENT_3D ( 'NONE', #490, #1728, #3103 ) ;
#1578 = DIRECTION ( 'NONE',  ( 1.387778780781445922E-16, 7.542275982507859119E-16, 1.000000000000000000 ) ) ;
#1579 = ORIENTED_EDGE ( 'NONE', *, *, #3127, .F. ) ;
#1580 = VECTOR ( 'NONE', #2183, 1000.000000000000000 ) ;
#1581 = PRESENTATION_STYLE_ASSIGNMENT (( #1180 ) ) ;
#1582 = DIRECTION ( 'NONE',  ( 1.000000000000000000, -0.000000000000000000, -1.387778780781445922E-16 ) ) ;
#1583 = CARTESIAN_POINT ( 'NONE',  ( -84.90061124694369710, -16.33202933985330318, -71.34999999999999432 ) ) ;
#1584 = FILL_AREA_STYLE ('',( #3 ) ) ;
#1585 = ADVANCED_FACE ( 'NONE', ( #5106 ), #5087, .T. ) ;
#1586 = DIRECTION ( 'NONE',  ( 0.000000000000000000, 0.000000000000000000, 1.000000000000000000 ) ) ;
#1587 = STYLED_ITEM ( 'NONE', ( #518 ), #3866 ) ;
#1588 = ORIENTED_EDGE ( 'NONE', *, *, #2827, .T. ) ;
#1589 = FILL_AREA_STYLE_COLOUR ( '', #4234 ) ;
#1590 = PRESENTATION_STYLE_ASSIGNMENT (( #431 ) ) ;
#1591 = EDGE_CURVE ( 'NONE', #1500, #5066, #309, .T. ) ;
#1592 =( NAMED_UNIT ( * ) SI_UNIT ( $, .STERADIAN. ) SOLID_ANGLE_UNIT ( ) );
#1593 = PLANE ( 'NONE',  #535 ) ;
#1594 = FACE_OUTER_BOUND ( 'NONE', #727, .T. ) ;
#1595 = ORIENTED_EDGE ( 'NONE', *, *, #2407, .F. ) ;
#1596 = EDGE_CURVE ( 'NONE', #2912, #5091, #3161, .T. ) ;
#1597 = ORIENTED_EDGE ( 'NONE', *, *, #1835, .F. ) ;
#1598 = DIRECTION ( 'NONE',  ( 0.000000000000000000, 0.000000000000000000, -1.000000000000000000 ) ) ;
#1599 = LINE ( 'NONE', #93, #1711 ) ;
#1600 = UNCERTAINTY_MEASURE_WITH_UNIT (LENGTH_MEASURE( 1.000000000000000082E-05 ), #3406, 'distance_accuracy_value', 'NONE');
#1601 = EDGE_LOOP ( 'NONE', ( #2773, #2958, #238, #3164 ) ) ;
#1602 = CARTESIAN_POINT ( 'NONE',  ( 65.94938875305625459, -8.682029339853306382, 29.00000000000000355 ) ) ;
#1603 = VECTOR ( 'NONE', #4675, 1000.000000000000000 ) ;
#1604 = DIRECTION ( 'NONE',  ( -0.000000000000000000, 1.000000000000000000, -0.000000000000000000 ) ) ;
#1605 = UNCERTAINTY_MEASURE_WITH_UNIT (LENGTH_MEASURE( 1.000000000000000082E-05 ), #2092, 'distance_accuracy_value', 'NONE');
#1606 = CARTESIAN_POINT ( 'NONE',  ( -82.90061124694371131, -14.33202933985330318, -69.34999999999999432 ) ) ;
#1607 = AXIS2_PLACEMENT_3D ( 'NONE', #1807, #1404, #185 ) ;
#1608 = LINE ( 'NONE', #5031, #2567 ) ;
#1609 = ADVANCED_FACE ( 'NONE', ( #1128 ), #3932, .F. ) ;
#1610 = CARTESIAN_POINT ( 'NONE',  ( 141.2993887530562347, -14.68202933985330461, -75.14999999999999147 ) ) ;
#1611 = AXIS2_PLACEMENT_3D ( 'NONE', #4711, #3907, #4744 ) ;
#1612 = LINE ( 'NONE', #2455, #575 ) ;
#1613 = COLOUR_RGB ( '',1.000000000000000000, 1.000000000000000000, 1.000000000000000000 ) ;
#1614 = PRESENTATION_STYLE_ASSIGNMENT (( #3234 ) ) ;
#1615 = EDGE_CURVE ( 'NONE', #4332, #193, #1151, .T. ) ;
#1616 = AXIS2_PLACEMENT_3D ( 'NONE', #2275, #3522, #3077 ) ;
#1617 =( NAMED_UNIT ( * ) SI_UNIT ( $, .STERADIAN. ) SOLID_ANGLE_UNIT ( ) );
#1618 =( NAMED_UNIT ( * ) PLANE_ANGLE_UNIT ( ) SI_UNIT ( $, .RADIAN. ) );
#1619 = AXIS2_PLACEMENT_3D ( 'NONE', #1209, #23, #1904 ) ;
#1620 = ORIENTED_EDGE ( 'NONE', *, *, #3410, .F. ) ;
#1621 = STYLED_ITEM ( 'NONE', ( #1094 ), #2075 ) ;
#1622 = ORIENTED_EDGE ( 'NONE', *, *, #2017, .T. ) ;
#1623 = FACE_OUTER_BOUND ( 'NONE', #1262, .T. ) ;
#1624 = AXIS2_PLACEMENT_3D ( 'NONE', #2642, #5049, #4239 ) ;
#1625 = LINE ( 'NONE', #3220, #473 ) ;
#1626 = EDGE_CURVE ( 'NONE', #2502, #4528, #4773, .T. ) ;
#1627 = COLOUR_RGB ( '',1.000000000000000000, 1.000000000000000000, 1.000000000000000000 ) ;
#1628 =( NAMED_UNIT ( * ) SI_UNIT ( $, .STERADIAN. ) SOLID_ANGLE_UNIT ( ) );
#1629 = CARTESIAN_POINT ( 'NONE',  ( 145.5993887530562745, -20.33202933985330318, -68.84999999999999432 ) ) ;
#1631 = VERTEX_POINT ( 'NONE', #3853 ) ;
#1630 = VECTOR ( 'NONE', #5107, 1000.000000000000000 ) ;
#1632 = CIRCLE ( 'NONE', #2308, 6.999999999999995559 ) ;
#1633 = ORIENTED_EDGE ( 'NONE', *, *, #2391, .F. ) ;
#1634 = DIRECTION ( 'NONE',  ( -0.000000000000000000, -1.000000000000000000, -0.000000000000000000 ) ) ;
#1635 = MECHANICAL_DESIGN_GEOMETRIC_PRESENTATION_REPRESENTATION (  '', ( #3900 ), #4739 ) ;
#1636 = LINE ( 'NONE', #2479, #611 ) ;
#1637 = SURFACE_SIDE_STYLE ('',( #2762 ) ) ;
#1638 = PRODUCT ( '\X2\524d\X0\7', '\X2\524d\X0\7', '', ( #1150 ) ) ;
#1639 = ADVANCED_FACE ( 'NONE', ( #281 ), #4274, .T. ) ;
#1640 = DIRECTION ( 'NONE',  ( 0.000000000000000000, 0.000000000000000000, 1.000000000000000000 ) ) ;
#1641 = ORIENTED_EDGE ( 'NONE', *, *, #3927, .T. ) ;
#1642 = FACE_OUTER_BOUND ( 'NONE', #3832, .T. ) ;
#1643 = PRESENTATION_STYLE_ASSIGNMENT (( #4392 ) ) ;
#1644 = DIRECTION ( 'NONE',  ( 0.000000000000000000, 0.000000000000000000, 1.000000000000000000 ) ) ;
#1645 = ADVANCED_FACE ( 'NONE', ( #1200, #4471 ), #1593, .T. ) ;
#1646 = VERTEX_POINT ( 'NONE', #4439 ) ;
#1647 =( NAMED_UNIT ( * ) SI_UNIT ( $, .STERADIAN. ) SOLID_ANGLE_UNIT ( ) );
#1648 = FACE_OUTER_BOUND ( 'NONE', #1725, .T. ) ;
#1649 = FACE_OUTER_BOUND ( 'NONE', #3532, .T. ) ;
#1650 = CARTESIAN_POINT ( 'NONE',  ( -13.05061124694373298, -13.83202933985330318, -21.49999999999996447 ) ) ;
#1651 = LINE ( 'NONE', #1629, #706 ) ;
#1652 = VERTEX_POINT ( 'NONE', #2459 ) ;
#1653 = EDGE_LOOP ( 'NONE', ( #739, #1251, #4831, #3538 ) ) ;
#1654 = CARTESIAN_POINT ( 'NONE',  ( -7.550611246943686794, -13.83202933985330318, 27.00000000000000000 ) ) ;
#1655 = CARTESIAN_POINT ( 'NONE',  ( -7.550611246943734756, -13.83202933985330318, -21.50000000000000000 ) ) ;
#1656 = MECHANICAL_DESIGN_GEOMETRIC_PRESENTATION_REPRESENTATION (  '', ( #3411 ), #1735 ) ;
#1657 = UNCERTAINTY_MEASURE_WITH_UNIT (LENGTH_MEASURE( 1.000000000000000082E-05 ), #663, 'distance_accuracy_value', 'NONE');
#1658 = SURFACE_SIDE_STYLE ('',( #492 ) ) ;
#1659 = CARTESIAN_POINT ( 'NONE',  ( 67.44938875305626880, -13.83202933985330318, 21.49999999999996447 ) ) ;
#1660 = AXIS2_PLACEMENT_3D ( 'NONE', #4679, #1816, #3418 ) ;
#1661 = DIRECTION ( 'NONE',  ( 1.000000000000000000, 0.000000000000000000, 0.000000000000000000 ) ) ;
#1662 =( GEOMETRIC_REPRESENTATION_CONTEXT ( 3 ) GLOBAL_UNCERTAINTY_ASSIGNED_CONTEXT ( ( #4693 ) ) GLOBAL_UNIT_ASSIGNED_CONTEXT ( ( #4260, #2267, #3892 ) ) REPRESENTATION_CONTEXT ( 'NONE', 'WORKASPACE' ) );
#1663 =( NAMED_UNIT ( * ) SI_UNIT ( $, .STERADIAN. ) SOLID_ANGLE_UNIT ( ) );
#1664 =( NAMED_UNIT ( * ) SI_UNIT ( $, .STERADIAN. ) SOLID_ANGLE_UNIT ( ) );
#1665 =( NAMED_UNIT ( * ) SI_UNIT ( $, .STERADIAN. ) SOLID_ANGLE_UNIT ( ) );
#1666 = FILL_AREA_STYLE_COLOUR ( '', #4375 ) ;
#1667 = FACE_OUTER_BOUND ( 'NONE', #2983, .T. ) ;
#1668 = EDGE_LOOP ( 'NONE', ( #4279, #1579, #4857, #284 ) ) ;
#1669 = PRESENTATION_STYLE_ASSIGNMENT (( #71 ) ) ;
#1670 = CARTESIAN_POINT ( 'NONE',  ( -12.55061124694373298, -12.68202933985330461, -21.49999999999996447 ) ) ;
#1671 = DIRECTION ( 'NONE',  ( 1.000000000000000000, 0.000000000000000000, 0.000000000000000000 ) ) ;
#1672 = ADVANCED_FACE ( 'NONE', ( #1974 ), #3187, .F. ) ;
#1673 = FACE_OUTER_BOUND ( 'NONE', #4916, .T. ) ;
#1674 = ORIENTED_EDGE ( 'NONE', *, *, #3148, .T. ) ;
#1675 = EDGE_LOOP ( 'NONE', ( #1079, #3430, #4441, #938 ) ) ;
#1676 = EDGE_LOOP ( 'NONE', ( #2823, #2725, #4996, #1597 ) ) ;
#1677 =( NAMED_UNIT ( * ) PLANE_ANGLE_UNIT ( ) SI_UNIT ( $, .RADIAN. ) );
#1678 = FACE_OUTER_BOUND ( 'NONE', #1017, .T. ) ;
#1679 =( NAMED_UNIT ( * ) PLANE_ANGLE_UNIT ( ) SI_UNIT ( $, .RADIAN. ) );
#1680 = SURFACE_STYLE_FILL_AREA ( #4922 ) ;
#1681 = EDGE_CURVE ( 'NONE', #3605, #2735, #1025, .T. ) ;
#1682 = STYLED_ITEM ( 'NONE', ( #1788 ), #936 ) ;
#1683 = SURFACE_SIDE_STYLE ('',( #3226 ) ) ;
#1684 = FILL_AREA_STYLE_COLOUR ( '', #3690 ) ;
#1685 = CARTESIAN_POINT ( 'NONE',  ( 67.94938875305626880, -14.33202933985330318, 21.49999999999996092 ) ) ;
#1686 = ORIENTED_EDGE ( 'NONE', *, *, #2677, .F. ) ;
#1687 = COLOUR_RGB ( '',1.000000000000000000, 1.000000000000000000, 1.000000000000000000 ) ;
#1688 = PLANE ( 'NONE',  #3745 ) ;
#1689 = COLOUR_RGB ( '',1.000000000000000000, 1.000000000000000000, 1.000000000000000000 ) ;
#1690 =( NAMED_UNIT ( * ) SI_UNIT ( $, .STERADIAN. ) SOLID_ANGLE_UNIT ( ) );
#1691 =( GEOMETRIC_REPRESENTATION_CONTEXT ( 3 ) GLOBAL_UNCERTAINTY_ASSIGNED_CONTEXT ( ( #3122 ) ) GLOBAL_UNIT_ASSIGNED_CONTEXT ( ( #812, #1211, #1628 ) ) REPRESENTATION_CONTEXT ( 'NONE', 'WORKASPACE' ) );
#1692 = LINE ( 'NONE', #4499, #229 ) ;
#1693 = AXIS2_PLACEMENT_3D ( 'NONE', #3001, #1358, #1743 ) ;
#1694 = AXIS2_PLACEMENT_3D ( 'NONE', #4835, #3921, #346 ) ;
#1695 = ORIENTED_EDGE ( 'NONE', *, *, #3791, .T. ) ;
#1696 = CARTESIAN_POINT ( 'NONE',  ( -11.05061124694373120, -10.68202933985330461, 25.00000000000000000 ) ) ;
#1697 = DIRECTION ( 'NONE',  ( 1.387778780781445922E-16, -0.000000000000000000, 1.000000000000000000 ) ) ;
#1698 = CARTESIAN_POINT ( 'NONE',  ( -18.05061124694373120, -10.68202933985330461, 25.00000000000000000 ) ) ;
#1699 = AXIS2_PLACEMENT_3D ( 'NONE', #1721, #2435, #116 ) ;
#1700 = VERTEX_POINT ( 'NONE', #4981 ) ;
#1701 = AXIS2_PLACEMENT_3D ( 'NONE', #4447, #4856, #889 ) ;
#1702 = ORIENTED_EDGE ( 'NONE', *, *, #1109, .T. ) ;
#1703 = EDGE_CURVE ( 'NONE', #1500, #5125, #2942, .T. ) ;
#1704 = DIRECTION ( 'NONE',  ( 0.000000000000000000, 0.000000000000000000, 1.000000000000000000 ) ) ;
#1705 = CARTESIAN_POINT ( 'NONE',  ( -86.40061124694372552, -21.68202933985330461, -69.84999999999999432 ) ) ;
#1706 = VECTOR ( 'NONE', #1227, 1000.000000000000000 ) ;
#1707 = LINE ( 'NONE', #446, #288 ) ;
#1708 = AXIS2_PLACEMENT_3D ( 'NONE', #2112, #3721, #2634 ) ;
#1709 = DIRECTION ( 'NONE',  ( 0.000000000000000000, 1.000000000000000000, 0.000000000000000000 ) ) ;
#1710 = EDGE_CURVE ( 'NONE', #4397, #1255, #225, .T. ) ;
#1711 = VECTOR ( 'NONE', #2033, 1000.000000000000000 ) ;
#1712 = DIRECTION ( 'NONE',  ( 0.000000000000000000, 0.000000000000000000, -1.000000000000000000 ) ) ;
#1713 = CARTESIAN_POINT ( 'NONE',  ( -90.70061124694372268, -20.33202933985330318, 68.85000000000002274 ) ) ;
#1714 = VECTOR ( 'NONE', #143, 1000.000000000000000 ) ;
#1715 = EDGE_CURVE ( 'NONE', #2393, #4330, #4930, .T. ) ;
#1716 = SURFACE_STYLE_USAGE ( .BOTH. , #4582 ) ;
#1717 = SURFACE_SIDE_STYLE ('',( #2130 ) ) ;
#1718 = SURFACE_STYLE_USAGE ( .BOTH. , #252 ) ;
#1719 = EDGE_LOOP ( 'NONE', ( #1335, #4374, #386, #1998, #2432 ) ) ;
#1720 =( NAMED_UNIT ( * ) PLANE_ANGLE_UNIT ( ) SI_UNIT ( $, .RADIAN. ) );
#1721 = CARTESIAN_POINT ( 'NONE',  ( 66.94938875305625459, -9.682029339853304606, 2.849999999999999645 ) ) ;
#1722 = PRESENTATION_STYLE_ASSIGNMENT (( #3710 ) ) ;
#1723 = DIRECTION ( 'NONE',  ( 0.000000000000000000, -1.000000000000000000, 0.000000000000000000 ) ) ;
#1724 = DIRECTION ( 'NONE',  ( -0.000000000000000000, -1.000000000000000000, -0.000000000000000000 ) ) ;
#1725 = EDGE_LOOP ( 'NONE', ( #765, #3453, #2997, #3109 ) ) ;
#1726 = AXIS2_PLACEMENT_3D ( 'NONE', #2133, #2190, #4954 ) ;
#1727 = ORIENTED_EDGE ( 'NONE', *, *, #1228, .T. ) ;
#1728 = DIRECTION ( 'NONE',  ( 0.000000000000000000, -1.000000000000000000, 0.000000000000000000 ) ) ;
#1729 = FILL_AREA_STYLE_COLOUR ( '', #2679 ) ;
#1730 =( NAMED_UNIT ( * ) PLANE_ANGLE_UNIT ( ) SI_UNIT ( $, .RADIAN. ) );
#1731 = LINE ( 'NONE', #1022, #1866 ) ;
#1732 =( GEOMETRIC_REPRESENTATION_CONTEXT ( 3 ) GLOBAL_UNCERTAINTY_ASSIGNED_CONTEXT ( ( #3514 ) ) GLOBAL_UNIT_ASSIGNED_CONTEXT ( ( #3943, #1110, #3172 ) ) REPRESENTATION_CONTEXT ( 'NONE', 'WORKASPACE' ) );
#1733 = SURFACE_STYLE_FILL_AREA ( #103 ) ;
#1734 = UNCERTAINTY_MEASURE_WITH_UNIT (LENGTH_MEASURE( 1.000000000000000082E-05 ), #2914, 'distance_accuracy_value', 'NONE');
#1735 =( GEOMETRIC_REPRESENTATION_CONTEXT ( 3 ) GLOBAL_UNCERTAINTY_ASSIGNED_CONTEXT ( ( #4149 ) ) GLOBAL_UNIT_ASSIGNED_CONTEXT ( ( #2332, #3743, #182 ) ) REPRESENTATION_CONTEXT ( 'NONE', 'WORKASPACE' ) );
#1736 = SURFACE_STYLE_USAGE ( .BOTH. , #4891 ) ;
#1737 =( NAMED_UNIT ( * ) PLANE_ANGLE_UNIT ( ) SI_UNIT ( $, .RADIAN. ) );
#1738 = ADVANCED_FACE ( 'NONE', ( #2569 ), #2595, .F. ) ;
#1739 = ORIENTED_EDGE ( 'NONE', *, *, #4855, .T. ) ;
#1740 = DIRECTION ( 'NONE',  ( 0.000000000000000000, 0.000000000000000000, -1.000000000000000000 ) ) ;
#1741 =( GEOMETRIC_REPRESENTATION_CONTEXT ( 3 ) GLOBAL_UNCERTAINTY_ASSIGNED_CONTEXT ( ( #1498 ) ) GLOBAL_UNIT_ASSIGNED_CONTEXT ( ( #922, #2532, #3329 ) ) REPRESENTATION_CONTEXT ( 'NONE', 'WORKASPACE' ) );
#1742 = CARTESIAN_POINT ( 'NONE',  ( -18.05061124694373831, -12.68202933985330461, 6.314393452555578613E-15 ) ) ;
#1743 = DIRECTION ( 'NONE',  ( 0.000000000000000000, 0.000000000000000000, -1.000000000000000000 ) ) ;
#1744 = FILL_AREA_STYLE_COLOUR ( '', #2800 ) ;
#1745 = ORIENTED_EDGE ( 'NONE', *, *, #4025, .T. ) ;
#1746 = VECTOR ( 'NONE', #1554, 1000.000000000000000 ) ;
#1747 = CARTESIAN_POINT ( 'NONE',  ( -86.40061124694372552, -12.68202933985330461, -69.84999999999999432 ) ) ;
#1748 = DIRECTION ( 'NONE',  ( -6.148776166510614988E-17, 0.000000000000000000, 1.000000000000000000 ) ) ;
#1749 = ORIENTED_EDGE ( 'NONE', *, *, #753, .F. ) ;
#1750 = VECTOR ( 'NONE', #4354, 1000.000000000000000 ) ;
#1751 = ORIENTED_EDGE ( 'NONE', *, *, #3591, .T. ) ;
#1752 = DIRECTION ( 'NONE',  ( 0.000000000000000000, 0.000000000000000000, 1.000000000000000000 ) ) ;
#1753 = FILL_AREA_STYLE_COLOUR ( '', #1862 ) ;
#1754 = DIRECTION ( 'NONE',  ( -0.000000000000000000, 0.000000000000000000, 1.000000000000000000 ) ) ;
#1755 = DIRECTION ( 'NONE',  ( 0.000000000000000000, 0.000000000000000000, -1.000000000000000000 ) ) ;
#1756 = CARTESIAN_POINT ( 'NONE',  ( 146.5993887530563029, -21.18202933985330461, 69.85000000000002274 ) ) ;
#1757 = DIRECTION ( 'NONE',  ( 0.000000000000000000, 0.000000000000000000, 1.000000000000000000 ) ) ;
#1758 = CARTESIAN_POINT ( 'NONE',  ( 69.94938875305625459, -8.682029339853306382, 25.00000000000000000 ) ) ;
#1759 = FILL_AREA_STYLE_COLOUR ( '', #1943 ) ;
#1760 = CARTESIAN_POINT ( 'NONE',  ( 68.94938875305625459, -9.982029339853303540, 1.487746833262228591E-14 ) ) ;
#1761 = VERTEX_POINT ( 'NONE', #987 ) ;
#1762 = CARTESIAN_POINT ( 'NONE',  ( 66.94938875305625459, -7.682029339853305494, 2.850000000000000089 ) ) ;
#1763 = ADVANCED_FACE ( 'NONE', ( #4498 ), #4209, .F. ) ;
#1764 = VECTOR ( 'NONE', #4658, 1000.000000000000000 ) ;
#1765 = CARTESIAN_POINT ( 'NONE',  ( -91.70061124694373689, -12.68202933985330461, -75.14999999999999147 ) ) ;
#1766 = CARTESIAN_POINT ( 'NONE',  ( -12.05061124694373120, -9.682029339853301053, 9.699999999999997513 ) ) ;
#1767 = VECTOR ( 'NONE', #895, 1000.000000000000000 ) ;
#1768 = DIRECTION ( 'NONE',  ( -9.011550524554845667E-17, 0.000000000000000000, 1.000000000000000000 ) ) ;
#1769 = SURFACE_SIDE_STYLE ('',( #2135 ) ) ;
#1770 = AXIS2_PLACEMENT_3D ( 'NONE', #3011, #3774, #4229 ) ;
#1771 = AXIS2_PLACEMENT_3D ( 'NONE', #3730, #1740, #1388 ) ;
#1772 = DIRECTION ( 'NONE',  ( 0.000000000000000000, -1.000000000000000000, 0.000000000000000000 ) ) ;
#1773 = ORIENTED_EDGE ( 'NONE', *, *, #4207, .F. ) ;
#1774 =( GEOMETRIC_REPRESENTATION_CONTEXT ( 3 ) GLOBAL_UNCERTAINTY_ASSIGNED_CONTEXT ( ( #1857 ) ) GLOBAL_UNIT_ASSIGNED_CONTEXT ( ( #2510, #4968, #2885 ) ) REPRESENTATION_CONTEXT ( 'NONE', 'WORKASPACE' ) );
#1775 = ORIENTED_EDGE ( 'NONE', *, *, #2491, .T. ) ;
#1776 = COLOUR_RGB ( '',1.000000000000000000, 1.000000000000000000, 1.000000000000000000 ) ;
#1777 = EDGE_CURVE ( 'NONE', #2749, #2471, #4040, .T. ) ;
#1778 = CARTESIAN_POINT ( 'NONE',  ( 72.94938875305625459, -12.68202933985330461, -6.314393452555577824E-15 ) ) ;
#1779 =( NAMED_UNIT ( * ) PLANE_ANGLE_UNIT ( ) SI_UNIT ( $, .RADIAN. ) );
#1780 = VECTOR ( 'NONE', #3894, 1000.000000000000000 ) ;
#1781 = SURFACE_STYLE_USAGE ( .BOTH. , #210 ) ;
#1782 =( GEOMETRIC_REPRESENTATION_CONTEXT ( 3 ) GLOBAL_UNCERTAINTY_ASSIGNED_CONTEXT ( ( #850 ) ) GLOBAL_UNIT_ASSIGNED_CONTEXT ( ( #2485, #4788, #1664 ) ) REPRESENTATION_CONTEXT ( 'NONE', 'WORKASPACE' ) );
#1783 = MECHANICAL_DESIGN_GEOMETRIC_PRESENTATION_REPRESENTATION (  '', ( #1121 ), #5053 ) ;
#1784 = COLOUR_RGB ( '',1.000000000000000000, 1.000000000000000000, 1.000000000000000000 ) ;
#1785 = CARTESIAN_POINT ( 'NONE',  ( -12.05061124694373120, -9.682029339853301053, 15.29999999999999716 ) ) ;
#1786 = CARTESIAN_POINT ( 'NONE',  ( -11.05061124694373120, -10.68202933985330461, 30.00000000000000355 ) ) ;
#1787 = DIRECTION ( 'NONE',  ( 1.846678351006580810E-16, 0.000000000000000000, 1.000000000000000000 ) ) ;
#1788 = PRESENTATION_STYLE_ASSIGNMENT (( #3051 ) ) ;
#1789 = DIRECTION ( 'NONE',  ( 0.000000000000000000, 0.000000000000000000, 1.000000000000000000 ) ) ;
#1790 = AXIS2_PLACEMENT_3D ( 'NONE', #3141, #3163, #3066 ) ;
#1791 = ORIENTED_EDGE ( 'NONE', *, *, #237, .T. ) ;
#1792 = SURFACE_STYLE_FILL_AREA ( #4705 ) ;
#1793 = PRESENTATION_LAYER_ASSIGNMENT (  '', '', ( #2026 ) ) ;
#1794 = FILL_AREA_STYLE_COLOUR ( '', #2098 ) ;
#1795 = PRESENTATION_LAYER_ASSIGNMENT (  '', '', ( #1307 ) ) ;
#1796 = DIRECTION ( 'NONE',  ( 0.000000000000000000, -1.000000000000000000, 0.000000000000000000 ) ) ;
#1797 = CARTESIAN_POINT ( 'NONE',  ( -11.05061124694373120, -112.8069513123572278, 28.00000000000000000 ) ) ;
#1798 = CARTESIAN_POINT ( 'NONE',  ( 144.3993887530562290, -15.16045646459949303, 71.35000000000000853 ) ) ;
#1799 = ORIENTED_EDGE ( 'NONE', *, *, #2429, .T. ) ;
#1800 = EDGE_CURVE ( 'NONE', #20, #434, #3873, .T. ) ;
#1801 = ORIENTED_EDGE ( 'NONE', *, *, #3435, .F. ) ;
#1802 = VERTEX_POINT ( 'NONE', #1463 ) ;
#1803 = SURFACE_SIDE_STYLE ('',( #4253 ) ) ;
#1804 = CLOSED_SHELL ( 'NONE', ( #2075, #665, #201, #1300, #2361, #3685, #2400, #1738, #4170, #541, #3493, #5122, #1672, #354, #2185, #3026, #4820, #4699, #1006, #2918, #936, #1838, #1871, #5152, #2710, #4395, #1854, #843, #1645, #482, #4640, #1308, #3255, #602, #39, #2649, #4251, #4041, #4903, #3732, #2581, #5170, #3677, #328, #4791, #2560, #3157, #3096, #1037, #2482, #649, #2801, #1830, #1585, #3537, #2764, #2776, #4799, #228, #1001, #3374, #4404, #1260, #2123, #1609, #760, #1639, #5082, #908, #4100, #2812, #3209, #4117, #4506, #4, #1961, #1918, #721, #2861, #1763, #2238, #1238, #5016, #425, #1889, #2225, #2705, #1464, #4275, #2530, #4573, #3866, #4603, #4953, #1397, #3479, #4632, #3719, #2344, #5116, #5021, #3188, #777, #2087, #3828, #2854, #3342, #3020, #3755, #1361, #33, #3105, #1163, #3079, #3652 ) ) ;
#1805 = CARTESIAN_POINT ( 'NONE',  ( 65.94938875305625459, -12.68202933985330993, 25.00000000000000000 ) ) ;
#1806 = SURFACE_STYLE_USAGE ( .BOTH. , #4196 ) ;
#1807 = CARTESIAN_POINT ( 'NONE',  ( 65.94938875305625459, -10.68202933985330461, -24.99999999999999289 ) ) ;
#1808 = EDGE_CURVE ( 'NONE', #4781, #3089, #4326, .T. ) ;
#1809 = CARTESIAN_POINT ( 'NONE',  ( -16.05061124694373476, -10.68202933985330461, -24.99999999999999289 ) ) ;
#1810 = CYLINDRICAL_SURFACE ( 'NONE', #3330, 2.999999999999995559 ) ;
#1811 = TOROIDAL_SURFACE ( 'NONE', #3402, 3.999999999999999112, 1.000000000000000000 ) ;
#1812 = CARTESIAN_POINT ( 'NONE',  ( 68.94938875305625459, -7.682029339853305494, -9.250000000000010658 ) ) ;
#1813 = SURFACE_STYLE_FILL_AREA ( #2297 ) ;
#1814 = ORIENTED_EDGE ( 'NONE', *, *, #273, .T. ) ;
#1815 = EDGE_LOOP ( 'NONE', ( #3144, #2607, #4581, #2377 ) ) ;
#1816 = DIRECTION ( 'NONE',  ( -9.725149129512580722E-17, 0.000000000000000000, 1.000000000000000000 ) ) ;
#1817 = PRESENTATION_LAYER_ASSIGNMENT (  '', '', ( #2665 ) ) ;
#1818 = CARTESIAN_POINT ( 'NONE',  ( 27.44938875305626169, -14.68202933985330461, -73.14999999999999147 ) ) ;
#1819 = SURFACE_STYLE_FILL_AREA ( #1872 ) ;
#1820 = DIRECTION ( 'NONE',  ( -1.000000000000000000, 0.000000000000000000, 0.000000000000000000 ) ) ;
#1821 = CARTESIAN_POINT ( 'NONE',  ( 70.94938875305625459, -8.682029339853306382, -15.75000000000002132 ) ) ;
#1822 = AXIS2_PLACEMENT_3D ( 'NONE', #3573, #5, #4412 ) ;
#1823 = SURFACE_STYLE_USAGE ( .BOTH. , #2255 ) ;
#1824 = ORIENTED_EDGE ( 'NONE', *, *, #428, .T. ) ;
#1825 = ORIENTED_EDGE ( 'NONE', *, *, #4291, .T. ) ;
#1826 = AXIS2_PLACEMENT_3D ( 'NONE', #940, #837, #2475 ) ;
#1827 = ORIENTED_EDGE ( 'NONE', *, *, #3338, .T. ) ;
#1828 = DIRECTION ( 'NONE',  ( -1.000000000000000000, 0.000000000000000000, 0.000000000000000000 ) ) ;
#1829 = CARTESIAN_POINT ( 'NONE',  ( 144.3993887530562859, -20.33202933985330318, -71.34999999999999432 ) ) ;
#1830 = ADVANCED_FACE ( 'NONE', ( #1148 ), #3024, .F. ) ;
#1831 =( GEOMETRIC_REPRESENTATION_CONTEXT ( 3 ) GLOBAL_UNCERTAINTY_ASSIGNED_CONTEXT ( ( #1182 ) ) GLOBAL_UNIT_ASSIGNED_CONTEXT ( ( #709, #735, #1921 ) ) REPRESENTATION_CONTEXT ( 'NONE', 'WORKASPACE' ) );
#1832 = FILL_AREA_STYLE_COLOUR ( '', #2144 ) ;
#1833 = DIRECTION ( 'NONE',  ( -1.000000000000000000, -0.000000000000000000, -0.000000000000000000 ) ) ;
#1834 = DIRECTION ( 'NONE',  ( -1.000000000000000000, 0.000000000000000000, 0.000000000000000000 ) ) ;
#1835 = EDGE_CURVE ( 'NONE', #4030, #5163, #657, .T. ) ;
#1836 = PLANE ( 'NONE',  #2975 ) ;
#1837 = CARTESIAN_POINT ( 'NONE',  ( 65.94938875305625459, -10.68202933985330461, -24.99999999999999289 ) ) ;
#1838 = ADVANCED_FACE ( 'NONE', ( #4708 ), #1488, .T. ) ;
#1839 = FILL_AREA_STYLE_COLOUR ( '', #2626 ) ;
#1840 = CARTESIAN_POINT ( 'NONE',  ( 145.5993887530562745, -21.68202933985330461, -68.84999999999999432 ) ) ;
#1841 = DIRECTION ( 'NONE',  ( -0.000000000000000000, -0.000000000000000000, -1.000000000000000000 ) ) ;
#1842 = SURFACE_STYLE_USAGE ( .BOTH. , #5058 ) ;
#1843 = DIRECTION ( 'NONE',  ( 0.000000000000000000, -1.000000000000000000, -2.168404344971008868E-16 ) ) ;
#1844 = CARTESIAN_POINT ( 'NONE',  ( 68.94938875305625459, -21.68202933985332947, -15.74999999999999645 ) ) ;
#1845 = ORIENTED_EDGE ( 'NONE', *, *, #1591, .F. ) ;
#1846 = UNCERTAINTY_MEASURE_WITH_UNIT (LENGTH_MEASURE( 1.000000000000000082E-05 ), #3090, 'distance_accuracy_value', 'NONE');
#1847 = ORIENTED_EDGE ( 'NONE', *, *, #4669, .F. ) ;
#1848 = ORIENTED_EDGE ( 'NONE', *, *, #1071, .F. ) ;
#1849 = PRESENTATION_LAYER_ASSIGNMENT (  '', '', ( #211 ) ) ;
#1850 = CARTESIAN_POINT ( 'NONE',  ( -91.70161124694372745, -7.682029339853305494, 9.250000000000015987 ) ) ;
#1851 = FILL_AREA_STYLE ('',( #1055 ) ) ;
#1852 = SURFACE_STYLE_FILL_AREA ( #3146 ) ;
#1853 = MECHANICAL_DESIGN_GEOMETRIC_PRESENTATION_REPRESENTATION (  '', ( #2018 ), #1774 ) ;
#1854 = ADVANCED_FACE ( 'NONE', ( #3440 ), #4661, .F. ) ;
#1855 = SURFACE_SIDE_STYLE ('',( #4619 ) ) ;
#1856 =( GEOMETRIC_REPRESENTATION_CONTEXT ( 3 ) GLOBAL_UNCERTAINTY_ASSIGNED_CONTEXT ( ( #5041 ) ) GLOBAL_UNIT_ASSIGNED_CONTEXT ( ( #2008, #3608, #4761 ) ) REPRESENTATION_CONTEXT ( 'NONE', 'WORKASPACE' ) );
#1857 = UNCERTAINTY_MEASURE_WITH_UNIT (LENGTH_MEASURE( 1.000000000000000082E-05 ), #2510, 'distance_accuracy_value', 'NONE');
#1858 = DIRECTION ( 'NONE',  ( 0.000000000000000000, -1.000000000000000000, 0.000000000000000000 ) ) ;
#1859 = AXIS2_PLACEMENT_3D ( 'NONE', #4349, #3155, #3874 ) ;
#1860 = AXIS2_PLACEMENT_3D ( 'NONE', #954, #5001, #1410 ) ;
#1861 = PRESENTATION_STYLE_ASSIGNMENT (( #3817 ) ) ;
#1862 = COLOUR_RGB ( '',1.000000000000000000, 1.000000000000000000, 1.000000000000000000 ) ;
#1863 = CARTESIAN_POINT ( 'NONE',  ( -12.05061124694373120, -21.68202933985330461, 15.29999999999999716 ) ) ;
#1864 = MECHANICAL_DESIGN_GEOMETRIC_PRESENTATION_REPRESENTATION (  '', ( #1621 ), #2300 ) ;
#1865 =( NAMED_UNIT ( * ) PLANE_ANGLE_UNIT ( ) SI_UNIT ( $, .RADIAN. ) );
#1866 = VECTOR ( 'NONE', #538, 1000.000000000000000 ) ;
#1867 = MECHANICAL_DESIGN_GEOMETRIC_PRESENTATION_REPRESENTATION (  '', ( #3211 ), #636 ) ;
#1868 =( LENGTH_UNIT ( ) NAMED_UNIT ( * ) SI_UNIT ( .MILLI., .METRE. ) );
#1869 = SURFACE_SIDE_STYLE ('',( #3554 ) ) ;
#1870 = CIRCLE ( 'NONE', #4814, 1.000000000000000888 ) ;
#1871 = ADVANCED_FACE ( 'NONE', ( #825 ), #2791, .T. ) ;
#1872 = FILL_AREA_STYLE ('',( #4710 ) ) ;
#1873 = VECTOR ( 'NONE', #3596, 1000.000000000000000 ) ;
#1874 =( NAMED_UNIT ( * ) PLANE_ANGLE_UNIT ( ) SI_UNIT ( $, .RADIAN. ) );
#1875 = VECTOR ( 'NONE', #2242, 1000.000000000000000 ) ;
#1876 =( LENGTH_UNIT ( ) NAMED_UNIT ( * ) SI_UNIT ( .MILLI., .METRE. ) );
#1877 = FILL_AREA_STYLE ('',( #680 ) ) ;
#1878 = DIRECTION ( 'NONE',  ( -1.000000000000000000, -0.000000000000000000, -0.000000000000000000 ) ) ;
#1879 = ORIENTED_EDGE ( 'NONE', *, *, #4527, .F. ) ;
#1880 = ORIENTED_EDGE ( 'NONE', *, *, #1270, .F. ) ;
#1881 = ORIENTED_EDGE ( 'NONE', *, *, #67, .F. ) ;
#1882 = ORIENTED_EDGE ( 'NONE', *, *, #796, .F. ) ;
#1883 = PRESENTATION_STYLE_ASSIGNMENT (( #2685 ) ) ;
#1884 = PRESENTATION_STYLE_ASSIGNMENT (( #1029 ) ) ;
#1885 = DIRECTION ( 'NONE',  ( 0.000000000000000000, 0.000000000000000000, 1.000000000000000000 ) ) ;
#1886 = VECTOR ( 'NONE', #1820, 1000.000000000000000 ) ;
#1887 = DIRECTION ( 'NONE',  ( 1.000000000000000000, 0.000000000000000000, -0.000000000000000000 ) ) ;
#1888 = ORIENTED_EDGE ( 'NONE', *, *, #387, .T. ) ;
#1889 = ADVANCED_FACE ( 'NONE', ( #63 ), #4867, .F. ) ;
#1890 = PRESENTATION_LAYER_ASSIGNMENT (  '', '', ( #2056 ) ) ;
#1891 = SURFACE_SIDE_STYLE ('',( #3521 ) ) ;
#1892 = DIRECTION ( 'NONE',  ( -0.000000000000000000, 1.000000000000000000, -0.000000000000000000 ) ) ;
#1893 = FACE_OUTER_BOUND ( 'NONE', #907, .T. ) ;
#1894 = STYLED_ITEM ( 'NONE', ( #4390 ), #3209 ) ;
#1895 = DIRECTION ( 'NONE',  ( -1.000000000000000000, 0.000000000000000000, 0.000000000000000000 ) ) ;
#1896 = DIRECTION ( 'NONE',  ( 0.000000000000000000, 1.000000000000000000, -1.508455196501572810E-15 ) ) ;
#1897 = VECTOR ( 'NONE', #1355, 1000.000000000000000 ) ;
#1898 = DIRECTION ( 'NONE',  ( -1.000000000000000000, 0.000000000000000000, -9.725149129512554837E-17 ) ) ;
#1899 = VERTEX_POINT ( 'NONE', #2765 ) ;
#1900 = UNCERTAINTY_MEASURE_WITH_UNIT (LENGTH_MEASURE( 1.000000000000000082E-05 ), #4085, 'distance_accuracy_value', 'NONE');
#1901 = VERTEX_POINT ( 'NONE', #4522 ) ;
#1902 = ORIENTED_EDGE ( 'NONE', *, *, #1338, .F. ) ;
#1903 = MECHANICAL_DESIGN_GEOMETRIC_PRESENTATION_REPRESENTATION (  '', ( #11 ), #3078 ) ;
#1904 = DIRECTION ( 'NONE',  ( 0.000000000000000000, 0.000000000000000000, -1.000000000000000000 ) ) ;
#1905 =( NAMED_UNIT ( * ) SI_UNIT ( $, .STERADIAN. ) SOLID_ANGLE_UNIT ( ) );
#1906 = DIRECTION ( 'NONE',  ( -0.000000000000000000, -1.000000000000000000, -0.000000000000000000 ) ) ;
#1907 = AXIS2_PLACEMENT_3D ( 'NONE', #3541, #5148, #4363 ) ;
#1908 = DIRECTION ( 'NONE',  ( 0.000000000000000000, -1.000000000000000000, 0.000000000000000000 ) ) ;
#1909 = ORIENTED_EDGE ( 'NONE', *, *, #4016, .T. ) ;
#1910 = DIRECTION ( 'NONE',  ( 0.000000000000000000, -1.000000000000000000, 0.000000000000000000 ) ) ;
#1911 = DIRECTION ( 'NONE',  ( -1.000000000000000000, 0.000000000000000000, 0.000000000000000000 ) ) ;
#1912 = UNCERTAINTY_MEASURE_WITH_UNIT (LENGTH_MEASURE( 1.000000000000000082E-05 ), #1143, 'distance_accuracy_value', 'NONE');
#1913 = SURFACE_STYLE_USAGE ( .BOTH. , #4734 ) ;
#1914 = FILL_AREA_STYLE_COLOUR ( '', #4131 ) ;
#1915 = CARTESIAN_POINT ( 'NONE',  ( 67.44938875305626880, -21.68202933985330461, 21.49999999999996447 ) ) ;
#1916 = ORIENTED_EDGE ( 'NONE', *, *, #1170, .T. ) ;
#1917 = FILL_AREA_STYLE ('',( #2692 ) ) ;
#1918 = ADVANCED_FACE ( 'NONE', ( #2936 ), #1379, .T. ) ;
#1919 =( NAMED_UNIT ( * ) PLANE_ANGLE_UNIT ( ) SI_UNIT ( $, .RADIAN. ) );
#1920 = FILL_AREA_STYLE ('',( #1547 ) ) ;
#1921 =( NAMED_UNIT ( * ) SI_UNIT ( $, .STERADIAN. ) SOLID_ANGLE_UNIT ( ) );
#1922 = SURFACE_STYLE_USAGE ( .BOTH. , #1171 ) ;
#1923 = VERTEX_POINT ( 'NONE', #1685 ) ;
#1924 = VECTOR ( 'NONE', #3352, 1000.000000000000000 ) ;
#1925 = ORIENTED_EDGE ( 'NONE', *, *, #2177, .T. ) ;
#1926 = EDGE_LOOP ( 'NONE', ( #995, #342, #5025, #4706 ) ) ;
#1927 = CARTESIAN_POINT ( 'NONE',  ( -11.05061124694373120, -10.68202933985330461, 25.00000000000000000 ) ) ;
#1928 = SURFACE_SIDE_STYLE ('',( #1106 ) ) ;
#1929 = CARTESIAN_POINT ( 'NONE',  ( -91.70161124694372745, -21.68202933985329750, 9.250000000000024869 ) ) ;
#1930 = APPLICATION_CONTEXT ( 'automotive_design' ) ;
#1931 = EDGE_LOOP ( 'NONE', ( #3085, #2200, #4496, #7 ) ) ;
#1932 = EDGE_CURVE ( 'NONE', #4844, #2749, #2630, .T. ) ;
#1933 = AXIS2_PLACEMENT_3D ( 'NONE', #1376, #2145, #5017 ) ;
#1934 = SURFACE_SIDE_STYLE ('',( #3119 ) ) ;
#1935 = MECHANICAL_DESIGN_GEOMETRIC_PRESENTATION_REPRESENTATION (  '', ( #41 ), #2096 ) ;
#1936 = DIRECTION ( 'NONE',  ( 1.000000000000000000, 0.000000000000000000, 0.000000000000000000 ) ) ;
#1937 =( NAMED_UNIT ( * ) PLANE_ANGLE_UNIT ( ) SI_UNIT ( $, .RADIAN. ) );
#1938 = SURFACE_STYLE_FILL_AREA ( #371 ) ;
#1939 = CIRCLE ( 'NONE', #620, 1.000000000000000888 ) ;
#1940 = PLANE ( 'NONE',  #5040 ) ;
#1941 = VECTOR ( 'NONE', #4446, 1000.000000000000000 ) ;
#1942 = PRESENTATION_LAYER_ASSIGNMENT (  '', '', ( #2374 ) ) ;
#1943 = COLOUR_RGB ( '',1.000000000000000000, 1.000000000000000000, 1.000000000000000000 ) ;
#1944 = AXIS2_PLACEMENT_3D ( 'NONE', #2588, #2178, #4600 ) ;
#1945 = ORIENTED_EDGE ( 'NONE', *, *, #4020, .F. ) ;
#1946 = PRESENTATION_LAYER_ASSIGNMENT (  '', '', ( #2542 ) ) ;
#1947 = PRESENTATION_LAYER_ASSIGNMENT (  '', '', ( #1119 ) ) ;
#1948 = CARTESIAN_POINT ( 'NONE',  ( 27.44938875305626169, -12.68202933985330461, -31.99999999999999289 ) ) ;
#1949 = SURFACE_STYLE_FILL_AREA ( #779 ) ;
#1950 = STYLED_ITEM ( 'NONE', ( #2675 ), #2361 ) ;
#1951 = CARTESIAN_POINT ( 'NONE',  ( 0.000000000000000000, 0.000000000000000000, 0.000000000000000000 ) ) ;
#1952 = CARTESIAN_POINT ( 'NONE',  ( -18.05061124694373120, -12.68202933985330461, 25.00000000000000000 ) ) ;
#1953 = VECTOR ( 'NONE', #1403, 1000.000000000000000 ) ;
#1954 = DIRECTION ( 'NONE',  ( 0.000000000000000000, -1.000000000000000000, 0.000000000000000000 ) ) ;
#1955 = CARTESIAN_POINT ( 'NONE',  ( -86.40061124694371131, -21.68202933985330461, 69.85000000000002274 ) ) ;
#1956 = EDGE_LOOP ( 'NONE', ( #2484, #2973, #876, #1263, #4493, #3165, #563, #2058 ) ) ;
#1957 =( GEOMETRIC_REPRESENTATION_CONTEXT ( 3 ) GLOBAL_UNCERTAINTY_ASSIGNED_CONTEXT ( ( #2841 ) ) GLOBAL_UNIT_ASSIGNED_CONTEXT ( ( #2352, #3618, #4817 ) ) REPRESENTATION_CONTEXT ( 'NONE', 'WORKASPACE' ) );
#1958 = ORIENTED_EDGE ( 'NONE', *, *, #3217, .F. ) ;
#1959 = FILL_AREA_STYLE ('',( #1135 ) ) ;
#1960 =( NAMED_UNIT ( * ) SI_UNIT ( $, .STERADIAN. ) SOLID_ANGLE_UNIT ( ) );
#1961 = ADVANCED_FACE ( 'NONE', ( #2996 ), #2972, .T. ) ;
#1962 = MECHANICAL_DESIGN_GEOMETRIC_PRESENTATION_REPRESENTATION (  '', ( #3816 ), #953 ) ;
#1963 = ORIENTED_EDGE ( 'NONE', *, *, #452, .T. ) ;
#1964 = PRESENTATION_STYLE_ASSIGNMENT (( #3149 ) ) ;
#1965 = UNCERTAINTY_MEASURE_WITH_UNIT (LENGTH_MEASURE( 1.000000000000000082E-05 ), #1271, 'distance_accuracy_value', 'NONE');
#1966 =( LENGTH_UNIT ( ) NAMED_UNIT ( * ) SI_UNIT ( .MILLI., .METRE. ) );
#1967 = EDGE_CURVE ( 'NONE', #2199, #2132, #2024, .T. ) ;
#1968 = LINE ( 'NONE', #3129, #3848 ) ;
#1969 = DIRECTION ( 'NONE',  ( 0.000000000000000000, -1.000000000000000000, 0.000000000000000000 ) ) ;
#1970 = CIRCLE ( 'NONE', #493, 5.299999999999998934 ) ;
#1971 = DIRECTION ( 'NONE',  ( -1.007827727510127436E-16, 0.000000000000000000, -1.000000000000000000 ) ) ;
#1972 = CARTESIAN_POINT ( 'NONE',  ( -11.05061124694373120, -8.682029339853306382, 29.00000000000000000 ) ) ;
#1973 = FILL_AREA_STYLE_COLOUR ( '', #1041 ) ;
#1974 = FACE_OUTER_BOUND ( 'NONE', #683, .T. ) ;
#1975 = FILL_AREA_STYLE ('',( #1496 ) ) ;
#1976 = ORIENTED_EDGE ( 'NONE', *, *, #89, .F. ) ;
#1977 = EDGE_LOOP ( 'NONE', ( #3216, #2524, #1848, #4748, #2196 ) ) ;
#1978 = CARTESIAN_POINT ( 'NONE',  ( -14.05061124694373476, -9.682029339853306382, 15.29999999999999361 ) ) ;
#1979 = VECTOR ( 'NONE', #4979, 1000.000000000000000 ) ;
#1980 = SURFACE_STYLE_FILL_AREA ( #2078 ) ;
#1981 = FILL_AREA_STYLE_COLOUR ( '', #4646 ) ;
#1982 = ORIENTED_EDGE ( 'NONE', *, *, #5144, .F. ) ;
#1983 = COLOUR_RGB ( '',1.000000000000000000, 1.000000000000000000, 1.000000000000000000 ) ;
#1984 = FILL_AREA_STYLE ('',( #2368 ) ) ;
#1985 = EDGE_CURVE ( 'NONE', #4063, #4397, #2863, .T. ) ;
#1986 = CARTESIAN_POINT ( 'NONE',  ( 65.94938875305625459, -8.682029339853306382, 30.00000000000000711 ) ) ;
#1987 = SURFACE_STYLE_USAGE ( .BOTH. , #3100 ) ;
#1988 =( GEOMETRIC_REPRESENTATION_CONTEXT ( 3 ) GLOBAL_UNCERTAINTY_ASSIGNED_CONTEXT ( ( #4278 ) ) GLOBAL_UNIT_ASSIGNED_CONTEXT ( ( #3071, #5046, #4966 ) ) REPRESENTATION_CONTEXT ( 'NONE', 'WORKASPACE' ) );
#1989 = EDGE_CURVE ( 'NONE', #4878, #1923, #622, .T. ) ;
#1990 = DIRECTION ( 'NONE',  ( -0.000000000000000000, 1.000000000000000000, -0.000000000000000000 ) ) ;
#1991 = VECTOR ( 'NONE', #2879, 1000.000000000000000 ) ;
#1992 = SURFACE_STYLE_FILL_AREA ( #2857 ) ;
#1993 = FACE_OUTER_BOUND ( 'NONE', #180, .T. ) ;
#1994 = EDGE_CURVE ( 'NONE', #3741, #1283, #1332, .T. ) ;
#1995 = CARTESIAN_POINT ( 'NONE',  ( 68.94938875305625459, -9.682029339853306382, 25.00000000000000000 ) ) ;
#1996 = CARTESIAN_POINT ( 'NONE',  ( 62.44938875305624038, -14.33202933985330318, -27.00000000000000000 ) ) ;
#1997 = FILL_AREA_STYLE_COLOUR ( '', #313 ) ;
#1998 = ORIENTED_EDGE ( 'NONE', *, *, #3786, .F. ) ;
#1999 = VERTEX_POINT ( 'NONE', #4948 ) ;
#2000 = PRESENTATION_STYLE_ASSIGNMENT (( #4476 ) ) ;
#2001 = DIRECTION ( 'NONE',  ( -0.000000000000000000, -1.000000000000000000, -0.000000000000000000 ) ) ;
#2002 = CARTESIAN_POINT ( 'NONE',  ( -89.70061124694372268, -14.68202933985330461, -69.84999999999999432 ) ) ;
#2003 = ORIENTED_EDGE ( 'NONE', *, *, #4055, .F. ) ;
#2004 = CARTESIAN_POINT ( 'NONE',  ( -11.05061124694373120, -8.682029339853306382, 30.00000000000000355 ) ) ;
#2005 = COLOUR_RGB ( '',1.000000000000000000, 1.000000000000000000, 1.000000000000000000 ) ;
#2006 = CARTESIAN_POINT ( 'NONE',  ( 66.94938875305625459, -7.682029339853305494, 2.850000000000000089 ) ) ;
#2007 = UNCERTAINTY_MEASURE_WITH_UNIT (LENGTH_MEASURE( 1.000000000000000082E-05 ), #748, 'distance_accuracy_value', 'NONE');
#2008 =( LENGTH_UNIT ( ) NAMED_UNIT ( * ) SI_UNIT ( .MILLI., .METRE. ) );
#2009 = CARTESIAN_POINT ( 'NONE',  ( -86.40061124694371131, -12.68202933985330461, 69.85000000000002274 ) ) ;
#2010 = EDGE_CURVE ( 'NONE', #3600, #90, #3283, .T. ) ;
#2011 = LINE ( 'NONE', #3775, #2781 ) ;
#2012 = DIRECTION ( 'NONE',  ( 0.000000000000000000, 1.000000000000000000, 0.000000000000000000 ) ) ;
#2013 = VECTOR ( 'NONE', #2446, 1000.000000000000000 ) ;
#2014 = STYLED_ITEM ( 'NONE', ( #295 ), #2801 ) ;
#2015 = LINE ( 'NONE', #1610, #1127 ) ;
#2016 =( NAMED_UNIT ( * ) PLANE_ANGLE_UNIT ( ) SI_UNIT ( $, .RADIAN. ) );
#2017 = EDGE_CURVE ( 'NONE', #3635, #1901, #2322, .T. ) ;
#2018 = STYLED_ITEM ( 'NONE', ( #898 ), #4573 ) ;
#2019 = FACE_OUTER_BOUND ( 'NONE', #1676, .T. ) ;
#2020 = MECHANICAL_DESIGN_GEOMETRIC_PRESENTATION_REPRESENTATION (  '', ( #3117 ), #2858 ) ;
#2021 =( LENGTH_UNIT ( ) NAMED_UNIT ( * ) SI_UNIT ( .MILLI., .METRE. ) );
#2022 = CARTESIAN_POINT ( 'NONE',  ( -91.70161124694372745, -9.982029339853303540, -15.74999999999999289 ) ) ;
#2023 = PRESENTATION_LAYER_ASSIGNMENT (  '', '', ( #476 ) ) ;
#2024 = CIRCLE ( 'NONE', #5138, 5.299999999999998934 ) ;
#2025 = EDGE_CURVE ( 'NONE', #3736, #2180, #246, .T. ) ;
#2026 = STYLED_ITEM ( 'NONE', ( #4246 ), #1585 ) ;
#2027 = MECHANICAL_DESIGN_GEOMETRIC_PRESENTATION_REPRESENTATION (  '', ( #1381 ), #631 ) ;
#2028 = COLOUR_RGB ( '',1.000000000000000000, 1.000000000000000000, 1.000000000000000000 ) ;
#2029 = EDGE_LOOP ( 'NONE', ( #4325, #3037, #4346, #3883 ) ) ;
#2030 = CARTESIAN_POINT ( 'NONE',  ( -85.40061124694368289, -20.33202933985330318, 74.15000000000001990 ) ) ;
#2031 = PRESENTATION_LAYER_ASSIGNMENT (  '', '', ( #1040 ) ) ;
#2032 =( NAMED_UNIT ( * ) SI_UNIT ( $, .STERADIAN. ) SOLID_ANGLE_UNIT ( ) );
#2033 = DIRECTION ( 'NONE',  ( -1.387778780781445922E-16, 0.000000000000000000, -1.000000000000000000 ) ) ;
#2034 = DIRECTION ( 'NONE',  ( -0.000000000000000000, 0.000000000000000000, 1.000000000000000000 ) ) ;
#2035 =( NAMED_UNIT ( * ) SI_UNIT ( $, .STERADIAN. ) SOLID_ANGLE_UNIT ( ) );
#2036 = PRESENTATION_LAYER_ASSIGNMENT (  '', '', ( #1133 ) ) ;
#2037 = ORIENTED_EDGE ( 'NONE', *, *, #2957, .T. ) ;
#2038 = CARTESIAN_POINT ( 'NONE',  ( 141.2993887530563200, -14.68202933985330461, 73.15000000000001990 ) ) ;
#2039 = VECTOR ( 'NONE', #4210, 1000.000000000000000 ) ;
#2040 = STYLED_ITEM ( 'NONE', ( #1614 ), #843 ) ;
#2042 = AXIS2_PLACEMENT_3D ( 'NONE', #4171, #4595, #3350 ) ;
#2041 = DIRECTION ( 'NONE',  ( -1.000000000000000000, 0.000000000000000000, 0.000000000000000000 ) ) ;
#2043 = PRESENTATION_STYLE_ASSIGNMENT (( #4521 ) ) ;
#2044 = CARTESIAN_POINT ( 'NONE',  ( 140.2993887530562631, -21.68202933985330461, -74.14999999999999147 ) ) ;
#2045 = FILL_AREA_STYLE_COLOUR ( '', #2788 ) ;
#2046 = CYLINDRICAL_SURFACE ( 'NONE', #2862, 1.000000000000000888 ) ;
#2047 = ORIENTED_EDGE ( 'NONE', *, *, #1457, .F. ) ;
#2048 = EDGE_CURVE ( 'NONE', #4825, #3706, #781, .T. ) ;
#2049 = CARTESIAN_POINT ( 'NONE',  ( -7.550611246943700117, -14.33202933985330318, -27.00000000000000000 ) ) ;
#2050 =( GEOMETRIC_REPRESENTATION_CONTEXT ( 3 ) GLOBAL_UNCERTAINTY_ASSIGNED_CONTEXT ( ( #1900 ) ) GLOBAL_UNIT_ASSIGNED_CONTEXT ( ( #4085, #1720, #4503 ) ) REPRESENTATION_CONTEXT ( 'NONE', 'WORKASPACE' ) );
#2051 = VERTEX_POINT ( 'NONE', #4624 ) ;
#2052 = EDGE_CURVE ( 'NONE', #73, #4372, #1454, .T. ) ;
#2053 = DIRECTION ( 'NONE',  ( 0.000000000000000000, 0.000000000000000000, 1.000000000000000000 ) ) ;
#2054 = DIRECTION ( 'NONE',  ( 0.000000000000000000, 1.000000000000000000, 0.000000000000000000 ) ) ;
#2055 =( NAMED_UNIT ( * ) SI_UNIT ( $, .STERADIAN. ) SOLID_ANGLE_UNIT ( ) );
#2056 = STYLED_ITEM ( 'NONE', ( #1883 ), #3020 ) ;
#2057 = FILL_AREA_STYLE ('',( #4062 ) ) ;
#2058 = ORIENTED_EDGE ( 'NONE', *, *, #1710, .F. ) ;
#2059 = ORIENTED_EDGE ( 'NONE', *, *, #730, .F. ) ;
#2060 = FILL_AREA_STYLE_COLOUR ( '', #2990 ) ;
#2061 = DIRECTION ( 'NONE',  ( 0.000000000000000000, 0.000000000000000000, 1.000000000000000000 ) ) ;
#2062 = UNCERTAINTY_MEASURE_WITH_UNIT (LENGTH_MEASURE( 1.000000000000000082E-05 ), #3426, 'distance_accuracy_value', 'NONE');
#2063 = DIRECTION ( 'NONE',  ( -0.000000000000000000, -1.000000000000000000, -0.000000000000000000 ) ) ;
#2064 = PRESENTATION_LAYER_ASSIGNMENT (  '', '', ( #4507 ) ) ;
#2065 = DIRECTION ( 'NONE',  ( 0.000000000000000000, 0.000000000000000000, 1.000000000000000000 ) ) ;
#2066 = CYLINDRICAL_SURFACE ( 'NONE', #47, 2.000000000000001776 ) ;
#2067 = STYLED_ITEM ( 'NONE', ( #3463 ), #3719 ) ;
#2068 = ORIENTED_EDGE ( 'NONE', *, *, #4563, .F. ) ;
#2069 = FILL_AREA_STYLE ('',( #3182 ) ) ;
#2070 = UNCERTAINTY_MEASURE_WITH_UNIT (LENGTH_MEASURE( 1.000000000000000082E-05 ), #45, 'distance_accuracy_value', 'NONE');
#2071 = VECTOR ( 'NONE', #1424, 1000.000000000000000 ) ;
#2072 = CARTESIAN_POINT ( 'NONE',  ( -84.90061124694371131, -20.33202933985330318, 71.35000000000002274 ) ) ;
#2073 = SURFACE_STYLE_FILL_AREA ( #782 ) ;
#2074 = DIRECTION ( 'NONE',  ( 1.387778780781444413E-14, 0.000000000000000000, -1.000000000000000000 ) ) ;
#2075 = ADVANCED_FACE ( 'NONE', ( #3922 ), #2217, .F. ) ;
#2076 = ORIENTED_EDGE ( 'NONE', *, *, #2254, .T. ) ;
#2077 =( LENGTH_UNIT ( ) NAMED_UNIT ( * ) SI_UNIT ( .MILLI., .METRE. ) );
#2078 = FILL_AREA_STYLE ('',( #3676 ) ) ;
#2079 = VERTEX_POINT ( 'NONE', #3845 ) ;
#2080 = EDGE_CURVE ( 'NONE', #1159, #1172, #2271, .T. ) ;
#2081 = ORIENTED_EDGE ( 'NONE', *, *, #821, .F. ) ;
#2082 = EDGE_LOOP ( 'NONE', ( #2889, #3384, #517, #3345 ) ) ;
#2083 =( LENGTH_UNIT ( ) NAMED_UNIT ( * ) SI_UNIT ( .MILLI., .METRE. ) );
#2084 = DIRECTION ( 'NONE',  ( -0.000000000000000000, 1.000000000000000000, -0.000000000000000000 ) ) ;
#2085 = LINE ( 'NONE', #3683, #1198 ) ;
#2086 = CARTESIAN_POINT ( 'NONE',  ( -12.05061124694373120, -21.68202933985330461, -15.29999999999999716 ) ) ;
#2087 = ADVANCED_FACE ( 'NONE', ( #1512 ), #628, .T. ) ;
#2088 = PRESENTATION_STYLE_ASSIGNMENT (( #1736 ) ) ;
#2089 = SURFACE_STYLE_USAGE ( .BOTH. , #920 ) ;
#2090 = SURFACE_STYLE_FILL_AREA ( #1302 ) ;
#2091 =( NAMED_UNIT ( * ) PLANE_ANGLE_UNIT ( ) SI_UNIT ( $, .RADIAN. ) );
#2092 =( LENGTH_UNIT ( ) NAMED_UNIT ( * ) SI_UNIT ( .MILLI., .METRE. ) );
#2093 = ORIENTED_EDGE ( 'NONE', *, *, #4047, .T. ) ;
#2094 = DIRECTION ( 'NONE',  ( 9.725149129512580722E-17, 0.000000000000000000, -1.000000000000000000 ) ) ;
#2095 = FACE_OUTER_BOUND ( 'NONE', #522, .T. ) ;
#2096 =( GEOMETRIC_REPRESENTATION_CONTEXT ( 3 ) GLOBAL_UNCERTAINTY_ASSIGNED_CONTEXT ( ( #554 ) ) GLOBAL_UNIT_ASSIGNED_CONTEXT ( ( #3273, #2883, #4654 ) ) REPRESENTATION_CONTEXT ( 'NONE', 'WORKASPACE' ) );
#2097 = DIRECTION ( 'NONE',  ( -1.387778780781445922E-16, 0.000000000000000000, -1.000000000000000000 ) ) ;
#2098 = COLOUR_RGB ( '',1.000000000000000000, 1.000000000000000000, 1.000000000000000000 ) ;
#2099 = UNCERTAINTY_MEASURE_WITH_UNIT (LENGTH_MEASURE( 1.000000000000000082E-05 ), #3288, 'distance_accuracy_value', 'NONE');
#2100 = AXIS2_PLACEMENT_3D ( 'NONE', #2880, #1324, #1266 ) ;
#2101 = ORIENTED_EDGE ( 'NONE', *, *, #3988, .T. ) ;
#2102 = PRESENTATION_LAYER_ASSIGNMENT (  '', '', ( #1121 ) ) ;
#2103 = CYLINDRICAL_SURFACE ( 'NONE', #2639, 5.299999999999998934 ) ;
#2104 = DIRECTION ( 'NONE',  ( -1.000000000000000000, 0.000000000000000000, -0.000000000000000000 ) ) ;
#2105 = SURFACE_SIDE_STYLE ('',( #2500 ) ) ;
#2106 = ORIENTED_EDGE ( 'NONE', *, *, #3615, .T. ) ;
#2107 = STYLED_ITEM ( 'NONE', ( #4480 ), #2185 ) ;
#2108 = VERTEX_POINT ( 'NONE', #4677 ) ;
#2109 = DIRECTION ( 'NONE',  ( 0.000000000000000000, 0.000000000000000000, 1.000000000000000000 ) ) ;
#2110 = DIRECTION ( 'NONE',  ( 1.000000000000000000, -0.000000000000000000, 0.000000000000000000 ) ) ;
#2111 = PLANE ( 'NONE',  #3798 ) ;
#2112 = CARTESIAN_POINT ( 'NONE',  ( -11.05061124694373831, -10.68202933985330461, -31.99999999999999289 ) ) ;
#2113 = EDGE_CURVE ( 'NONE', #4537, #389, #4809, .T. ) ;
#2114 = VECTOR ( 'NONE', #584, 1000.000000000000000 ) ;
#2115 = DIRECTION ( 'NONE',  ( -0.000000000000000000, -1.000000000000000000, -0.000000000000000000 ) ) ;
#2116 = PRESENTATION_LAYER_ASSIGNMENT (  '', '', ( #4314 ) ) ;
#2117 = CARTESIAN_POINT ( 'NONE',  ( 62.44938875305626880, -13.83202933985330318, -21.50000000000000000 ) ) ;
#2118 = CARTESIAN_POINT ( 'NONE',  ( 141.2993887530562915, -12.68202933985330461, -75.14999999999999147 ) ) ;
#2119 = AXIS2_PLACEMENT_3D ( 'NONE', #432, #4463, #4024 ) ;
#2120 =( GEOMETRIC_REPRESENTATION_CONTEXT ( 3 ) GLOBAL_UNCERTAINTY_ASSIGNED_CONTEXT ( ( #3490 ) ) GLOBAL_UNIT_ASSIGNED_CONTEXT ( ( #3585, #2806, #4011 ) ) REPRESENTATION_CONTEXT ( 'NONE', 'WORKASPACE' ) );
#2121 = MECHANICAL_DESIGN_GEOMETRIC_PRESENTATION_REPRESENTATION (  '', ( #2026 ), #4819 ) ;
#2122 = CARTESIAN_POINT ( 'NONE',  ( -85.40061124694372552, -21.68202933985330461, -68.84999999999999432 ) ) ;
#2123 = ADVANCED_FACE ( 'NONE', ( #1673 ), #2522, .F. ) ;
#2124 = DIRECTION ( 'NONE',  ( -0.000000000000000000, -1.000000000000000000, -0.000000000000000000 ) ) ;
#2125 = EDGE_LOOP ( 'NONE', ( #3392, #2139, #5088, #2654 ) ) ;
#2126 =( NAMED_UNIT ( * ) SI_UNIT ( $, .STERADIAN. ) SOLID_ANGLE_UNIT ( ) );
#2127 =( GEOMETRIC_REPRESENTATION_CONTEXT ( 3 ) GLOBAL_UNCERTAINTY_ASSIGNED_CONTEXT ( ( #1564 ) ) GLOBAL_UNIT_ASSIGNED_CONTEXT ( ( #4418, #382, #2840 ) ) REPRESENTATION_CONTEXT ( 'NONE', 'WORKASPACE' ) );
#2128 = VECTOR ( 'NONE', #2561, 1000.000000000000000 ) ;
#2129 =( LENGTH_UNIT ( ) NAMED_UNIT ( * ) SI_UNIT ( .MILLI., .METRE. ) );
#2130 = SURFACE_STYLE_FILL_AREA ( #145 ) ;
#2131 = DIRECTION ( 'NONE',  ( 0.000000000000000000, 0.000000000000000000, -1.000000000000000000 ) ) ;
#2132 = VERTEX_POINT ( 'NONE', #3712 ) ;
#2133 = CARTESIAN_POINT ( 'NONE',  ( -89.70061124694372268, -14.68202933985330461, 1.081691844102104569E-14 ) ) ;
#2134 = CARTESIAN_POINT ( 'NONE',  ( -14.05061124694373476, -7.682029339853305494, 9.699999999999986855 ) ) ;
#2135 = SURFACE_STYLE_FILL_AREA ( #3294 ) ;
#2136 = CARTESIAN_POINT ( 'NONE',  ( 141.2993887530563200, -21.18202933985330461, 75.15000000000001990 ) ) ;
#2137 = ORIENTED_EDGE ( 'NONE', *, *, #2017, .F. ) ;
#2138 = MECHANICAL_DESIGN_GEOMETRIC_PRESENTATION_REPRESENTATION (  '', ( #807 ), #3485 ) ;
#2139 = ORIENTED_EDGE ( 'NONE', *, *, #2915, .F. ) ;
#2140 = VERTEX_POINT ( 'NONE', #95 ) ;
#2141 = SURFACE_STYLE_FILL_AREA ( #5104 ) ;
#2142 = SURFACE_SIDE_STYLE ('',( #2169 ) ) ;
#2143 = FACE_OUTER_BOUND ( 'NONE', #2799, .T. ) ;
#2144 = COLOUR_RGB ( '',1.000000000000000000, 1.000000000000000000, 1.000000000000000000 ) ;
#2145 = DIRECTION ( 'NONE',  ( -0.000000000000000000, -0.000000000000000000, -1.000000000000000000 ) ) ;
#2146 = CARTESIAN_POINT ( 'NONE',  ( 140.2993887530563200, -20.33202933985330318, 68.85000000000002274 ) ) ;
#2147 = EDGE_CURVE ( 'NONE', #4127, #4587, #1261, .T. ) ;
#2148 = VECTOR ( 'NONE', #3598, 1000.000000000000000 ) ;
#2149 = CARTESIAN_POINT ( 'NONE',  ( 65.94938875305625459, -7.682029339853305494, -24.99999999999999289 ) ) ;
#2150 = FACE_OUTER_BOUND ( 'NONE', #2602, .T. ) ;
#2151 = CARTESIAN_POINT ( 'NONE',  ( 27.44938875305626169, -14.68202933985330461, 73.15000000000001990 ) ) ;
#2152 = VECTOR ( 'NONE', #2690, 1000.000000000000000 ) ;
#2153 = CARTESIAN_POINT ( 'NONE',  ( -11.05061124694373120, -12.68202933985330993, 28.00000000000000000 ) ) ;
#2154 = EDGE_CURVE ( 'NONE', #236, #1390, #1651, .T. ) ;
#2155 = ORIENTED_EDGE ( 'NONE', *, *, #4673, .T. ) ;
#2156 = CARTESIAN_POINT ( 'NONE',  ( -86.40061124694372552, -21.18202933985330461, -69.84999999999999432 ) ) ;
#2157 = DIRECTION ( 'NONE',  ( 0.000000000000000000, 0.000000000000000000, -1.000000000000000000 ) ) ;
#2158 = PRESENTATION_STYLE_ASSIGNMENT (( #577 ) ) ;
#2159 = EDGE_CURVE ( 'NONE', #2735, #299, #1383, .T. ) ;
#2160 = UNCERTAINTY_MEASURE_WITH_UNIT (LENGTH_MEASURE( 1.000000000000000082E-05 ), #3948, 'distance_accuracy_value', 'NONE');
#2161 = SURFACE_STYLE_USAGE ( .BOTH. , #4160 ) ;
#2162 = MECHANICAL_DESIGN_GEOMETRIC_PRESENTATION_REPRESENTATION (  '', ( #827 ), #1092 ) ;
#2163 =( NAMED_UNIT ( * ) SI_UNIT ( $, .STERADIAN. ) SOLID_ANGLE_UNIT ( ) );
#2164 = CARTESIAN_POINT ( 'NONE',  ( 69.94938875305625459, -8.682029339853306382, 15.75000000000000000 ) ) ;
#2165 = SURFACE_STYLE_FILL_AREA ( #2653 ) ;
#2166 = ORIENTED_EDGE ( 'NONE', *, *, #5103, .F. ) ;
#2167 = ORIENTED_EDGE ( 'NONE', *, *, #3410, .T. ) ;
#2168 = ORIENTED_EDGE ( 'NONE', *, *, #1165, .T. ) ;
#2169 = SURFACE_STYLE_FILL_AREA ( #3040 ) ;
#2170 =( LENGTH_UNIT ( ) NAMED_UNIT ( * ) SI_UNIT ( .MILLI., .METRE. ) );
#2171 = CARTESIAN_POINT ( 'NONE',  ( 62.44938875305624038, -13.83202933985330318, 26.49999999999999645 ) ) ;
#2172 = PRESENTATION_STYLE_ASSIGNMENT (( #1781 ) ) ;
#2173 = LINE ( 'NONE', #2992, #2128 ) ;
#2174 = CARTESIAN_POINT ( 'NONE',  ( 140.2993887530562631, -21.68202933985330461, -68.84999999999999432 ) ) ;
#2175 = CARTESIAN_POINT ( 'NONE',  ( -11.05061124694373831, -10.68202933985330461, -29.99999999999999645 ) ) ;
#2176 = FACE_OUTER_BOUND ( 'NONE', #3520, .T. ) ;
#2177 = EDGE_CURVE ( 'NONE', #4587, #69, #2212, .T. ) ;
#2178 = DIRECTION ( 'NONE',  ( 1.000000000000000000, 0.000000000000000000, 0.000000000000000000 ) ) ;
#2179 = PRESENTATION_LAYER_ASSIGNMENT (  '', '', ( #4437 ) ) ;
#2180 = VERTEX_POINT ( 'NONE', #3678 ) ;
#2181 = CARTESIAN_POINT ( 'NONE',  ( -12.05061124694373120, -9.682029339853301053, 0.000000000000000000 ) ) ;
#2182 = ORIENTED_EDGE ( 'NONE', *, *, #836, .F. ) ;
#2183 = DIRECTION ( 'NONE',  ( 0.000000000000000000, 0.000000000000000000, -1.000000000000000000 ) ) ;
#2184 = CARTESIAN_POINT ( 'NONE',  ( 62.44938875305624038, -13.83202933985330318, -26.50000000000000000 ) ) ;
#2185 = ADVANCED_FACE ( 'NONE', ( #1318 ), #4402, .F. ) ;
#2186 = CARTESIAN_POINT ( 'NONE',  ( -14.05061124694373476, -12.68202933985330993, -24.99999999999999289 ) ) ;
#2187 =( BOUNDED_CURVE ( )  B_SPLINE_CURVE ( 3, ( #1012, #4609, #1798, #177 ),
 .UNSPECIFIED., .F., .T. ) 
 B_SPLINE_CURVE_WITH_KNOTS ( ( 4, 4 ),
 ( 1.570796326794896558, 3.141592653589793116 ),
 .UNSPECIFIED. ) 
 CURVE ( )  GEOMETRIC_REPRESENTATION_ITEM ( )  RATIONAL_B_SPLINE_CURVE ( ( 1.000000000000000000, 0.8047378541243649375, 0.8047378541243649375, 1.000000000000000000 ) ) 
 REPRESENTATION_ITEM ( '' )  );
#2188 =( NAMED_UNIT ( * ) PLANE_ANGLE_UNIT ( ) SI_UNIT ( $, .RADIAN. ) );
#2189 = PRESENTATION_LAYER_ASSIGNMENT (  '', '', ( #41 ) ) ;
#2190 = DIRECTION ( 'NONE',  ( -9.233391755032904050E-17, 0.000000000000000000, -1.000000000000000000 ) ) ;
#2191 = CARTESIAN_POINT ( 'NONE',  ( 69.94938875305625459, -7.682029339853305494, -9.250000000000010658 ) ) ;
#2192 = DIRECTION ( 'NONE',  ( 1.000000000000000000, 0.000000000000000000, 0.000000000000000000 ) ) ;
#2193 = EDGE_CURVE ( 'NONE', #617, #361, #1419, .T. ) ;
#2194 = SURFACE_SIDE_STYLE ('',( #2953 ) ) ;
#2195 = DIRECTION ( 'NONE',  ( 0.000000000000000000, 1.000000000000000000, 0.000000000000000000 ) ) ;
#2196 = ORIENTED_EDGE ( 'NONE', *, *, #836, .T. ) ;
#2197 = VECTOR ( 'NONE', #4687, 1000.000000000000000 ) ;
#2198 = VERTEX_POINT ( 'NONE', #4140 ) ;
#2199 = VERTEX_POINT ( 'NONE', #4533 ) ;
#2200 = ORIENTED_EDGE ( 'NONE', *, *, #2915, .T. ) ;
#2201 = CARTESIAN_POINT ( 'NONE',  ( -11.05061124694373831, -112.8069513123572278, -24.99999999999999289 ) ) ;
#2202 = CARTESIAN_POINT ( 'NONE',  ( 68.94938875305625459, -7.682029339853305494, 25.00000000000000000 ) ) ;
#2203 = CYLINDRICAL_SURFACE ( 'NONE', #4811, 5.299999999999998934 ) ;
#2204 = CARTESIAN_POINT ( 'NONE',  ( 141.2993887530562631, -12.68202933985330461, 73.15000000000001990 ) ) ;
#2205 = COLOUR_RGB ( '',1.000000000000000000, 1.000000000000000000, 1.000000000000000000 ) ;
#2206 =( GEOMETRIC_REPRESENTATION_CONTEXT ( 3 ) GLOBAL_UNCERTAINTY_ASSIGNED_CONTEXT ( ( #2814 ) ) GLOBAL_UNIT_ASSIGNED_CONTEXT ( ( #4176, #1304, #4971 ) ) REPRESENTATION_CONTEXT ( 'NONE', 'WORKASPACE' ) );
#2207 = UNCERTAINTY_MEASURE_WITH_UNIT (LENGTH_MEASURE( 1.000000000000000082E-05 ), #1466, 'distance_accuracy_value', 'NONE');
#2208 = VECTOR ( 'NONE', #2870, 1000.000000000000000 ) ;
#2209 = SURFACE_SIDE_STYLE ('',( #567 ) ) ;
#2210 = PLANE ( 'NONE',  #3835 ) ;
#2211 = FILL_AREA_STYLE ('',( #3386 ) ) ;
#2212 = CIRCLE ( 'NONE', #2462, 3.999999999999996447 ) ;
#2213 = DIRECTION ( 'NONE',  ( 0.000000000000000000, 0.000000000000000000, -1.000000000000000000 ) ) ;
#2214 = STYLED_ITEM ( 'NONE', ( #2401 ), #328 ) ;
#2215 = DIRECTION ( 'NONE',  ( 1.000000000000000000, 0.000000000000000000, 0.000000000000000000 ) ) ;
#2216 = TOROIDAL_SURFACE ( 'NONE', #5060, 4.800000000000000711, 0.5000000000000000000 ) ;
#2217 = PLANE ( 'NONE',  #3286 ) ;
#2218 = ORIENTED_EDGE ( 'NONE', *, *, #5086, .T. ) ;
#2219 = AXIS2_PLACEMENT_3D ( 'NONE', #4086, #3193, #887 ) ;
#2220 =( LENGTH_UNIT ( ) NAMED_UNIT ( * ) SI_UNIT ( .MILLI., .METRE. ) );
#2221 = DIRECTION ( 'NONE',  ( -0.000000000000000000, 0.000000000000000000, 1.000000000000000000 ) ) ;
#2222 = COLOUR_RGB ( '',1.000000000000000000, 1.000000000000000000, 1.000000000000000000 ) ;
#2223 = MECHANICAL_DESIGN_GEOMETRIC_PRESENTATION_REPRESENTATION (  '', ( #4638 ), #3046 ) ;
#2224 = DIRECTION ( 'NONE',  ( 0.000000000000000000, 0.000000000000000000, -1.000000000000000000 ) ) ;
#2225 = ADVANCED_FACE ( 'NONE', ( #4990 ), #388, .F. ) ;
#2226 = DIRECTION ( 'NONE',  ( -9.233391755032904050E-17, 0.000000000000000000, -1.000000000000000000 ) ) ;
#2227 = CARTESIAN_POINT ( 'NONE',  ( 144.5993887530562745, -12.68202933985330461, -69.84999999999999432 ) ) ;
#2228 = LINE ( 'NONE', #911, #713 ) ;
#2229 = CARTESIAN_POINT ( 'NONE',  ( -14.05061124694373476, -7.682029339853305494, -9.699999999999997513 ) ) ;
#2230 = CARTESIAN_POINT ( 'NONE',  ( 140.2993887530563200, -20.33202933985330318, 74.15000000000001990 ) ) ;
#2231 = ORIENTED_EDGE ( 'NONE', *, *, #415, .T. ) ;
#2232 = ORIENTED_EDGE ( 'NONE', *, *, #3443, .T. ) ;
#2233 = EDGE_CURVE ( 'NONE', #1553, #3451, #994, .T. ) ;
#2234 = CYLINDRICAL_SURFACE ( 'NONE', #4427, 1.000000000000000888 ) ;
#2235 =( NAMED_UNIT ( * ) SI_UNIT ( $, .STERADIAN. ) SOLID_ANGLE_UNIT ( ) );
#2236 =( NAMED_UNIT ( * ) PLANE_ANGLE_UNIT ( ) SI_UNIT ( $, .RADIAN. ) );
#2237 = PRESENTATION_LAYER_ASSIGNMENT (  '', '', ( #1066 ) ) ;
#2238 = ADVANCED_FACE ( 'NONE', ( #3740 ), #3344, .F. ) ;
#2239 = DIRECTION ( 'NONE',  ( -0.000000000000000000, 1.000000000000000000, -0.000000000000000000 ) ) ;
#2240 = VECTOR ( 'NONE', #3762, 1000.000000000000000 ) ;
#2241 = SURFACE_SIDE_STYLE ('',( #4235 ) ) ;
#2242 = DIRECTION ( 'NONE',  ( 0.000000000000000000, 0.000000000000000000, -1.000000000000000000 ) ) ;
#2243 = CARTESIAN_POINT ( 'NONE',  ( -7.550611246943721433, -13.83202933985330318, 21.50000000000000000 ) ) ;
#2244 = PRESENTATION_LAYER_ASSIGNMENT (  '', '', ( #5006 ) ) ;
#2245 = VERTEX_POINT ( 'NONE', #643 ) ;
#2246 =( NAMED_UNIT ( * ) SI_UNIT ( $, .STERADIAN. ) SOLID_ANGLE_UNIT ( ) );
#2247 = DIRECTION ( 'NONE',  ( 6.938893903907221278E-15, 0.000000000000000000, 1.000000000000000000 ) ) ;
#2248 = TOROIDAL_SURFACE ( 'NONE', #1160, 4.800000000000000711, 0.5000000000000000000 ) ;
#2249 = LINE ( 'NONE', #4301, #1491 ) ;
#2250 = FACE_OUTER_BOUND ( 'NONE', #1719, .T. ) ;
#2251 = FILL_AREA_STYLE_COLOUR ( '', #3633 ) ;
#2252 = COLOUR_RGB ( '',1.000000000000000000, 1.000000000000000000, 1.000000000000000000 ) ;
#2253 = DIRECTION ( 'NONE',  ( 1.000000000000000000, -0.000000000000000000, -1.387778780781445922E-16 ) ) ;
#2254 = EDGE_CURVE ( 'NONE', #4569, #4332, #5033, .T. ) ;
#2255 = SURFACE_SIDE_STYLE ('',( #2922 ) ) ;
#2256 = ORIENTED_EDGE ( 'NONE', *, *, #266, .T. ) ;
#2257 = ORIENTED_EDGE ( 'NONE', *, *, #333, .F. ) ;
#2258 = VECTOR ( 'NONE', #2084, 1000.000000000000000 ) ;
#2259 = ORIENTED_EDGE ( 'NONE', *, *, #4179, .F. ) ;
#2260 = CARTESIAN_POINT ( 'NONE',  ( 69.94938875305625459, -7.682029339853305494, 9.249999999999992895 ) ) ;
#2261 = DIRECTION ( 'NONE',  ( -1.846678351006580810E-16, 0.000000000000000000, -1.000000000000000000 ) ) ;
#2262 = CARTESIAN_POINT ( 'NONE',  ( -82.90061124694372552, -14.33202933985330318, 69.35000000000002274 ) ) ;
#2263 = FILL_AREA_STYLE ('',( #4256 ) ) ;
#2264 = AXIS2_PLACEMENT_3D ( 'NONE', #2674, #5161, #4745 ) ;
#2265 = EDGE_CURVE ( 'NONE', #4611, #808, #869, .T. ) ;
#2266 = LINE ( 'NONE', #1786, #530 ) ;
#2267 =( NAMED_UNIT ( * ) PLANE_ANGLE_UNIT ( ) SI_UNIT ( $, .RADIAN. ) );
#2268 = SURFACE_SIDE_STYLE ('',( #621 ) ) ;
#2269 =( NAMED_UNIT ( * ) PLANE_ANGLE_UNIT ( ) SI_UNIT ( $, .RADIAN. ) );
#2270 = EDGE_CURVE ( 'NONE', #43, #4153, #3933, .T. ) ;
#2271 = LINE ( 'NONE', #274, #950 ) ;
#2272 =( LENGTH_UNIT ( ) NAMED_UNIT ( * ) SI_UNIT ( .MILLI., .METRE. ) );
#2273 = VERTEX_POINT ( 'NONE', #4355 ) ;
#2274 = DIRECTION ( 'NONE',  ( -1.387778780781445922E-16, 0.000000000000000000, -1.000000000000000000 ) ) ;
#2275 = CARTESIAN_POINT ( 'NONE',  ( -7.550611246943734756, -21.68202933985330461, -21.50000000000000000 ) ) ;
#2276 = STYLED_ITEM ( 'NONE', ( #5120 ), #1001 ) ;
#2277 = CARTESIAN_POINT ( 'NONE',  ( 146.0993887530562745, -21.18202933985330461, -75.14999999999999147 ) ) ;
#2278 = LINE ( 'NONE', #2355, #2197 ) ;
#2279 = FACE_OUTER_BOUND ( 'NONE', #1442, .T. ) ;
#2280 = CARTESIAN_POINT ( 'NONE',  ( -12.05061124694373120, -21.68202933985330461, 9.699999999999997513 ) ) ;
#2281 = SURFACE_STYLE_FILL_AREA ( #5061 ) ;
#2282 = ORIENTED_EDGE ( 'NONE', *, *, #2848, .T. ) ;
#2283 = ORIENTED_EDGE ( 'NONE', *, *, #2147, .F. ) ;
#2284 = VERTEX_POINT ( 'NONE', #5133 ) ;
#2285 = EDGE_LOOP ( 'NONE', ( #3601, #4588, #1925, #1134, #2486, #2763, #5137, #1641, #3256, #1401, #3428, #2846, #1882, #4775, #1620, #968, #3716, #4602, #3147, #853, #4859, #1204, #418, #5003, #3857, #4422, #1881, #4959 ) ) ;
#2286 = CIRCLE ( 'NONE', #1187, 2.000000000000001776 ) ;
#2287 = FACE_OUTER_BOUND ( 'NONE', #1423, .T. ) ;
#2288 = FACE_OUTER_BOUND ( 'NONE', #4110, .T. ) ;
#2289 = PRESENTATION_LAYER_ASSIGNMENT (  '', '', ( #3117 ) ) ;
#2290 = DIRECTION ( 'NONE',  ( -1.000000000000000000, 0.000000000000000000, 0.000000000000000000 ) ) ;
#2291 = EDGE_CURVE ( 'NONE', #5163, #4166, #4134, .T. ) ;
#2292 = UNCERTAINTY_MEASURE_WITH_UNIT (LENGTH_MEASURE( 1.000000000000000082E-05 ), #1510, 'distance_accuracy_value', 'NONE');
#2293 = CARTESIAN_POINT ( 'NONE',  ( -86.40061124694371131, -14.68202933985330461, 73.15000000000001990 ) ) ;
#2294 = PRESENTATION_LAYER_ASSIGNMENT (  '', '', ( #2544 ) ) ;
#2295 = COLOUR_RGB ( '',1.000000000000000000, 1.000000000000000000, 1.000000000000000000 ) ;
#2296 = PLANE ( 'NONE',  #1527 ) ;
#2297 = FILL_AREA_STYLE ('',( #3128 ) ) ;
#2298 = COLOUR_RGB ( '',1.000000000000000000, 1.000000000000000000, 1.000000000000000000 ) ;
#2299 = SURFACE_STYLE_FILL_AREA ( #3019 ) ;
#2300 =( GEOMETRIC_REPRESENTATION_CONTEXT ( 3 ) GLOBAL_UNCERTAINTY_ASSIGNED_CONTEXT ( ( #4067 ) ) GLOBAL_UNIT_ASSIGNED_CONTEXT ( ( #4237, #5048, #4320 ) ) REPRESENTATION_CONTEXT ( 'NONE', 'WORKASPACE' ) );
#2301 = EDGE_CURVE ( 'NONE', #4756, #764, #4774, .T. ) ;
#2302 = CIRCLE ( 'NONE', #4133, 1.000000000000000888 ) ;
#2303 =( GEOMETRIC_REPRESENTATION_CONTEXT ( 3 ) GLOBAL_UNCERTAINTY_ASSIGNED_CONTEXT ( ( #406 ) ) GLOBAL_UNIT_ASSIGNED_CONTEXT ( ( #3795, #4955, #2163 ) ) REPRESENTATION_CONTEXT ( 'NONE', 'WORKASPACE' ) );
#2304 = ORIENTED_EDGE ( 'NONE', *, *, #1270, .T. ) ;
#2305 = COLOUR_RGB ( '',1.000000000000000000, 1.000000000000000000, 1.000000000000000000 ) ;
#2306 = FILL_AREA_STYLE ('',( #1069 ) ) ;
#2307 = PLANE ( 'NONE',  #2119 ) ;
#2308 = AXIS2_PLACEMENT_3D ( 'NONE', #2497, #2436, #46 ) ;
#2309 =( GEOMETRIC_REPRESENTATION_CONTEXT ( 3 ) GLOBAL_UNCERTAINTY_ASSIGNED_CONTEXT ( ( #2946 ) ) GLOBAL_UNIT_ASSIGNED_CONTEXT ( ( #2331, #3135, #2739 ) ) REPRESENTATION_CONTEXT ( 'NONE', 'WORKASPACE' ) );
#2310 = DIRECTION ( 'NONE',  ( -0.000000000000000000, -1.000000000000000000, -0.000000000000000000 ) ) ;
#2311 =( GEOMETRIC_REPRESENTATION_CONTEXT ( 3 ) GLOBAL_UNCERTAINTY_ASSIGNED_CONTEXT ( ( #101 ) ) GLOBAL_UNIT_ASSIGNED_CONTEXT ( ( #4370, #1226, #2386 ) ) REPRESENTATION_CONTEXT ( 'NONE', 'WORKASPACE' ) );
#2312 = CARTESIAN_POINT ( 'NONE',  ( 144.3993887530562574, -15.16045646459950191, -71.34999999999999432 ) ) ;
#2313 =( NAMED_UNIT ( * ) PLANE_ANGLE_UNIT ( ) SI_UNIT ( $, .RADIAN. ) );
#2314 = VERTEX_POINT ( 'NONE', #385 ) ;
#2315 = ORIENTED_EDGE ( 'NONE', *, *, #4992, .F. ) ;
#2316 = FACE_OUTER_BOUND ( 'NONE', #859, .T. ) ;
#2317 = PRESENTATION_STYLE_ASSIGNMENT (( #4698 ) ) ;
#2318 = UNCERTAINTY_MEASURE_WITH_UNIT (LENGTH_MEASURE( 1.000000000000000082E-05 ), #5045, 'distance_accuracy_value', 'NONE');
#2319 =( NAMED_UNIT ( * ) PLANE_ANGLE_UNIT ( ) SI_UNIT ( $, .RADIAN. ) );
#2320 = DIRECTION ( 'NONE',  ( 0.000000000000000000, 1.000000000000000000, 0.000000000000000000 ) ) ;
#2321 =( LENGTH_UNIT ( ) NAMED_UNIT ( * ) SI_UNIT ( .MILLI., .METRE. ) );
#2322 = LINE ( 'NONE', #322, #131 ) ;
#2323 = EDGE_CURVE ( 'NONE', #2284, #1342, #1551, .T. ) ;
#2324 = VECTOR ( 'NONE', #3292, 1000.000000000000000 ) ;
#2325 = CARTESIAN_POINT ( 'NONE',  ( 27.44938875305626169, -21.68202933985330461, 0.000000000000000000 ) ) ;
#2326 = EDGE_LOOP ( 'NONE', ( #3302, #984, #607, #3404 ) ) ;
#2327 = CIRCLE ( 'NONE', #4340, 1.000000000000000888 ) ;
#2328 = SURFACE_SIDE_STYLE ('',( #701 ) ) ;
#2329 = UNCERTAINTY_MEASURE_WITH_UNIT (LENGTH_MEASURE( 1.000000000000000082E-05 ), #1395, 'distance_accuracy_value', 'NONE');
#2330 = EDGE_CURVE ( 'NONE', #336, #69, #4558, .T. ) ;
#2331 =( LENGTH_UNIT ( ) NAMED_UNIT ( * ) SI_UNIT ( .MILLI., .METRE. ) );
#2332 =( LENGTH_UNIT ( ) NAMED_UNIT ( * ) SI_UNIT ( .MILLI., .METRE. ) );
#2333 = PRESENTATION_LAYER_ASSIGNMENT (  '', '', ( #986 ) ) ;
#2334 = PRESENTATION_STYLE_ASSIGNMENT (( #3503 ) ) ;
#2335 = EDGE_CURVE ( 'NONE', #4973, #1305, #4386, .T. ) ;
#2336 = VERTEX_POINT ( 'NONE', #4276 ) ;
#2337 = EDGE_LOOP ( 'NONE', ( #4074, #21, #3681, #3237 ) ) ;
#2338 = ORIENTED_EDGE ( 'NONE', *, *, #2301, .F. ) ;
#2339 = ORIENTED_EDGE ( 'NONE', *, *, #128, .F. ) ;
#2340 = SURFACE_STYLE_FILL_AREA ( #685 ) ;
#2341 = VECTOR ( 'NONE', #4784, 1000.000000000000000 ) ;
#2342 = CARTESIAN_POINT ( 'NONE',  ( 69.94938875305625459, -8.682029339853306382, 9.249999999999994671 ) ) ;
#2343 = DIRECTION ( 'NONE',  ( 1.000000000000000000, 0.000000000000000000, 0.000000000000000000 ) ) ;
#2344 = ADVANCED_FACE ( 'NONE', ( #334 ), #783, .F. ) ;
#2345 = EDGE_LOOP ( 'NONE', ( #3221, #4932, #2463, #3582 ) ) ;
#2346 = AXIS2_PLACEMENT_3D ( 'NONE', #798, #1911, #2758 ) ;
#2347 = ORIENTED_EDGE ( 'NONE', *, *, #2154, .T. ) ;
#2348 = SURFACE_STYLE_USAGE ( .BOTH. , #402 ) ;
#2349 = LINE ( 'NONE', #1915, #2341 ) ;
#2350 = ORIENTED_EDGE ( 'NONE', *, *, #3438, .F. ) ;
#2351 = PLANE ( 'NONE',  #879 ) ;
#2352 =( LENGTH_UNIT ( ) NAMED_UNIT ( * ) SI_UNIT ( .MILLI., .METRE. ) );
#2353 = CYLINDRICAL_SURFACE ( 'NONE', #1158, 4.999999999999997335 ) ;
#2354 = EDGE_CURVE ( 'NONE', #4397, #4952, #2389, .T. ) ;
#2355 = CARTESIAN_POINT ( 'NONE',  ( -90.70061124694373689, -20.33202933985330318, -68.84999999999999432 ) ) ;
#2356 = FILL_AREA_STYLE ('',( #707 ) ) ;
#2357 = SURFACE_STYLE_USAGE ( .BOTH. , #384 ) ;
#2358 = EDGE_LOOP ( 'NONE', ( #4331, #648, #314, #3982, #1824, #2433, #4428, #2591 ) ) ;
#2359 = CIRCLE ( 'NONE', #4532, 0.5000000000000004441 ) ;
#2360 = ORIENTED_EDGE ( 'NONE', *, *, #192, .F. ) ;
#2361 = ADVANCED_FACE ( 'NONE', ( #409 ), #4665, .F. ) ;
#2362 = FILL_AREA_STYLE_COLOUR ( '', #2298 ) ;
#2363 = SURFACE_STYLE_USAGE ( .BOTH. , #3511 ) ;
#2364 = VECTOR ( 'NONE', #3722, 1000.000000000000000 ) ;
#2365 =( NAMED_UNIT ( * ) PLANE_ANGLE_UNIT ( ) SI_UNIT ( $, .RADIAN. ) );
#2366 = CYLINDRICAL_SURFACE ( 'NONE', #1624, 4.999999999999997335 ) ;
#2367 = ORIENTED_EDGE ( 'NONE', *, *, #2716, .T. ) ;
#2368 = FILL_AREA_STYLE_COLOUR ( '', #3995 ) ;
#2369 = TOROIDAL_SURFACE ( 'NONE', #4373, 4.000000000000002665, 1.000000000000000000 ) ;
#2370 = DIRECTION ( 'NONE',  ( -1.000000000000000000, 0.000000000000000000, 0.000000000000000000 ) ) ;
#2371 =( NAMED_UNIT ( * ) SI_UNIT ( $, .STERADIAN. ) SOLID_ANGLE_UNIT ( ) );
#2372 = FACE_OUTER_BOUND ( 'NONE', #646, .T. ) ;
#2373 = DIRECTION ( 'NONE',  ( 1.387778780781445922E-16, 1.508455196501572810E-15, 1.000000000000000000 ) ) ;
#2374 = STYLED_ITEM ( 'NONE', ( #5127 ), #1838 ) ;
#2375 =( GEOMETRIC_REPRESENTATION_CONTEXT ( 3 ) GLOBAL_UNCERTAINTY_ASSIGNED_CONTEXT ( ( #2292 ) ) GLOBAL_UNIT_ASSIGNED_CONTEXT ( ( #1510, #2611, #3099 ) ) REPRESENTATION_CONTEXT ( 'NONE', 'WORKASPACE' ) );
#2376 = AXIS2_PLACEMENT_3D ( 'NONE', #652, #1885, #1456 ) ;
#2377 = ORIENTED_EDGE ( 'NONE', *, *, #1529, .F. ) ;
#2378 = VECTOR ( 'NONE', #830, 1000.000000000000000 ) ;
#2379 =( NAMED_UNIT ( * ) SI_UNIT ( $, .STERADIAN. ) SOLID_ANGLE_UNIT ( ) );
#2380 =( GEOMETRIC_REPRESENTATION_CONTEXT ( 3 ) GLOBAL_UNCERTAINTY_ASSIGNED_CONTEXT ( ( #4289 ) ) GLOBAL_UNIT_ASSIGNED_CONTEXT ( ( #4829, #2439, #2035 ) ) REPRESENTATION_CONTEXT ( 'NONE', 'WORKASPACE' ) );
#2381 = AXIS2_PLACEMENT_3D ( 'NONE', #802, #4413, #256 ) ;
#2382 = FILL_AREA_STYLE_COLOUR ( '', #5009 ) ;
#2383 = SURFACE_SIDE_STYLE ('',( #1949 ) ) ;
#2384 = PRESENTATION_LAYER_ASSIGNMENT (  '', '', ( #1038 ) ) ;
#2385 = FILL_AREA_STYLE ('',( #1973 ) ) ;
#2386 =( NAMED_UNIT ( * ) SI_UNIT ( $, .STERADIAN. ) SOLID_ANGLE_UNIT ( ) );
#2387 = CIRCLE ( 'NONE', #3130, 5.299999999999998934 ) ;
#2388 = DIRECTION ( 'NONE',  ( 0.000000000000000000, 1.000000000000000000, 6.505213034913026604E-16 ) ) ;
#2389 = LINE ( 'NONE', #311, #1462 ) ;
#2390 = EDGE_LOOP ( 'NONE', ( #4304, #3688, #5011, #2999, #439, #4248, #1202, #1702 ) ) ;
#2391 = EDGE_CURVE ( 'NONE', #4153, #2523, #88, .T. ) ;
#2392 = MECHANICAL_DESIGN_GEOMETRIC_PRESENTATION_REPRESENTATION (  '', ( #50 ), #551 ) ;
#2393 = VERTEX_POINT ( 'NONE', #456 ) ;
#2394 = FILL_AREA_STYLE ('',( #2362 ) ) ;
#2395 = SURFACE_STYLE_USAGE ( .BOTH. , #4376 ) ;
#2396 = SURFACE_STYLE_FILL_AREA ( #3940 ) ;
#2397 = SURFACE_STYLE_FILL_AREA ( #1310 ) ;
#2398 = AXIS2_PLACEMENT_3D ( 'NONE', #1571, #37, #407 ) ;
#2399 = AXIS2_PLACEMENT_3D ( 'NONE', #4231, #543, #3724 ) ;
#2400 = ADVANCED_FACE ( 'NONE', ( #1667 ), #3629, .F. ) ;
#2401 = PRESENTATION_STYLE_ASSIGNMENT (( #3170 ) ) ;
#2402 = ORIENTED_EDGE ( 'NONE', *, *, #1009, .T. ) ;
#2403 = SURFACE_SIDE_STYLE ('',( #5169 ) ) ;
#2404 =( LENGTH_UNIT ( ) NAMED_UNIT ( * ) SI_UNIT ( .MILLI., .METRE. ) );
#2405 = UNCERTAINTY_MEASURE_WITH_UNIT (LENGTH_MEASURE( 1.000000000000000082E-05 ), #4419, 'distance_accuracy_value', 'NONE');
#2406 = DIRECTION ( 'NONE',  ( -0.000000000000000000, -1.000000000000000000, -0.000000000000000000 ) ) ;
#2407 = EDGE_CURVE ( 'NONE', #1899, #2726, #4052, .T. ) ;
#2408 = DIRECTION ( 'NONE',  ( 0.000000000000000000, -0.000000000000000000, 1.000000000000000000 ) ) ;
#2409 = PRESENTATION_STYLE_ASSIGNMENT (( #4022 ) ) ;
#2410 = PRESENTATION_STYLE_ASSIGNMENT (( #3228 ) ) ;
#2411 = CIRCLE ( 'NONE', #4409, 0.5000000000000004441 ) ;
#2412 = PRESENTATION_STYLE_ASSIGNMENT (( #64 ) ) ;
#2413 = STYLED_ITEM ( 'NONE', ( #2731 ), #3079 ) ;
#2414 = LINE ( 'NONE', #4003, #4143 ) ;
#2415 = SURFACE_STYLE_FILL_AREA ( #846 ) ;
#2416 = CIRCLE ( 'NONE', #168, 2.999999999999995559 ) ;
#2417 = ORIENTED_EDGE ( 'NONE', *, *, #4862, .T. ) ;
#2418 = CYLINDRICAL_SURFACE ( 'NONE', #1726, 2.000000000000001776 ) ;
#2419 =( LENGTH_UNIT ( ) NAMED_UNIT ( * ) SI_UNIT ( .MILLI., .METRE. ) );
#2420 = EDGE_CURVE ( 'NONE', #4878, #362, #2795, .T. ) ;
#2421 = MECHANICAL_DESIGN_GEOMETRIC_PRESENTATION_REPRESENTATION (  '', ( #3494 ), #3925 ) ;
#2422 = SURFACE_STYLE_FILL_AREA ( #2873 ) ;
#2423 = ORIENTED_EDGE ( 'NONE', *, *, #2301, .T. ) ;
#2424 = AXIS2_PLACEMENT_3D ( 'NONE', #373, #3972, #3593 ) ;
#2425 =( NAMED_UNIT ( * ) SI_UNIT ( $, .STERADIAN. ) SOLID_ANGLE_UNIT ( ) );
#2426 = EDGE_CURVE ( 'NONE', #573, #114, #3670, .T. ) ;
#2427 = DIRECTION ( 'NONE',  ( 1.000000000000000000, -0.000000000000000000, -1.387778780781445922E-16 ) ) ;
#2428 = AXIS2_PLACEMENT_3D ( 'NONE', #863, #491, #2061 ) ;
#2429 = EDGE_CURVE ( 'NONE', #4844, #335, #848, .T. ) ;
#2430 = FILL_AREA_STYLE ('',( #4822 ) ) ;
#2431 = DIRECTION ( 'NONE',  ( -1.387778780781445922E-16, 6.505213034913026604E-16, -1.000000000000000000 ) ) ;
#2432 = ORIENTED_EDGE ( 'NONE', *, *, #3889, .T. ) ;
#2433 = ORIENTED_EDGE ( 'NONE', *, *, #3837, .T. ) ;
#2434 =( NAMED_UNIT ( * ) PLANE_ANGLE_UNIT ( ) SI_UNIT ( $, .RADIAN. ) );
#2435 = DIRECTION ( 'NONE',  ( 0.000000000000000000, -1.000000000000000000, 0.000000000000000000 ) ) ;
#2436 = DIRECTION ( 'NONE',  ( -0.000000000000000000, -1.000000000000000000, -0.000000000000000000 ) ) ;
#2437 = LINE ( 'NONE', #3262, #2625 ) ;
#2438 =( GEOMETRIC_REPRESENTATION_CONTEXT ( 3 ) GLOBAL_UNCERTAINTY_ASSIGNED_CONTEXT ( ( #2007 ) ) GLOBAL_UNIT_ASSIGNED_CONTEXT ( ( #748, #3993, #3945 ) ) REPRESENTATION_CONTEXT ( 'NONE', 'WORKASPACE' ) );
#2439 =( NAMED_UNIT ( * ) PLANE_ANGLE_UNIT ( ) SI_UNIT ( $, .RADIAN. ) );
#2440 = ORIENTED_EDGE ( 'NONE', *, *, #4892, .T. ) ;
#2441 = ORIENTED_EDGE ( 'NONE', *, *, #3310, .F. ) ;
#2442 = FACE_OUTER_BOUND ( 'NONE', #2643, .T. ) ;
#2443 = CARTESIAN_POINT ( 'NONE',  ( -12.55061124694373298, -21.68202933985330461, -21.49999999999996447 ) ) ;
#2444 = UNCERTAINTY_MEASURE_WITH_UNIT (LENGTH_MEASURE( 1.000000000000000082E-05 ), #1555, 'distance_accuracy_value', 'NONE');
#2445 =( LENGTH_UNIT ( ) NAMED_UNIT ( * ) SI_UNIT ( .MILLI., .METRE. ) );
#2446 = DIRECTION ( 'NONE',  ( 2.545108368289781213E-31, -1.000000000000000000, 1.508455196501572810E-15 ) ) ;
#2447 = EDGE_CURVE ( 'NONE', #2393, #1553, #1692, .T. ) ;
#2448 =( NAMED_UNIT ( * ) SI_UNIT ( $, .STERADIAN. ) SOLID_ANGLE_UNIT ( ) );
#2449 = VECTOR ( 'NONE', #1906, 1000.000000000000000 ) ;
#2450 = PRESENTATION_STYLE_ASSIGNMENT (( #824 ) ) ;
#2451 = SURFACE_STYLE_FILL_AREA ( #4842 ) ;
#2452 = MECHANICAL_DESIGN_GEOMETRIC_PRESENTATION_REPRESENTATION (  '', ( #1192 ), #3787 ) ;
#2453 = EDGE_CURVE ( 'NONE', #1293, #3706, #3379, .T. ) ;
#2454 = AXIS2_PLACEMENT_3D ( 'NONE', #633, #2097, #3821 ) ;
#2455 = CARTESIAN_POINT ( 'NONE',  ( -86.40061124694372552, -12.68202933985330461, -75.14999999999999147 ) ) ;
#2456 = MECHANICAL_DESIGN_GEOMETRIC_PRESENTATION_REPRESENTATION (  '', ( #858 ), #3542 ) ;
#2457 = ORIENTED_EDGE ( 'NONE', *, *, #1486, .F. ) ;
#2458 = CARTESIAN_POINT ( 'NONE',  ( -84.90061124694369710, -20.33202933985330318, -71.34999999999999432 ) ) ;
#2459 = CARTESIAN_POINT ( 'NONE',  ( 68.94938875305625459, -9.982029339853301764, 15.75000000000000000 ) ) ;
#2460 = CARTESIAN_POINT ( 'NONE',  ( 146.5993887530563029, -14.68202933985330461, 69.85000000000002274 ) ) ;
#2461 = PRESENTATION_LAYER_ASSIGNMENT (  '', '', ( #132 ) ) ;
#2462 = AXIS2_PLACEMENT_3D ( 'NONE', #3319, #4915, #3297 ) ;
#2463 = ORIENTED_EDGE ( 'NONE', *, *, #1556, .T. ) ;
#2464 = CARTESIAN_POINT ( 'NONE',  ( 70.94938875305625459, -21.68202933985329750, 9.250000000000003553 ) ) ;
#2465 = VECTOR ( 'NONE', #942, 1000.000000000000000 ) ;
#2466 = FACE_OUTER_BOUND ( 'NONE', #282, .T. ) ;
#2467 = MECHANICAL_DESIGN_GEOMETRIC_PRESENTATION_REPRESENTATION (  '', ( #310 ), #3806 ) ;
#2468 =( LENGTH_UNIT ( ) NAMED_UNIT ( * ) SI_UNIT ( .MILLI., .METRE. ) );
#2469 =( LENGTH_UNIT ( ) NAMED_UNIT ( * ) SI_UNIT ( .MILLI., .METRE. ) );
#2471 = VERTEX_POINT ( 'NONE', #483 ) ;
#2470 = MECHANICAL_DESIGN_GEOMETRIC_PRESENTATION_REPRESENTATION (  '', ( #1950 ), #3624 ) ;
#2472 = AXIS2_PLACEMENT_3D ( 'NONE', #3711, #152, #3317 ) ;
#2473 = VERTEX_POINT ( 'NONE', #2049 ) ;
#2474 =( NAMED_UNIT ( * ) SI_UNIT ( $, .STERADIAN. ) SOLID_ANGLE_UNIT ( ) );
#2475 = DIRECTION ( 'NONE',  ( 0.000000000000000000, 0.000000000000000000, 1.000000000000000000 ) ) ;
#2476 = CARTESIAN_POINT ( 'NONE',  ( -85.40061124694372552, -20.33202933985330318, -74.14999999999999147 ) ) ;
#2477 = PRESENTATION_LAYER_ASSIGNMENT (  '', '', ( #5153 ) ) ;
#2478 = LINE ( 'NONE', #4888, #1767 ) ;
#2479 = CARTESIAN_POINT ( 'NONE',  ( -86.40061124694371131, -14.68202933985330461, 75.15000000000001990 ) ) ;
#2480 = LINE ( 'NONE', #133, #1503 ) ;
#2481 = DIRECTION ( 'NONE',  ( 0.000000000000000000, 0.000000000000000000, 1.000000000000000000 ) ) ;
#2482 = ADVANCED_FACE ( 'NONE', ( #1594 ), #4823, .F. ) ;
#2483 = DIRECTION ( 'NONE',  ( 1.000000000000000000, 0.000000000000000000, 0.000000000000000000 ) ) ;
#2484 = ORIENTED_EDGE ( 'NONE', *, *, #1985, .F. ) ;
#2485 =( LENGTH_UNIT ( ) NAMED_UNIT ( * ) SI_UNIT ( .MILLI., .METRE. ) );
#2486 = ORIENTED_EDGE ( 'NONE', *, *, #2159, .T. ) ;
#2487 = APPLICATION_CONTEXT ( 'automotive_design' ) ;
#2488 = FILL_AREA_STYLE ('',( #4929 ) ) ;
#2489 = STYLED_ITEM ( 'NONE', ( #2450 ), #4 ) ;
#2490 = SURFACE_STYLE_FILL_AREA ( #1030 ) ;
#2491 = EDGE_CURVE ( 'NONE', #389, #4250, #553, .T. ) ;
#2492 = FILL_AREA_STYLE_COLOUR ( '', #1455 ) ;
#2493 = SURFACE_STYLE_FILL_AREA ( #806 ) ;
#2494 = VECTOR ( 'NONE', #2869, 1000.000000000000000 ) ;
#2495 = ORIENTED_EDGE ( 'NONE', *, *, #12, .T. ) ;
#2496 = SURFACE_STYLE_FILL_AREA ( #4852 ) ;
#2497 = CARTESIAN_POINT ( 'NONE',  ( 65.94938875305625459, -12.68202933985330461, -24.99999999999999289 ) ) ;
#2498 = EDGE_CURVE ( 'NONE', #4330, #2523, #3422, .T. ) ;
#2499 = SURFACE_STYLE_USAGE ( .BOTH. , #4012 ) ;
#2500 = SURFACE_STYLE_FILL_AREA ( #2057 ) ;
#2501 = VERTEX_POINT ( 'NONE', #3003 ) ;
#2502 = VERTEX_POINT ( 'NONE', #2943 ) ;
#2503 = PRESENTATION_STYLE_ASSIGNMENT (( #156 ) ) ;
#2504 = CARTESIAN_POINT ( 'NONE',  ( 141.2993887530562915, -14.68202933985330461, -69.84999999999999432 ) ) ;
#2505 = AXIS2_PLACEMENT_3D ( 'NONE', #1167, #3311, #4156 ) ;
#2506 = UNCERTAINTY_MEASURE_WITH_UNIT (LENGTH_MEASURE( 1.000000000000000082E-05 ), #4038, 'distance_accuracy_value', 'NONE');
#2507 = FACE_OUTER_BOUND ( 'NONE', #122, .T. ) ;
#2508 = FILL_AREA_STYLE_COLOUR ( '', #4445 ) ;
#2509 = DIRECTION ( 'NONE',  ( 0.000000000000000000, 0.000000000000000000, -1.000000000000000000 ) ) ;
#2510 =( LENGTH_UNIT ( ) NAMED_UNIT ( * ) SI_UNIT ( .MILLI., .METRE. ) );
#2511 =( GEOMETRIC_REPRESENTATION_CONTEXT ( 3 ) GLOBAL_UNCERTAINTY_ASSIGNED_CONTEXT ( ( #359 ) ) GLOBAL_UNIT_ASSIGNED_CONTEXT ( ( #1115, #3996, #5154 ) ) REPRESENTATION_CONTEXT ( 'NONE', 'WORKASPACE' ) );
#2512 = SURFACE_STYLE_USAGE ( .BOTH. , #4898 ) ;
#2513 = PRESENTATION_STYLE_ASSIGNMENT (( #3391 ) ) ;
#2514 = MECHANICAL_DESIGN_GEOMETRIC_PRESENTATION_REPRESENTATION (  '', ( #1587 ), #2755 ) ;
#2515 = CARTESIAN_POINT ( 'NONE',  ( -91.70161124694372745, -9.982029339853303540, 1.487746833262228591E-14 ) ) ;
#2516 = SURFACE_SIDE_STYLE ('',( #3701 ) ) ;
#2517 = EDGE_CURVE ( 'NONE', #2902, #4995, #4982, .T. ) ;
#2518 = EDGE_LOOP ( 'NONE', ( #4426, #1081, #3505, #205 ) ) ;
#2519 = LINE ( 'NONE', #2464, #2324 ) ;
#2520 =( NAMED_UNIT ( * ) SI_UNIT ( $, .STERADIAN. ) SOLID_ANGLE_UNIT ( ) );
#2521 = FILL_AREA_STYLE ('',( #932 ) ) ;
#2522 = PLANE ( 'NONE',  #1701 ) ;
#2523 = VERTEX_POINT ( 'NONE', #3339 ) ;
#2524 = ORIENTED_EDGE ( 'NONE', *, *, #323, .T. ) ;
#2525 = EDGE_CURVE ( 'NONE', #1646, #2902, #1043, .T. ) ;
#2526 = SURFACE_SIDE_STYLE ('',( #915 ) ) ;
#2527 = CARTESIAN_POINT ( 'NONE',  ( -16.05061124694372765, -7.682029339853305494, 25.00000000000000000 ) ) ;
#2528 = DIRECTION ( 'NONE',  ( 0.000000000000000000, 0.000000000000000000, 1.000000000000000000 ) ) ;
#2529 = UNCERTAINTY_MEASURE_WITH_UNIT (LENGTH_MEASURE( 1.000000000000000082E-05 ), #2129, 'distance_accuracy_value', 'NONE');
#2530 = ADVANCED_FACE ( 'NONE', ( #197 ), #4633, .T. ) ;
#2531 = FACE_OUTER_BOUND ( 'NONE', #2029, .T. ) ;
#2532 =( NAMED_UNIT ( * ) PLANE_ANGLE_UNIT ( ) SI_UNIT ( $, .RADIAN. ) );
#2533 = DIRECTION ( 'NONE',  ( 0.000000000000000000, 0.000000000000000000, -1.000000000000000000 ) ) ;
#2534 = EDGE_LOOP ( 'NONE', ( #1400, #3470, #2554, #2956 ) ) ;
#2535 = AXIS2_PLACEMENT_3D ( 'NONE', #4432, #4921, #2041 ) ;
#2536 = AXIS2_PLACEMENT_3D ( 'NONE', #1458, #2689, #1433 ) ;
#2537 = DIRECTION ( 'NONE',  ( -0.000000000000000000, 1.000000000000000000, -0.000000000000000000 ) ) ;
#2538 = AXIS2_PLACEMENT_3D ( 'NONE', #2151, #4071, #191 ) ;
#2539 = DIRECTION ( 'NONE',  ( 0.000000000000000000, 0.000000000000000000, 1.000000000000000000 ) ) ;
#2540 = AXIS2_PLACEMENT_3D ( 'NONE', #5052, #3904, #2738 ) ;
#2541 = UNCERTAINTY_MEASURE_WITH_UNIT (LENGTH_MEASURE( 1.000000000000000082E-05 ), #840, 'distance_accuracy_value', 'NONE');
#2542 = STYLED_ITEM ( 'NONE', ( #4431 ), #4820 ) ;
#2543 = VERTEX_POINT ( 'NONE', #1039 ) ;
#2544 = STYLED_ITEM ( 'NONE', ( #3025 ), #2530 ) ;
#2545 = MECHANICAL_DESIGN_GEOMETRIC_PRESENTATION_REPRESENTATION (  '', ( #3454 ), #704 ) ;
#2546 = LINE ( 'NONE', #510, #2378 ) ;
#2547 = SURFACE_STYLE_USAGE ( .BOTH. , #4216 ) ;
#2548 = DIRECTION ( 'NONE',  ( -0.000000000000000000, 1.000000000000000000, -0.000000000000000000 ) ) ;
#2549 = EDGE_CURVE ( 'NONE', #3089, #1700, #3976, .T. ) ;
#2550 = VECTOR ( 'NONE', #4195, 1000.000000000000000 ) ;
#2551 = ORIENTED_EDGE ( 'NONE', *, *, #3994, .T. ) ;
#2552 = COLOUR_RGB ( '',1.000000000000000000, 1.000000000000000000, 1.000000000000000000 ) ;
#2553 = EDGE_LOOP ( 'NONE', ( #1362, #3035, #3196, #2417 ) ) ;
#2554 = ORIENTED_EDGE ( 'NONE', *, *, #4742, .F. ) ;
#2555 =( GEOMETRIC_REPRESENTATION_CONTEXT ( 3 ) GLOBAL_UNCERTAINTY_ASSIGNED_CONTEXT ( ( #819 ) ) GLOBAL_UNIT_ASSIGNED_CONTEXT ( ( #3068, #2704, #1905 ) ) REPRESENTATION_CONTEXT ( 'NONE', 'WORKASPACE' ) );
#2556 = DIRECTION ( 'NONE',  ( 1.768940761992185649E-16, 0.000000000000000000, 1.000000000000000000 ) ) ;
#2557 =( NAMED_UNIT ( * ) SI_UNIT ( $, .STERADIAN. ) SOLID_ANGLE_UNIT ( ) );
#2558 = CARTESIAN_POINT ( 'NONE',  ( 66.94938875305625459, -7.682029339853305494, -2.849999999999999201 ) ) ;
#2559 =( NAMED_UNIT ( * ) SI_UNIT ( $, .STERADIAN. ) SOLID_ANGLE_UNIT ( ) );
#2560 = ADVANCED_FACE ( 'NONE', ( #2597 ), #5005, .F. ) ;
#2561 = DIRECTION ( 'NONE',  ( -1.000000000000000000, -0.000000000000000000, -0.000000000000000000 ) ) ;
#2562 = COLOUR_RGB ( '',1.000000000000000000, 1.000000000000000000, 1.000000000000000000 ) ;
#2563 = LINE ( 'NONE', #78, #135 ) ;
#2564 = COLOUR_RGB ( '',1.000000000000000000, 1.000000000000000000, 1.000000000000000000 ) ;
#2565 = SURFACE_STYLE_FILL_AREA ( #3390 ) ;
#2566 = CARTESIAN_POINT ( 'NONE',  ( 144.5993887530562745, -12.68202933985330461, -69.84999999999999432 ) ) ;
#2567 = VECTOR ( 'NONE', #200, 1000.000000000000000 ) ;
#2568 = DIRECTION ( 'NONE',  ( 1.892425610156517289E-14, 0.000000000000000000, -1.000000000000000000 ) ) ;
#2569 = FACE_OUTER_BOUND ( 'NONE', #3281, .T. ) ;
#2570 = SURFACE_SIDE_STYLE ('',( #927 ) ) ;
#2571 = ORIENTED_EDGE ( 'NONE', *, *, #2154, .F. ) ;
#2572 = FILL_AREA_STYLE ('',( #2622 ) ) ;
#2573 = FILL_AREA_STYLE ('',( #279 ) ) ;
#2574 = DIRECTION ( 'NONE',  ( 9.233391755032904050E-17, -0.000000000000000000, 1.000000000000000000 ) ) ;
#2575 = FILL_AREA_STYLE ('',( #967 ) ) ;
#2576 =( NAMED_UNIT ( * ) SI_UNIT ( $, .STERADIAN. ) SOLID_ANGLE_UNIT ( ) );
#2577 = EDGE_LOOP ( 'NONE', ( #3299, #3559, #1622, #2771 ) ) ;
#2578 = STYLED_ITEM ( 'NONE', ( #4986 ), #4404 ) ;
#2579 = VERTEX_POINT ( 'NONE', #3850 ) ;
#2580 = EDGE_LOOP ( 'NONE', ( #2891, #4155, #699, #3714 ) ) ;
#2581 = ADVANCED_FACE ( 'NONE', ( #677 ), #2669, .F. ) ;
#2582 = SURFACE_STYLE_FILL_AREA ( #265 ) ;
#2583 = VECTOR ( 'NONE', #1971, 1000.000000000000000 ) ;
#2584 = PRESENTATION_STYLE_ASSIGNMENT (( #1451 ) ) ;
#2585 = EDGE_CURVE ( 'NONE', #3679, #3528, #62, .T. ) ;
#2586 =( LENGTH_UNIT ( ) NAMED_UNIT ( * ) SI_UNIT ( .MILLI., .METRE. ) );
#2587 =( NAMED_UNIT ( * ) SI_UNIT ( $, .STERADIAN. ) SOLID_ANGLE_UNIT ( ) );
#2588 = CARTESIAN_POINT ( 'NONE',  ( -11.05061124694373120, -8.682029339853306382, -28.99999999999998934 ) ) ;
#2589 = ORIENTED_EDGE ( 'NONE', *, *, #3930, .F. ) ;
#2590 = FILL_AREA_STYLE ('',( #901 ) ) ;
#2591 = ORIENTED_EDGE ( 'NONE', *, *, #1428, .T. ) ;
#2592 = EDGE_CURVE ( 'NONE', #3143, #3600, #2968, .T. ) ;
#2593 = PLANE ( 'NONE',  #3162 ) ;
#2594 = STYLED_ITEM ( 'NONE', ( #1060 ), #3732 ) ;
#2595 = PLANE ( 'NONE',  #3790 ) ;
#2596 = CIRCLE ( 'NONE', #1826, 3.299999999999997158 ) ;
#2597 = FACE_OUTER_BOUND ( 'NONE', #96, .T. ) ;
#2598 = STYLED_ITEM ( 'NONE', ( #1105 ), #4117 ) ;
#2599 =( NAMED_UNIT ( * ) PLANE_ANGLE_UNIT ( ) SI_UNIT ( $, .RADIAN. ) );
#2600 = LINE ( 'NONE', #2898, #1391 ) ;
#2601 = EDGE_LOOP ( 'NONE', ( #588, #2628, #3307, #2059 ) ) ;
#2602 = EDGE_LOOP ( 'NONE', ( #5090, #4935, #3183, #1799 ) ) ;
#2603 = ORIENTED_EDGE ( 'NONE', *, *, #1207, .T. ) ;
#2604 = CARTESIAN_POINT ( 'NONE',  ( 67.94938875305626880, -14.33202933985330318, -21.49999999999996447 ) ) ;
#2605 = LINE ( 'NONE', #612, #2550 ) ;
#2606 = DIRECTION ( 'NONE',  ( 0.000000000000000000, 0.000000000000000000, 1.000000000000000000 ) ) ;
#2607 = ORIENTED_EDGE ( 'NONE', *, *, #4078, .T. ) ;
#2608 = FACE_OUTER_BOUND ( 'NONE', #2518, .T. ) ;
#2609 = LINE ( 'NONE', #1482, #814 ) ;
#2610 = LINE ( 'NONE', #4173, #429 ) ;
#2611 =( NAMED_UNIT ( * ) PLANE_ANGLE_UNIT ( ) SI_UNIT ( $, .RADIAN. ) );
#2612 = FILL_AREA_STYLE ('',( #651 ) ) ;
#2613 = CARTESIAN_POINT ( 'NONE',  ( -11.05061124694373120, -12.68202933985330993, 25.00000000000000000 ) ) ;
#2614 = EDGE_CURVE ( 'NONE', #3067, #396, #4321, .T. ) ;
#2615 = CARTESIAN_POINT ( 'NONE',  ( -15.05061124694372765, -7.682029339853305494, 25.00000000000000000 ) ) ;
#2616 = ORIENTED_EDGE ( 'NONE', *, *, #3277, .T. ) ;
#2617 = LINE ( 'NONE', #2184, #4058 ) ;
#2618 = SURFACE_STYLE_USAGE ( .BOTH. , #1717 ) ;
#2619 = EDGE_CURVE ( 'NONE', #4015, #4681, #3713, .T. ) ;
#2620 =( NAMED_UNIT ( * ) SI_UNIT ( $, .STERADIAN. ) SOLID_ANGLE_UNIT ( ) );
#2621 = COLOUR_RGB ( '',1.000000000000000000, 1.000000000000000000, 1.000000000000000000 ) ;
#2622 = FILL_AREA_STYLE_COLOUR ( '', #4836 ) ;
#2623 = TOROIDAL_SURFACE ( 'NONE', #42, 3.299999999999999822, 2.000000000000000000 ) ;
#2624 =( NAMED_UNIT ( * ) SI_UNIT ( $, .STERADIAN. ) SOLID_ANGLE_UNIT ( ) );
#2625 = VECTOR ( 'NONE', #3242, 1000.000000000000000 ) ;
#2626 = COLOUR_RGB ( '',1.000000000000000000, 1.000000000000000000, 1.000000000000000000 ) ;
#2627 = EDGE_LOOP ( 'NONE', ( #4776, #1945, #1686, #4534 ) ) ;
#2628 = ORIENTED_EDGE ( 'NONE', *, *, #1521, .F. ) ;
#2629 = ORIENTED_EDGE ( 'NONE', *, *, #3871, .T. ) ;
#2630 = CIRCLE ( 'NONE', #1285, 2.000000000000001776 ) ;
#2631 = ORIENTED_EDGE ( 'NONE', *, *, #3906, .F. ) ;
#2632 = DIRECTION ( 'NONE',  ( -0.000000000000000000, 1.000000000000000000, -0.000000000000000000 ) ) ;
#2633 =( NAMED_UNIT ( * ) PLANE_ANGLE_UNIT ( ) SI_UNIT ( $, .RADIAN. ) );
#2634 = DIRECTION ( 'NONE',  ( 0.000000000000000000, 0.000000000000000000, 1.000000000000000000 ) ) ;
#2635 = STYLED_ITEM ( 'NONE', ( #1061 ), #4640 ) ;
#2636 =( GEOMETRIC_REPRESENTATION_CONTEXT ( 3 ) GLOBAL_UNCERTAINTY_ASSIGNED_CONTEXT ( ( #2062 ) ) GLOBAL_UNIT_ASSIGNED_CONTEXT ( ( #3426, #561, #4247 ) ) REPRESENTATION_CONTEXT ( 'NONE', 'WORKASPACE' ) );
#2637 = PRESENTATION_LAYER_ASSIGNMENT (  '', '', ( #4897 ) ) ;
#2638 = MECHANICAL_DESIGN_GEOMETRIC_PRESENTATION_REPRESENTATION (  '', ( #4733 ), #3298 ) ;
#2639 = AXIS2_PLACEMENT_3D ( 'NONE', #4272, #1437, #1469 ) ;
#2640 = SURFACE_STYLE_USAGE ( .BOTH. , #4292 ) ;
#2641 = FACE_OUTER_BOUND ( 'NONE', #2534, .T. ) ;
#2642 = CARTESIAN_POINT ( 'NONE',  ( -7.550611246943721433, -21.68202933985330461, 21.50000000000000000 ) ) ;
#2643 = EDGE_LOOP ( 'NONE', ( #3858, #1524, #1976, #3483 ) ) ;
#2644 = COLOUR_RGB ( '',1.000000000000000000, 1.000000000000000000, 1.000000000000000000 ) ;
#2645 = CARTESIAN_POINT ( 'NONE',  ( 68.94938875305625459, -7.682029339853305494, 25.00000000000000000 ) ) ;
#2646 = EDGE_CURVE ( 'NONE', #1390, #2199, #4684, .T. ) ;
#2647 = AXIS2_PLACEMENT_3D ( 'NONE', #3952, #3257, #4871 ) ;
#2648 = FILL_AREA_STYLE ('',( #962 ) ) ;
#2649 = ADVANCED_FACE ( 'NONE', ( #353 ), #2307, .F. ) ;
#2650 = LINE ( 'NONE', #3029, #4492 ) ;
#2651 = SURFACE_SIDE_STYLE ('',( #3140 ) ) ;
#2652 = CARTESIAN_POINT ( 'NONE',  ( -91.70161124694372745, -9.982029339853303540, 9.250000000000017764 ) ) ;
#2653 = FILL_AREA_STYLE ('',( #3006 ) ) ;
#2654 = ORIENTED_EDGE ( 'NONE', *, *, #1492, .F. ) ;
#2655 = EDGE_LOOP ( 'NONE', ( #963, #2093, #2218, #1523 ) ) ;
#2656 = EDGE_LOOP ( 'NONE', ( #4306, #1231, #2167, #2900 ) ) ;
#2657 = EDGE_CURVE ( 'NONE', #2393, #5125, #4436, .T. ) ;
#2658 = CARTESIAN_POINT ( 'NONE',  ( -86.40061124694372552, -21.18202933985330461, -75.14999999999999147 ) ) ;
#2659 = DIRECTION ( 'NONE',  ( -0.000000000000000000, -1.000000000000000000, -0.000000000000000000 ) ) ;
#2660 = DIRECTION ( 'NONE',  ( 0.000000000000000000, 1.000000000000000000, -7.542275982507859119E-16 ) ) ;
#2661 =( LENGTH_UNIT ( ) NAMED_UNIT ( * ) SI_UNIT ( .MILLI., .METRE. ) );
#2662 =( NAMED_UNIT ( * ) PLANE_ANGLE_UNIT ( ) SI_UNIT ( $, .RADIAN. ) );
#2663 = MECHANICAL_DESIGN_GEOMETRIC_PRESENTATION_REPRESENTATION (  '', ( #3314 ), #1732 ) ;
#2664 = FACE_OUTER_BOUND ( 'NONE', #1931, .T. ) ;
#2665 = STYLED_ITEM ( 'NONE', ( #2503 ), #3105 ) ;
#2666 = DIRECTION ( 'NONE',  ( 1.000000000000000000, 0.000000000000000000, 0.000000000000000000 ) ) ;
#2667 = COLOUR_RGB ( '',1.000000000000000000, 1.000000000000000000, 1.000000000000000000 ) ;
#2668 = SURFACE_STYLE_FILL_AREA ( #2306 ) ;
#2669 = CYLINDRICAL_SURFACE ( 'NONE', #3053, 3.000000000000002665 ) ;
#2670 = CYLINDRICAL_SURFACE ( 'NONE', #5094, 0.5000000000000004441 ) ;
#2671 = CARTESIAN_POINT ( 'NONE',  ( 70.94938875305625459, -9.982029339853303540, 9.249999999999994671 ) ) ;
#2672 = DIRECTION ( 'NONE',  ( 1.000000000000000000, 0.000000000000000000, 9.011550524554845667E-17 ) ) ;
#2673 = VECTOR ( 'NONE', #1833, 1000.000000000000000 ) ;
#2674 = CARTESIAN_POINT ( 'NONE',  ( -91.70161124694372745, -21.68202933985332947, 15.75000000000000355 ) ) ;
#2675 = PRESENTATION_STYLE_ASSIGNMENT (( #1077 ) ) ;
#2676 = EDGE_LOOP ( 'NONE', ( #829, #3508, #4643, #4879 ) ) ;
#2677 = EDGE_CURVE ( 'NONE', #4159, #2543, #1217, .T. ) ;
#2678 = VERTEX_POINT ( 'NONE', #2839 ) ;
#2679 = COLOUR_RGB ( '',1.000000000000000000, 1.000000000000000000, 1.000000000000000000 ) ;
#2680 = PLANE ( 'NONE',  #3229 ) ;
#2681 = DIRECTION ( 'NONE',  ( -0.000000000000000000, -1.000000000000000000, -0.000000000000000000 ) ) ;
#2682 = CARTESIAN_POINT ( 'NONE',  ( -91.20061124694373689, -21.68202933985330461, -69.84999999999999432 ) ) ;
#2683 =( NAMED_UNIT ( * ) SI_UNIT ( $, .STERADIAN. ) SOLID_ANGLE_UNIT ( ) );
#2684 = EDGE_CURVE ( 'NONE', #4051, #924, #1306, .T. ) ;
#2685 = SURFACE_STYLE_USAGE ( .BOTH. , #797 ) ;
#2686 = SURFACE_STYLE_USAGE ( .BOTH. , #270 ) ;
#2687 = DIRECTION ( 'NONE',  ( 0.000000000000000000, -1.000000000000000000, 1.508455196501572810E-15 ) ) ;
#2688 = CARTESIAN_POINT ( 'NONE',  ( 146.0993887530563029, -21.18202933985330461, 69.85000000000002274 ) ) ;
#2689 = DIRECTION ( 'NONE',  ( -0.000000000000000000, -1.000000000000000000, -0.000000000000000000 ) ) ;
#2690 = DIRECTION ( 'NONE',  ( -1.000000000000000000, -0.000000000000000000, -0.000000000000000000 ) ) ;
#2691 = ORIENTED_EDGE ( 'NONE', *, *, #1994, .T. ) ;
#2692 = FILL_AREA_STYLE_COLOUR ( '', #1776 ) ;
#2693 = FILL_AREA_STYLE_COLOUR ( '', #1467 ) ;
#2694 = DIRECTION ( 'NONE',  ( -0.000000000000000000, -1.000000000000000000, -0.000000000000000000 ) ) ;
#2695 = LINE ( 'NONE', #2724, #3215 ) ;
#2696 = DIRECTION ( 'NONE',  ( 0.000000000000000000, 0.000000000000000000, -1.000000000000000000 ) ) ;
#2697 = DIRECTION ( 'NONE',  ( 0.000000000000000000, 0.000000000000000000, -1.000000000000000000 ) ) ;
#2698 = ORIENTED_EDGE ( 'NONE', *, *, #2966, .F. ) ;
#2699 = UNCERTAINTY_MEASURE_WITH_UNIT (LENGTH_MEASURE( 1.000000000000000082E-05 ), #2586, 'distance_accuracy_value', 'NONE');
#2700 = VERTEX_POINT ( 'NONE', #1193 ) ;
#2701 = STYLED_ITEM ( 'NONE', ( #317 ), #1308 ) ;
#2702 = SURFACE_STYLE_FILL_AREA ( #1959 ) ;
#2703 = SURFACE_STYLE_USAGE ( .BOTH. , #3915 ) ;
#2704 =( NAMED_UNIT ( * ) PLANE_ANGLE_UNIT ( ) SI_UNIT ( $, .RADIAN. ) );
#2705 = ADVANCED_FACE ( 'NONE', ( #2019 ), #2046, .T. ) ;
#2706 = CARTESIAN_POINT ( 'NONE',  ( -85.40061124694372552, -20.33202933985330318, -74.14999999999999147 ) ) ;
#2707 = MECHANICAL_DESIGN_GEOMETRIC_PRESENTATION_REPRESENTATION (  '', ( #4795 ), #1023 ) ;
#2708 = MECHANICAL_DESIGN_GEOMETRIC_PRESENTATION_REPRESENTATION (  '', ( #1371 ), #697 ) ;
#2709 = CARTESIAN_POINT ( 'NONE',  ( -91.70161124694372745, -9.982029339853303540, -9.249999999999989342 ) ) ;
#2710 = ADVANCED_FACE ( 'NONE', ( #1993 ), #82, .F. ) ;
#2711 = DIRECTION ( 'NONE',  ( 0.000000000000000000, 0.000000000000000000, 1.000000000000000000 ) ) ;
#2712 = DIRECTION ( 'NONE',  ( 0.000000000000000000, -1.000000000000000000, 0.000000000000000000 ) ) ;
#2713 = STYLED_ITEM ( 'NONE', ( #4284 ), #4953 ) ;
#2714 = CARTESIAN_POINT ( 'NONE',  ( -7.550611246943686794, -21.68202933985330461, 26.50000000000000000 ) ) ;
#2715 = MECHANICAL_DESIGN_GEOMETRIC_PRESENTATION_REPRESENTATION (  '', ( #4314 ), #2555 ) ;
#2716 = EDGE_CURVE ( 'NONE', #120, #3621, #1005, .T. ) ;
#2717 = VECTOR ( 'NONE', #4056, 1000.000000000000000 ) ;
#2718 = PRESENTATION_STYLE_ASSIGNMENT (( #3102 ) ) ;
#2719 = STYLED_ITEM ( 'NONE', ( #4779 ), #602 ) ;
#2720 = SURFACE_SIDE_STYLE ('',( #2141 ) ) ;
#2721 = CARTESIAN_POINT ( 'NONE',  ( 66.94938875305625459, -7.682029339853305494, 2.850000000000000089 ) ) ;
#2722 = CIRCLE ( 'NONE', #1476, 5.499999999999998224 ) ;
#2723 =( NAMED_UNIT ( * ) SI_UNIT ( $, .STERADIAN. ) SOLID_ANGLE_UNIT ( ) );
#2724 = CARTESIAN_POINT ( 'NONE',  ( -91.70161124694372745, -9.982029339853303540, 15.75000000000002132 ) ) ;
#2725 = ORIENTED_EDGE ( 'NONE', *, *, #4257, .F. ) ;
#2726 = VERTEX_POINT ( 'NONE', #572 ) ;
#2727 =( NAMED_UNIT ( * ) PLANE_ANGLE_UNIT ( ) SI_UNIT ( $, .RADIAN. ) );
#2728 = SURFACE_STYLE_FILL_AREA ( #5092 ) ;
#2729 = SURFACE_STYLE_USAGE ( .BOTH. , #1086 ) ;
#2730 = EDGE_LOOP ( 'NONE', ( #2282, #1773, #1902, #579 ) ) ;
#2731 = PRESENTATION_STYLE_ASSIGNMENT (( #4731 ) ) ;
#2732 = PLANE ( 'NONE',  #381 ) ;
#2733 = EDGE_CURVE ( 'NONE', #299, #3717, #166, .T. ) ;
#2734 = AXIS2_PLACEMENT_3D ( 'NONE', #528, #150, #1208 ) ;
#2735 = VERTEX_POINT ( 'NONE', #3696 ) ;
#2736 = MECHANICAL_DESIGN_GEOMETRIC_PRESENTATION_REPRESENTATION (  '', ( #5006 ), #1 ) ;
#2737 = UNCERTAINTY_MEASURE_WITH_UNIT (LENGTH_MEASURE( 1.000000000000000082E-05 ), #3219, 'distance_accuracy_value', 'NONE');
#2738 = DIRECTION ( 'NONE',  ( 0.000000000000000000, -0.000000000000000000, 1.000000000000000000 ) ) ;
#2739 =( NAMED_UNIT ( * ) SI_UNIT ( $, .STERADIAN. ) SOLID_ANGLE_UNIT ( ) );
#2740 = EDGE_CURVE ( 'NONE', #2502, #1652, #625, .T. ) ;
#2741 = DIRECTION ( 'NONE',  ( -1.000000000000000000, 0.000000000000000000, 0.000000000000000000 ) ) ;
#2742 = VECTOR ( 'NONE', #2694, 1000.000000000000000 ) ;
#2743 = DIRECTION ( 'NONE',  ( 1.387778780781445922E-16, -7.542275982507859119E-16, 1.000000000000000000 ) ) ;
#2744 =( NAMED_UNIT ( * ) PLANE_ANGLE_UNIT ( ) SI_UNIT ( $, .RADIAN. ) );
#2745 = CARTESIAN_POINT ( 'NONE',  ( -12.05061124694373120, -21.68202933985330461, -9.699999999999997513 ) ) ;
#2746 = VECTOR ( 'NONE', #3870, 1000.000000000000000 ) ;
#2747 = EDGE_LOOP ( 'NONE', ( #4079, #5134, #4697, #913, #204 ) ) ;
#2748 = ORIENTED_EDGE ( 'NONE', *, *, #975, .F. ) ;
#2749 = VERTEX_POINT ( 'NONE', #2566 ) ;
#2750 = DIRECTION ( 'NONE',  ( 1.387778780781445922E-16, -0.000000000000000000, 1.000000000000000000 ) ) ;
#2751 = PRESENTATION_LAYER_ASSIGNMENT (  '', '', ( #11 ) ) ;
#2752 = FACE_OUTER_BOUND ( 'NONE', #4991, .T. ) ;
#2753 = FILL_AREA_STYLE_COLOUR ( '', #144 ) ;
#2754 = PRESENTATION_STYLE_ASSIGNMENT (( #2729 ) ) ;
#2755 =( GEOMETRIC_REPRESENTATION_CONTEXT ( 3 ) GLOBAL_UNCERTAINTY_ASSIGNED_CONTEXT ( ( #1441 ) ) GLOBAL_UNIT_ASSIGNED_CONTEXT ( ( #53, #1677, #2557 ) ) REPRESENTATION_CONTEXT ( 'NONE', 'WORKASPACE' ) );
#2756 = SURFACE_STYLE_FILL_AREA ( #366 ) ;
#2757 = ORIENTED_EDGE ( 'NONE', *, *, #2831, .T. ) ;
#2758 = DIRECTION ( 'NONE',  ( 0.000000000000000000, 0.000000000000000000, 1.000000000000000000 ) ) ;
#2759 = UNCERTAINTY_MEASURE_WITH_UNIT (LENGTH_MEASURE( 1.000000000000000082E-05 ), #3628, 'distance_accuracy_value', 'NONE');
#2760 = LINE ( 'NONE', #2783, #2947 ) ;
#2761 = VECTOR ( 'NONE', #1723, 1000.000000000000000 ) ;
#2762 = SURFACE_STYLE_FILL_AREA ( #2787 ) ;
#2763 = ORIENTED_EDGE ( 'NONE', *, *, #2733, .T. ) ;
#2764 = ADVANCED_FACE ( 'NONE', ( #4203 ), #4580, .F. ) ;
#2765 = CARTESIAN_POINT ( 'NONE',  ( 146.5993887530562745, -21.18202933985330461, -69.84999999999999432 ) ) ;
#2766 = LINE ( 'NONE', #3623, #2583 ) ;
#2767 = DIRECTION ( 'NONE',  ( 0.000000000000000000, 1.000000000000000000, 0.000000000000000000 ) ) ;
#2768 = SURFACE_STYLE_FILL_AREA ( #2385 ) ;
#2769 = EDGE_CURVE ( 'NONE', #3741, #4063, #4524, .T. ) ;
#2770 = PRESENTATION_STYLE_ASSIGNMENT (( #1922 ) ) ;
#2771 = ORIENTED_EDGE ( 'NONE', *, *, #4735, .T. ) ;
#2772 = MECHANICAL_DESIGN_GEOMETRIC_PRESENTATION_REPRESENTATION (  '', ( #4437 ), #4198 ) ;
#2773 = ORIENTED_EDGE ( 'NONE', *, *, #4669, .T. ) ;
#2774 = DIRECTION ( 'NONE',  ( 0.000000000000000000, -1.000000000000000000, 0.000000000000000000 ) ) ;
#2775 = SURFACE_STYLE_FILL_AREA ( #4360 ) ;
#2776 = ADVANCED_FACE ( 'NONE', ( #3756 ), #4154, .T. ) ;
#2777 = CIRCLE ( 'NONE', #3194, 4.799999999999998934 ) ;
#2778 = ORIENTED_EDGE ( 'NONE', *, *, #3331, .F. ) ;
#2779 = ORIENTED_EDGE ( 'NONE', *, *, #4660, .F. ) ;
#2780 = AXIS2_PLACEMENT_3D ( 'NONE', #1929, #1578, #3168 ) ;
#2781 = VECTOR ( 'NONE', #5019, 1000.000000000000000 ) ;
#2782 = SURFACE_SIDE_STYLE ('',( #345 ) ) ;
#2783 = CARTESIAN_POINT ( 'NONE',  ( 142.3993887530562574, -14.33202933985330318, 1.117905892437471183E-14 ) ) ;
#2784 = COLOUR_RGB ( '',1.000000000000000000, 1.000000000000000000, 1.000000000000000000 ) ;
#2785 = SURFACE_STYLE_FILL_AREA ( #1584 ) ;
#2786 = VECTOR ( 'NONE', #4453, 1000.000000000000000 ) ;
#2787 = FILL_AREA_STYLE ('',( #449 ) ) ;
#2788 = COLOUR_RGB ( '',1.000000000000000000, 1.000000000000000000, 1.000000000000000000 ) ;
#2789 = MECHANICAL_DESIGN_GEOMETRIC_PRESENTATION_REPRESENTATION (  '', ( #2713 ), #3043 ) ;
#2790 = FACE_OUTER_BOUND ( 'NONE', #489, .T. ) ;
#2791 = CYLINDRICAL_SURFACE ( 'NONE', #4551, 5.299999999999998934 ) ;
#2792 = COLOUR_RGB ( '',1.000000000000000000, 1.000000000000000000, 1.000000000000000000 ) ;
#2793 = EDGE_CURVE ( 'NONE', #389, #3679, #1189, .T. ) ;
#2794 =( NAMED_UNIT ( * ) PLANE_ANGLE_UNIT ( ) SI_UNIT ( $, .RADIAN. ) );
#2795 = CIRCLE ( 'NONE', #472, 0.5000000000000004441 ) ;
#2796 = PLANE ( 'NONE',  #1219 ) ;
#2797 = SURFACE_SIDE_STYLE ('',( #3478 ) ) ;
#2798 = SURFACE_SIDE_STYLE ('',( #4793 ) ) ;
#2799 = EDGE_LOOP ( 'NONE', ( #2231, #4911, #2037, #4001 ) ) ;
#2800 = COLOUR_RGB ( '',1.000000000000000000, 1.000000000000000000, 1.000000000000000000 ) ;
#2801 = ADVANCED_FACE ( 'NONE', ( #2641 ), #3052, .F. ) ;
#2802 = ORIENTED_EDGE ( 'NONE', *, *, #3761, .T. ) ;
#2803 = VERTEX_POINT ( 'NONE', #1484 ) ;
#2804 = DIRECTION ( 'NONE',  ( -1.000000000000000000, 0.000000000000000000, 0.000000000000000000 ) ) ;
#2805 = CARTESIAN_POINT ( 'NONE',  ( -14.05061124694373476, -9.682029339853306382, -9.699999999999997513 ) ) ;
#2806 =( NAMED_UNIT ( * ) PLANE_ANGLE_UNIT ( ) SI_UNIT ( $, .RADIAN. ) );
#2807 = CYLINDRICAL_SURFACE ( 'NONE', #1279, 0.5000000000000004441 ) ;
#2808 = DIRECTION ( 'NONE',  ( 0.000000000000000000, 1.000000000000000000, 0.000000000000000000 ) ) ;
#2809 = EDGE_LOOP ( 'NONE', ( #2350, #736, #1958, #3942, #3819, #1477, #3449, #3830 ) ) ;
#2810 =( GEOMETRIC_REPRESENTATION_CONTEXT ( 3 ) GLOBAL_UNCERTAINTY_ASSIGNED_CONTEXT ( ( #3225 ) ) GLOBAL_UNIT_ASSIGNED_CONTEXT ( ( #4707, #3132, #3551 ) ) REPRESENTATION_CONTEXT ( 'NONE', 'WORKASPACE' ) );
#2811 = EDGE_LOOP ( 'NONE', ( #1749, #5115, #527, #2985 ) ) ;
#2812 = ADVANCED_FACE ( 'NONE', ( #694 ), #2369, .T. ) ;
#2813 = CARTESIAN_POINT ( 'NONE',  ( 65.94938875305625459, -112.8069513123572278, -24.99999999999999289 ) ) ;
#2814 = UNCERTAINTY_MEASURE_WITH_UNIT (LENGTH_MEASURE( 1.000000000000000082E-05 ), #4176, 'distance_accuracy_value', 'NONE');
#2815 = SURFACE_STYLE_FILL_AREA ( #1218 ) ;
#2816 = CARTESIAN_POINT ( 'NONE',  ( 70.94938875305625459, -8.682029339853306382, 15.75000000000000000 ) ) ;
#2817 = DIRECTION ( 'NONE',  ( -0.000000000000000000, 1.000000000000000000, -0.000000000000000000 ) ) ;
#2818 = PLANE ( 'NONE',  #3803 ) ;
#2819 = DIRECTION ( 'NONE',  ( 1.387778780781445922E-16, -0.000000000000000000, 1.000000000000000000 ) ) ;
#2820 = SURFACE_STYLE_USAGE ( .BOTH. , #5130 ) ;
#2821 = CIRCLE ( 'NONE', #1236, 2.999999999999995559 ) ;
#2822 = DIRECTION ( 'NONE',  ( 0.000000000000000000, 0.000000000000000000, -1.000000000000000000 ) ) ;
#2823 = ORIENTED_EDGE ( 'NONE', *, *, #531, .F. ) ;
#2824 = ORIENTED_EDGE ( 'NONE', *, *, #4291, .F. ) ;
#2825 = CIRCLE ( 'NONE', #578, 2.000000000000001776 ) ;
#2826 = DIRECTION ( 'NONE',  ( 0.000000000000000000, 1.000000000000000000, 0.000000000000000000 ) ) ;
#2827 = EDGE_CURVE ( 'NONE', #465, #4221, #1636, .T. ) ;
#2828 = ORIENTED_EDGE ( 'NONE', *, *, #4694, .T. ) ;
#2829 = ORIENTED_EDGE ( 'NONE', *, *, #4185, .T. ) ;
#2830 =( NAMED_UNIT ( * ) SI_UNIT ( $, .STERADIAN. ) SOLID_ANGLE_UNIT ( ) );
#2831 = EDGE_CURVE ( 'NONE', #789, #2726, #1329, .T. ) ;
#2832 = AXIS2_PLACEMENT_3D ( 'NONE', #3515, #5171, #2370 ) ;
#2833 =( NAMED_UNIT ( * ) SI_UNIT ( $, .STERADIAN. ) SOLID_ANGLE_UNIT ( ) );
#2834 = MECHANICAL_DESIGN_GEOMETRIC_PRESENTATION_REPRESENTATION (  '', ( #189 ), #1196 ) ;
#2835 = FILL_AREA_STYLE ('',( #3274 ) ) ;
#2836 = COLOUR_RGB ( '',1.000000000000000000, 1.000000000000000000, 1.000000000000000000 ) ;
#2837 = DIRECTION ( 'NONE',  ( 1.000000000000000000, -0.000000000000000000, 0.000000000000000000 ) ) ;
#2838 =( LENGTH_UNIT ( ) NAMED_UNIT ( * ) SI_UNIT ( .MILLI., .METRE. ) );
#2839 = CARTESIAN_POINT ( 'NONE',  ( 68.94938875305625459, -9.682029339853306382, -2.849999999999998312 ) ) ;
#2840 =( NAMED_UNIT ( * ) SI_UNIT ( $, .STERADIAN. ) SOLID_ANGLE_UNIT ( ) );
#2841 = UNCERTAINTY_MEASURE_WITH_UNIT (LENGTH_MEASURE( 1.000000000000000082E-05 ), #2352, 'distance_accuracy_value', 'NONE');
#2842 = EDGE_LOOP ( 'NONE', ( #3666, #4180, #4945, #809 ) ) ;
#2843 =( NAMED_UNIT ( * ) PLANE_ANGLE_UNIT ( ) SI_UNIT ( $, .RADIAN. ) );
#2844 = LINE ( 'NONE', #94, #1941 ) ;
#2845 = PRESENTATION_STYLE_ASSIGNMENT (( #324 ) ) ;
#2846 = ORIENTED_EDGE ( 'NONE', *, *, #403, .F. ) ;
#2847 = ORIENTED_EDGE ( 'NONE', *, *, #1170, .F. ) ;
#2848 = EDGE_CURVE ( 'NONE', #4611, #4097, #1537, .T. ) ;
#2849 = UNCERTAINTY_MEASURE_WITH_UNIT (LENGTH_MEASURE( 1.000000000000000082E-05 ), #3287, 'distance_accuracy_value', 'NONE');
#2850 = CARTESIAN_POINT ( 'NONE',  ( 70.94938875305625459, -7.682029339853305494, 25.00000000000000000 ) ) ;
#2851 = LINE ( 'NONE', #2991, #3526 ) ;
#2852 = MECHANICAL_DESIGN_GEOMETRIC_PRESENTATION_REPRESENTATION (  '', ( #2939 ), #4299 ) ;
#2853 = PRESENTATION_LAYER_ASSIGNMENT (  '', '', ( #2014 ) ) ;
#2854 = ADVANCED_FACE ( 'NONE', ( #2531 ), #4094, .T. ) ;
#2855 = CARTESIAN_POINT ( 'NONE',  ( -11.05061124694373120, -12.68202933985330461, 32.00000000000000000 ) ) ;
#2856 = STYLED_ITEM ( 'NONE', ( #4914 ), #1397 ) ;
#2857 = FILL_AREA_STYLE ('',( #3279 ) ) ;
#2858 =( GEOMETRIC_REPRESENTATION_CONTEXT ( 3 ) GLOBAL_UNCERTAINTY_ASSIGNED_CONTEXT ( ( #4861 ) ) GLOBAL_UNIT_ASSIGNED_CONTEXT ( ( #4099, #196, #1339 ) ) REPRESENTATION_CONTEXT ( 'NONE', 'WORKASPACE' ) );
#2859 = DIRECTION ( 'NONE',  ( 0.000000000000000000, 0.000000000000000000, -1.000000000000000000 ) ) ;
#2860 = AXIS2_PLACEMENT_3D ( 'NONE', #2613, #2124, #2887 ) ;
#2861 = ADVANCED_FACE ( 'NONE', ( #448 ), #376, .F. ) ;
#2862 = AXIS2_PLACEMENT_3D ( 'NONE', #3647, #2819, #804 ) ;
#2863 = CIRCLE ( 'NONE', #2860, 3.000000000000002665 ) ;
#2864 = PRESENTATION_STYLE_ASSIGNMENT (( #4080 ) ) ;
#2865 =( NAMED_UNIT ( * ) SI_UNIT ( $, .STERADIAN. ) SOLID_ANGLE_UNIT ( ) );
#2866 = TOROIDAL_SURFACE ( 'NONE', #4381, 6.999999999999999112, 2.000000000000000000 ) ;
#2867 = COLOUR_RGB ( '',1.000000000000000000, 1.000000000000000000, 1.000000000000000000 ) ;
#2868 = ORIENTED_EDGE ( 'NONE', *, *, #3597, .F. ) ;
#2869 = DIRECTION ( 'NONE',  ( -0.000000000000000000, 0.000000000000000000, 1.000000000000000000 ) ) ;
#2870 = DIRECTION ( 'NONE',  ( 1.000000000000000000, 0.000000000000000000, 9.011550524554845667E-17 ) ) ;
#2871 = PRODUCT_DEFINITION_FORMATION_WITH_SPECIFIED_SOURCE ( '任何', '', #1638, .NOT_KNOWN. ) ;
#2872 = CARTESIAN_POINT ( 'NONE',  ( -14.05061124694373476, -7.682029339853305494, -24.99999999999999289 ) ) ;
#2873 = FILL_AREA_STYLE ('',( #1290 ) ) ;
#2875 = ORIENTED_EDGE ( 'NONE', *, *, #447, .F. ) ;
#2874 = PRESENTATION_LAYER_ASSIGNMENT (  '', '', ( #1950 ) ) ;
#2876 = PRESENTATION_LAYER_ASSIGNMENT (  '', '', ( #639 ) ) ;
#2877 = ORIENTED_EDGE ( 'NONE', *, *, #3786, .T. ) ;
#2878 = SURFACE_STYLE_USAGE ( .BOTH. , #2526 ) ;
#2879 = DIRECTION ( 'NONE',  ( 1.000000000000000000, -0.000000000000000000, -1.387778780781445922E-16 ) ) ;
#2880 = CARTESIAN_POINT ( 'NONE',  ( 145.5993887530562745, -20.33202933985330318, -68.84999999999999432 ) ) ;
#2881 = AXIS2_PLACEMENT_3D ( 'NONE', #759, #5030, #1843 ) ;
#2882 = DIRECTION ( 'NONE',  ( 0.000000000000000000, 1.000000000000000000, 0.000000000000000000 ) ) ;
#2883 =( NAMED_UNIT ( * ) PLANE_ANGLE_UNIT ( ) SI_UNIT ( $, .RADIAN. ) );
#2884 = SURFACE_STYLE_USAGE ( .BOTH. , #4893 ) ;
#2885 =( NAMED_UNIT ( * ) SI_UNIT ( $, .STERADIAN. ) SOLID_ANGLE_UNIT ( ) );
#2886 =( NAMED_UNIT ( * ) SI_UNIT ( $, .STERADIAN. ) SOLID_ANGLE_UNIT ( ) );
#2887 = DIRECTION ( 'NONE',  ( 0.000000000000000000, 0.000000000000000000, 1.000000000000000000 ) ) ;
#2888 = EDGE_CURVE ( 'NONE', #955, #20, #2011, .T. ) ;
#2889 = ORIENTED_EDGE ( 'NONE', *, *, #1681, .T. ) ;
#2890 =( NAMED_UNIT ( * ) PLANE_ANGLE_UNIT ( ) SI_UNIT ( $, .RADIAN. ) );
#2891 = ORIENTED_EDGE ( 'NONE', *, *, #2619, .F. ) ;
#2892 = CIRCLE ( 'NONE', #4157, 4.999999999999997335 ) ;
#2893 = DIRECTION ( 'NONE',  ( 1.000000000000000000, 0.000000000000000000, -9.233391755032904050E-17 ) ) ;
#2894 = EDGE_CURVE ( 'NONE', #235, #1390, #1020, .T. ) ;
#2895 = COLOUR_RGB ( '',1.000000000000000000, 1.000000000000000000, 1.000000000000000000 ) ;
#2896 = ORIENTED_EDGE ( 'NONE', *, *, #29, .F. ) ;
#2897 = FILL_AREA_STYLE ('',( #4008 ) ) ;
#2898 = CARTESIAN_POINT ( 'NONE',  ( -7.550611246943686794, -12.68202933985330461, 26.50000000000000000 ) ) ;
#2899 = FILL_AREA_STYLE ('',( #4034 ) ) ;
#2900 = ORIENTED_EDGE ( 'NONE', *, *, #4047, .F. ) ;
#2901 = ORIENTED_EDGE ( 'NONE', *, *, #4824, .F. ) ;
#2902 = VERTEX_POINT ( 'NONE', #568 ) ;
#2903 =( NAMED_UNIT ( * ) SI_UNIT ( $, .STERADIAN. ) SOLID_ANGLE_UNIT ( ) );
#2904 = PRESENTATION_LAYER_ASSIGNMENT (  '', '', ( #1894 ) ) ;
#2905 = CARTESIAN_POINT ( 'NONE',  ( 146.5993887530562745, -14.68202933985330461, -69.84999999999999432 ) ) ;
#2906 = PRESENTATION_LAYER_ASSIGNMENT (  '', '', ( #3494 ) ) ;
#2907 =( NAMED_UNIT ( * ) PLANE_ANGLE_UNIT ( ) SI_UNIT ( $, .RADIAN. ) );
#2908 =( LENGTH_UNIT ( ) NAMED_UNIT ( * ) SI_UNIT ( .MILLI., .METRE. ) );
#2909 =( LENGTH_UNIT ( ) NAMED_UNIT ( * ) SI_UNIT ( .MILLI., .METRE. ) );
#2910 = MECHANICAL_DESIGN_GEOMETRIC_PRESENTATION_REPRESENTATION (  '', ( #4005 ), #1741 ) ;
#2911 = SURFACE_SIDE_STYLE ('',( #1386 ) ) ;
#2912 = VERTEX_POINT ( 'NONE', #4965 ) ;
#2913 = STYLED_ITEM ( 'NONE', ( #4589 ), #4041 ) ;
#2914 =( LENGTH_UNIT ( ) NAMED_UNIT ( * ) SI_UNIT ( .MILLI., .METRE. ) );
#2915 = EDGE_CURVE ( 'NONE', #4097, #3143, #2266, .T. ) ;
#2916 = CARTESIAN_POINT ( 'NONE',  ( -12.05061124694373120, -21.68202933985330461, 9.699999999999997513 ) ) ;
#2917 = ORIENTED_EDGE ( 'NONE', *, *, #2193, .T. ) ;
#2918 = ADVANCED_FACE ( 'NONE', ( #4199, #3385 ), #2210, .T. ) ;
#2919 = SURFACE_SIDE_STYLE ('',( #4477 ) ) ;
#2920 = PLANE ( 'NONE',  #61 ) ;
#2921 = LINE ( 'NONE', #3765, #3896 ) ;
#2922 = SURFACE_STYLE_FILL_AREA ( #1398 ) ;
#2923 = ORIENTED_EDGE ( 'NONE', *, *, #2646, .T. ) ;
#2924 = PRODUCT_DEFINITION_SHAPE ( 'NONE', 'NONE',  #209 ) ;
#2925 = VERTEX_POINT ( 'NONE', #4999 ) ;
#2926 = ORIENTED_EDGE ( 'NONE', *, *, #4084, .F. ) ;
#2927 = EDGE_CURVE ( 'NONE', #4781, #3143, #3750, .T. ) ;
#2928 = LINE ( 'NONE', #2527, #15 ) ;
#2929 = DIRECTION ( 'NONE',  ( -0.000000000000000000, 1.000000000000000000, -0.000000000000000000 ) ) ;
#2930 = LINE ( 'NONE', #4542, #2465 ) ;
#2931 = PRESENTATION_STYLE_ASSIGNMENT (( #1352 ) ) ;
#2932 = MECHANICAL_DESIGN_GEOMETRIC_PRESENTATION_REPRESENTATION (  '', ( #2276 ), #110 ) ;
#2933 = DIRECTION ( 'NONE',  ( 1.846678351006580810E-16, -0.000000000000000000, 1.000000000000000000 ) ) ;
#2934 = DIRECTION ( 'NONE',  ( 0.000000000000000000, 0.000000000000000000, 1.000000000000000000 ) ) ;
#2935 = DIRECTION ( 'NONE',  ( 0.000000000000000000, 1.000000000000000000, 0.000000000000000000 ) ) ;
#2936 = FACE_OUTER_BOUND ( 'NONE', #1015, .T. ) ;
#2937 = EDGE_LOOP ( 'NONE', ( #983, #5035, #3587, #644, #3566, #1827, #3190, #3653 ) ) ;
#2938 =( LENGTH_UNIT ( ) NAMED_UNIT ( * ) SI_UNIT ( .MILLI., .METRE. ) );
#2939 = STYLED_ITEM ( 'NONE', ( #2754 ), #1300 ) ;
#2940 = CARTESIAN_POINT ( 'NONE',  ( -90.70061124694372268, -20.33202933985330318, 68.85000000000002274 ) ) ;
#2941 = VECTOR ( 'NONE', #330, 1000.000000000000000 ) ;
#2942 = LINE ( 'NONE', #251, #216 ) ;
#2943 = CARTESIAN_POINT ( 'NONE',  ( 68.94938875305625459, -9.982029339853303540, 9.249999999999994671 ) ) ;
#2944 = STYLED_ITEM ( 'NONE', ( #4347 ), #1830 ) ;
#2945 = EDGE_CURVE ( 'NONE', #361, #4917, #4232, .T. ) ;
#2946 = UNCERTAINTY_MEASURE_WITH_UNIT (LENGTH_MEASURE( 1.000000000000000082E-05 ), #2331, 'distance_accuracy_value', 'NONE');
#2947 = VECTOR ( 'NONE', #3568, 1000.000000000000000 ) ;
#2948 = ORIENTED_EDGE ( 'NONE', *, *, #2517, .T. ) ;
#2949 = DIRECTION ( 'NONE',  ( -1.000000000000000000, 0.000000000000000000, -0.000000000000000000 ) ) ;
#2950 = AXIS2_PLACEMENT_3D ( 'NONE', #1359, #4555, #988 ) ;
#2951 = PRESENTATION_LAYER_ASSIGNMENT (  '', '', ( #3454 ) ) ;
#2952 = DIRECTION ( 'NONE',  ( 1.000000000000000000, 0.000000000000000000, 0.000000000000000000 ) ) ;
#2953 = SURFACE_STYLE_FILL_AREA ( #2575 ) ;
#2954 = CIRCLE ( 'NONE', #4311, 3.000000000000002665 ) ;
#2955 = CARTESIAN_POINT ( 'NONE',  ( -11.05061124694373831, -10.68202933985330461, -24.99999999999999289 ) ) ;
#2956 = ORIENTED_EDGE ( 'NONE', *, *, #2233, .T. ) ;
#2957 = EDGE_CURVE ( 'NONE', #2579, #2501, #3813, .T. ) ;
#2958 = ORIENTED_EDGE ( 'NONE', *, *, #2827, .F. ) ;
#2959 =( GEOMETRIC_REPRESENTATION_CONTEXT ( 3 ) GLOBAL_UNCERTAINTY_ASSIGNED_CONTEXT ( ( #370 ) ) GLOBAL_UNIT_ASSIGNED_CONTEXT ( ( #4940, #3834, #5039 ) ) REPRESENTATION_CONTEXT ( 'NONE', 'WORKASPACE' ) );
#2960 = CYLINDRICAL_SURFACE ( 'NONE', #4683, 2.999999999999995559 ) ;
#2961 = PRESENTATION_LAYER_ASSIGNMENT (  '', '', ( #470 ) ) ;
#2962 = CARTESIAN_POINT ( 'NONE',  ( 69.94938875305625459, -8.682029339853306382, -24.99999999999999289 ) ) ;
#2963 = CARTESIAN_POINT ( 'NONE',  ( -85.40061124694369710, -20.33202933985330318, 68.85000000000002274 ) ) ;
#2964 = CARTESIAN_POINT ( 'NONE',  ( 70.94938875305625459, -9.982029339853303540, 15.74999999999999645 ) ) ;
#2965 = CIRCLE ( 'NONE', #3626, 5.299999999999998934 ) ;
#2966 = EDGE_CURVE ( 'NONE', #362, #3265, #188, .T. ) ;
#2967 = DIRECTION ( 'NONE',  ( 0.000000000000000000, 0.000000000000000000, 1.000000000000000000 ) ) ;
#2968 = CIRCLE ( 'NONE', #716, 5.000000000000004441 ) ;
#2969 = MECHANICAL_DESIGN_GEOMETRIC_PRESENTATION_REPRESENTATION (  '', ( #5153 ), #718 ) ;
#2970 = DIRECTION ( 'NONE',  ( 0.000000000000000000, 0.000000000000000000, -1.000000000000000000 ) ) ;
#2971 = DIRECTION ( 'NONE',  ( 0.000000000000000000, 0.000000000000000000, -1.000000000000000000 ) ) ;
#2972 = CYLINDRICAL_SURFACE ( 'NONE', #1944, 1.000000000000000888 ) ;
#2973 = ORIENTED_EDGE ( 'NONE', *, *, #2769, .F. ) ;
#2974 =( LENGTH_UNIT ( ) NAMED_UNIT ( * ) SI_UNIT ( .MILLI., .METRE. ) );
#2975 = AXIS2_PLACEMENT_3D ( 'NONE', #3389, #2215, #2971 ) ;
#2976 = CARTESIAN_POINT ( 'NONE',  ( 146.5993887530563029, -14.68202933985330461, 69.85000000000002274 ) ) ;
#2977 = ORIENTED_EDGE ( 'NONE', *, *, #4767, .F. ) ;
#2978 = DIRECTION ( 'NONE',  ( 0.000000000000000000, 1.000000000000000000, -0.000000000000000000 ) ) ;
#2979 = SURFACE_STYLE_USAGE ( .BOTH. , #2516 ) ;
#2980 = DIRECTION ( 'NONE',  ( 0.000000000000000000, 0.000000000000000000, 1.000000000000000000 ) ) ;
#2981 = PRESENTATION_STYLE_ASSIGNMENT (( #3396 ) ) ;
#2982 = DIRECTION ( 'NONE',  ( -1.387778780781445922E-16, 1.508455196501572810E-15, -1.000000000000000000 ) ) ;
#2983 = EDGE_LOOP ( 'NONE', ( #2757, #212, #667, #1791 ) ) ;
#2984 = AXIS2_PLACEMENT_3D ( 'NONE', #4242, #3737, #2980 ) ;
#2985 = ORIENTED_EDGE ( 'NONE', *, *, #4735, .F. ) ;
#2986 = FACE_OUTER_BOUND ( 'NONE', #1815, .T. ) ;
#2987 = CYLINDRICAL_SURFACE ( 'NONE', #3369, 2.000000000000001776 ) ;
#2988 = LINE ( 'NONE', #4592, #140 ) ;
#2989 = EDGE_CURVE ( 'NONE', #335, #465, #1325, .T. ) ;
#2990 = COLOUR_RGB ( '',1.000000000000000000, 1.000000000000000000, 1.000000000000000000 ) ;
#2991 = CARTESIAN_POINT ( 'NONE',  ( 68.94938875305625459, -21.68202933985329750, 9.250000000000003553 ) ) ;
#2992 = CARTESIAN_POINT ( 'NONE',  ( -12.05061124694373120, -9.682029339853301053, -15.29999999999999716 ) ) ;
#2993 = DIRECTION ( 'NONE',  ( 0.000000000000000000, 0.000000000000000000, -1.000000000000000000 ) ) ;
#2994 = EDGE_CURVE ( 'NONE', #1033, #2284, #2609, .T. ) ;
#2995 = LINE ( 'NONE', #5047, #1924 ) ;
#2996 = FACE_OUTER_BOUND ( 'NONE', #2082, .T. ) ;
#2997 = ORIENTED_EDGE ( 'NONE', *, *, #4343, .F. ) ;
#2998 = DIRECTION ( 'NONE',  ( -1.000000000000000000, 0.000000000000000000, -9.011550524554845667E-17 ) ) ;
#2999 = ORIENTED_EDGE ( 'NONE', *, *, #1777, .T. ) ;
#3000 = SURFACE_STYLE_USAGE ( .BOTH. , #1413 ) ;
#3001 = CARTESIAN_POINT ( 'NONE',  ( -11.05061124694373831, -8.682029339853306382, -28.99999999999998934 ) ) ;
#3002 = CIRCLE ( 'NONE', #2832, 0.5000000000000004441 ) ;
#3003 = CARTESIAN_POINT ( 'NONE',  ( -11.05061124694373831, -7.682029339853305494, -27.99999999999998934 ) ) ;
#3004 = DIRECTION ( 'NONE',  ( 0.000000000000000000, 0.000000000000000000, -1.000000000000000000 ) ) ;
#3005 = CARTESIAN_POINT ( 'NONE',  ( -7.550611246943721433, -14.33202933985330318, 21.50000000000000000 ) ) ;
#3006 = FILL_AREA_STYLE_COLOUR ( '', #2867 ) ;
#3007 = ORIENTED_EDGE ( 'NONE', *, *, #2592, .T. ) ;
#3008 = ORIENTED_EDGE ( 'NONE', *, *, #786, .F. ) ;
#3009 = ORIENTED_EDGE ( 'NONE', *, *, #2657, .F. ) ;
#3010 = LINE ( 'NONE', #589, #5101 ) ;
#3011 = CARTESIAN_POINT ( 'NONE',  ( -86.40061124694371131, -21.18202933985330461, 74.65000000000001990 ) ) ;
#3012 = EDGE_CURVE ( 'NONE', #2678, #3550, #269, .T. ) ;
#3013 = FILL_AREA_STYLE ('',( #1026 ) ) ;
#3014 = DIRECTION ( 'NONE',  ( 0.000000000000000000, -1.000000000000000000, 0.000000000000000000 ) ) ;
#3015 = DIRECTION ( 'NONE',  ( -1.000000000000000000, 0.000000000000000000, 1.846678351006580810E-16 ) ) ;
#3016 =( NAMED_UNIT ( * ) PLANE_ANGLE_UNIT ( ) SI_UNIT ( $, .RADIAN. ) );
#3017 = DIRECTION ( 'NONE',  ( -1.000000000000000000, 0.000000000000000000, 0.000000000000000000 ) ) ;
#3018 = ORIENTED_EDGE ( 'NONE', *, *, #1056, .F. ) ;
#3019 = FILL_AREA_STYLE ('',( #4678 ) ) ;
#3020 = ADVANCED_FACE ( 'NONE', ( #4782 ), #3572, .T. ) ;
#3021 = EDGE_LOOP ( 'NONE', ( #4405, #2304, #4696, #3340, #2256, #4144, #5062, #2367 ) ) ;
#3022 = CARTESIAN_POINT ( 'NONE',  ( -11.05061124694373120, -7.682029339853305494, 25.00000000000000000 ) ) ;
#3023 = STYLED_ITEM ( 'NONE', ( #4069 ), #1163 ) ;
#3024 = PLANE ( 'NONE',  #2540 ) ;
#3025 = PRESENTATION_STYLE_ASSIGNMENT (( #1718 ) ) ;
#3026 = ADVANCED_FACE ( 'NONE', ( #5096 ), #4315, .F. ) ;
#3027 = CIRCLE ( 'NONE', #1770, 0.5000000000000004441 ) ;
#3028 = AXIS2_PLACEMENT_3D ( 'NONE', #2174, #1059, #3351 ) ;
#3029 = CARTESIAN_POINT ( 'NONE',  ( -91.20061124694373689, -21.68202933985330461, 1.095541931734654108E-14 ) ) ;
#3030 = CIRCLE ( 'NONE', #1539, 4.999999999999997335 ) ;
#3031 = DIRECTION ( 'NONE',  ( 1.000000000000000000, -0.000000000000000000, -1.387778780781445922E-16 ) ) ;
#3032 = MECHANICAL_DESIGN_GEOMETRIC_PRESENTATION_REPRESENTATION (  '', ( #2374 ), #5050 ) ;
#3033 = LINE ( 'NONE', #4639, #1514 ) ;
#3034 = CARTESIAN_POINT ( 'NONE',  ( -11.05061124694373120, -12.68202933985330461, 25.00000000000000000 ) ) ;
#3035 = ORIENTED_EDGE ( 'NONE', *, *, #192, .T. ) ;
#3036 = PRESENTATION_LAYER_ASSIGNMENT (  '', '', ( #858 ) ) ;
#3037 = ORIENTED_EDGE ( 'NONE', *, *, #1267, .F. ) ;
#3038 = VECTOR ( 'NONE', #3518, 1000.000000000000000 ) ;
#3039 = EDGE_LOOP ( 'NONE', ( #1432, #3222, #124, #626 ) ) ;
#3040 = FILL_AREA_STYLE ('',( #4146 ) ) ;
#3041 = DIRECTION ( 'NONE',  ( -0.000000000000000000, 0.000000000000000000, -1.000000000000000000 ) ) ;
#3042 = CARTESIAN_POINT ( 'NONE',  ( 68.94938875305625459, -7.682029339853305494, 25.00000000000000000 ) ) ;
#3043 =( GEOMETRIC_REPRESENTATION_CONTEXT ( 3 ) GLOBAL_UNCERTAINTY_ASSIGNED_CONTEXT ( ( #4802 ) ) GLOBAL_UNIT_ASSIGNED_CONTEXT ( ( #2170, #2633, #3807 ) ) REPRESENTATION_CONTEXT ( 'NONE', 'WORKASPACE' ) );
#3044 = DIRECTION ( 'NONE',  ( -0.000000000000000000, 1.000000000000000000, -0.000000000000000000 ) ) ;
#3045 = VECTOR ( 'NONE', #178, 1000.000000000000000 ) ;
#3046 =( GEOMETRIC_REPRESENTATION_CONTEXT ( 3 ) GLOBAL_UNCERTAINTY_ASSIGNED_CONTEXT ( ( #2506 ) ) GLOBAL_UNIT_ASSIGNED_CONTEXT ( ( #4038, #1937, #2371 ) ) REPRESENTATION_CONTEXT ( 'NONE', 'WORKASPACE' ) );
#3047 = CARTESIAN_POINT ( 'NONE',  ( 72.94938875305625459, -12.68202933985330461, 25.00000000000000000 ) ) ;
#3048 = CARTESIAN_POINT ( 'NONE',  ( -15.05061124694372765, -7.682029339853305494, 25.00000000000000000 ) ) ;
#3049 = SURFACE_STYLE_USAGE ( .BOTH. , #2268 ) ;
#3050 = MECHANICAL_DESIGN_GEOMETRIC_PRESENTATION_REPRESENTATION (  '', ( #4902 ), #2959 ) ;
#3051 = SURFACE_STYLE_USAGE ( .BOTH. , #4970 ) ;
#3052 = PLANE ( 'NONE',  #4543 ) ;
#3053 = AXIS2_PLACEMENT_3D ( 'NONE', #5083, #1892, #5157 ) ;
#3054 = DIRECTION ( 'NONE',  ( -0.000000000000000000, -0.000000000000000000, -1.000000000000000000 ) ) ;
#3055 = VECTOR ( 'NONE', #1176, 1000.000000000000000 ) ;
#3056 = CARTESIAN_POINT ( 'NONE',  ( -11.05061124694373831, -10.68202933985330461, -31.99999999999999289 ) ) ;
#3057 = EDGE_CURVE ( 'NONE', #789, #2471, #3233, .T. ) ;
#3058 = PRESENTATION_LAYER_ASSIGNMENT (  '', '', ( #2040 ) ) ;
#3059 = TOROIDAL_SURFACE ( 'NONE', #1560, 5.500000000000000000, 0.5000000000000000000 ) ;
#3060 = CARTESIAN_POINT ( 'NONE',  ( 65.94938875305625459, -12.68202933985330993, -24.99999999999999289 ) ) ;
#3061 = FACE_OUTER_BOUND ( 'NONE', #2842, .T. ) ;
#3062 = FACE_OUTER_BOUND ( 'NONE', #283, .T. ) ;
#3063 = PRESENTATION_STYLE_ASSIGNMENT (( #1470 ) ) ;
#3064 = EDGE_CURVE ( 'NONE', #4781, #2198, #2327, .T. ) ;
#3065 = FILL_AREA_STYLE ('',( #761 ) ) ;
#3066 = DIRECTION ( 'NONE',  ( 0.000000000000000000, -1.000000000000000000, 0.000000000000000000 ) ) ;
#3067 = VERTEX_POINT ( 'NONE', #3919 ) ;
#3068 =( LENGTH_UNIT ( ) NAMED_UNIT ( * ) SI_UNIT ( .MILLI., .METRE. ) );
#3069 = EDGE_CURVE ( 'NONE', #3605, #360, #368, .T. ) ;
#3070 = DIRECTION ( 'NONE',  ( 1.387778780781445922E-16, -0.000000000000000000, 1.000000000000000000 ) ) ;
#3071 =( LENGTH_UNIT ( ) NAMED_UNIT ( * ) SI_UNIT ( .MILLI., .METRE. ) );
#3072 = UNCERTAINTY_MEASURE_WITH_UNIT (LENGTH_MEASURE( 1.000000000000000082E-05 ), #603, 'distance_accuracy_value', 'NONE');
#3073 = UNCERTAINTY_MEASURE_WITH_UNIT (LENGTH_MEASURE( 1.000000000000000082E-05 ), #2321, 'distance_accuracy_value', 'NONE');
#3074 = MECHANICAL_DESIGN_GEOMETRIC_PRESENTATION_REPRESENTATION (  '', ( #1894 ), #818 ) ;
#3075 = SURFACE_SIDE_STYLE ('',( #1792 ) ) ;
#3076 = ORIENTED_EDGE ( 'NONE', *, *, #2113, .F. ) ;
#3077 = DIRECTION ( 'NONE',  ( 0.000000000000000000, 0.000000000000000000, 1.000000000000000000 ) ) ;
#3078 =( GEOMETRIC_REPRESENTATION_CONTEXT ( 3 ) GLOBAL_UNCERTAINTY_ASSIGNED_CONTEXT ( ( #5063 ) ) GLOBAL_UNIT_ASSIGNED_CONTEXT ( ( #2908, #3664, #2448 ) ) REPRESENTATION_CONTEXT ( 'NONE', 'WORKASPACE' ) );
#3079 = ADVANCED_FACE ( 'NONE', ( #3891 ), #722, .T. ) ;
#3080 = CARTESIAN_POINT ( 'NONE',  ( 65.94938875305625459, -10.68202933985330461, 30.00000000000000711 ) ) ;
#3081 = SURFACE_SIDE_STYLE ('',( #2768 ) ) ;
#3082 =( NAMED_UNIT ( * ) PLANE_ANGLE_UNIT ( ) SI_UNIT ( $, .RADIAN. ) );
#3083 = SURFACE_STYLE_FILL_AREA ( #1975 ) ;
#3084 = EDGE_LOOP ( 'NONE', ( #996, #4535, #2603, #4282 ) ) ;
#3085 = ORIENTED_EDGE ( 'NONE', *, *, #4147, .T. ) ;
#3086 = EDGE_CURVE ( 'NONE', #1255, #4190, #2821, .T. ) ;
#3087 = MECHANICAL_DESIGN_GEOMETRIC_PRESENTATION_REPRESENTATION (  '', ( #2598 ), #352 ) ;
#3088 = ORIENTED_EDGE ( 'NONE', *, *, #698, .T. ) ;
#3089 = VERTEX_POINT ( 'NONE', #2004 ) ;
#3090 =( LENGTH_UNIT ( ) NAMED_UNIT ( * ) SI_UNIT ( .MILLI., .METRE. ) );
#3091 =( NAMED_UNIT ( * ) SI_UNIT ( $, .STERADIAN. ) SOLID_ANGLE_UNIT ( ) );
#3092 = PLANE ( 'NONE',  #4652 ) ;
#3093 =( BOUNDED_CURVE ( )  B_SPLINE_CURVE ( 3, ( #2262, #3114, #1085, #4336 ),
 .UNSPECIFIED., .F., .T. ) 
 B_SPLINE_CURVE_WITH_KNOTS ( ( 4, 4 ),
 ( 1.570796326794903663, 3.141592653589793116 ),
 .UNSPECIFIED. ) 
 CURVE ( )  GEOMETRIC_REPRESENTATION_ITEM ( )  RATIONAL_B_SPLINE_CURVE ( ( 1.000000000000000000, 0.8047378541243667138, 0.8047378541243667138, 1.000000000000000000 ) ) 
 REPRESENTATION_ITEM ( '' )  );
#3094 = TOROIDAL_SURFACE ( 'NONE', #3941, 3.299999999999999822, 2.000000000000000000 ) ;
#3095 = UNCERTAINTY_MEASURE_WITH_UNIT (LENGTH_MEASURE( 1.000000000000000082E-05 ), #4112, 'distance_accuracy_value', 'NONE');
#3096 = ADVANCED_FACE ( 'NONE', ( #835 ), #892, .F. ) ;
#3097 =( NAMED_UNIT ( * ) SI_UNIT ( $, .STERADIAN. ) SOLID_ANGLE_UNIT ( ) );
#3098 = CYLINDRICAL_SURFACE ( 'NONE', #1344, 0.5000000000000004441 ) ;
#3099 =( NAMED_UNIT ( * ) SI_UNIT ( $, .STERADIAN. ) SOLID_ANGLE_UNIT ( ) );
#3100 = SURFACE_SIDE_STYLE ('',( #2785 ) ) ;
#3101 = FACE_BOUND ( 'NONE', #2809, .T. ) ;
#3102 = SURFACE_STYLE_USAGE ( .BOTH. , #703 ) ;
#3103 = DIRECTION ( 'NONE',  ( 0.000000000000000000, 0.000000000000000000, -1.000000000000000000 ) ) ;
#3104 =( NAMED_UNIT ( * ) SI_UNIT ( $, .STERADIAN. ) SOLID_ANGLE_UNIT ( ) );
#3105 = ADVANCED_FACE ( 'NONE', ( #2442 ), #1242, .T. ) ;
#3106 = STYLED_ITEM ( 'NONE', ( #2931 ), #1260 ) ;
#3107 = ORIENTED_EDGE ( 'NONE', *, *, #2684, .F. ) ;
#3108 = ORIENTED_EDGE ( 'NONE', *, *, #395, .F. ) ;
#3109 = ORIENTED_EDGE ( 'NONE', *, *, #4490, .T. ) ;
#3110 = VECTOR ( 'NONE', #3044, 1000.000000000000000 ) ;
#3111 = DIRECTION ( 'NONE',  ( -0.000000000000000000, -1.000000000000000000, -0.000000000000000000 ) ) ;
#3112 = AXIS2_PLACEMENT_3D ( 'NONE', #2181, #3869, #1032 ) ;
#3113 = DIRECTION ( 'NONE',  ( 0.000000000000000000, -1.000000000000000000, 0.000000000000000000 ) ) ;
#3114 = CARTESIAN_POINT ( 'NONE',  ( -84.07218412219755521, -14.33202933985331207, 70.52157287525385243 ) ) ;
#3115 = LINE ( 'NONE', #2706, #3441 ) ;
#3116 = EDGE_CURVE ( 'NONE', #4936, #2132, #4919, .T. ) ;
#3117 = STYLED_ITEM ( 'NONE', ( #961 ), #1738 ) ;
#3118 = ORIENTED_EDGE ( 'NONE', *, *, #258, .F. ) ;
#3119 = SURFACE_STYLE_FILL_AREA ( #1533 ) ;
#3120 = FACE_OUTER_BOUND ( 'NONE', #925, .T. ) ;
#3121 = PRESENTATION_LAYER_ASSIGNMENT (  '', '', ( #3694 ) ) ;
#3122 = UNCERTAINTY_MEASURE_WITH_UNIT (LENGTH_MEASURE( 1.000000000000000082E-05 ), #812, 'distance_accuracy_value', 'NONE');
#3123 = CARTESIAN_POINT ( 'NONE',  ( 65.94938875305625459, -12.68202933985330993, -27.99999999999999289 ) ) ;
#3124 = VECTOR ( 'NONE', #1789, 1000.000000000000000 ) ;
#3125 = AXIS2_PLACEMENT_3D ( 'NONE', #3553, #5156, #3154 ) ;
#3126 = SURFACE_SIDE_STYLE ('',( #347 ) ) ;
#3127 = EDGE_CURVE ( 'NONE', #3717, #1256, #3838, .T. ) ;
#3128 = FILL_AREA_STYLE_COLOUR ( '', #2552 ) ;
#3129 = CARTESIAN_POINT ( 'NONE',  ( -91.70061124694373689, -14.68202933985330461, -69.84999999999999432 ) ) ;
#3130 = AXIS2_PLACEMENT_3D ( 'NONE', #2146, #3595, #2859 ) ;
#3131 = STYLED_ITEM ( 'NONE', ( #4712 ), #4399 ) ;
#3132 =( NAMED_UNIT ( * ) PLANE_ANGLE_UNIT ( ) SI_UNIT ( $, .RADIAN. ) );
#3133 = AXIS2_PLACEMENT_3D ( 'NONE', #357, #3558, #1898 ) ;
#3134 = DIRECTION ( 'NONE',  ( 0.000000000000000000, 1.000000000000000000, 0.000000000000000000 ) ) ;
#3135 =( NAMED_UNIT ( * ) PLANE_ANGLE_UNIT ( ) SI_UNIT ( $, .RADIAN. ) );
#3136 = AXIS2_PLACEMENT_3D ( 'NONE', #5113, #1576, #339 ) ;
#3137 = LINE ( 'NONE', #1948, #497 ) ;
#3138 = CARTESIAN_POINT ( 'NONE',  ( -91.70161124694372745, -21.68202933985329750, -9.249999999999998224 ) ) ;
#3139 = AXIS2_PLACEMENT_3D ( 'NONE', #3649, #86, #1278 ) ;
#3140 = SURFACE_STYLE_FILL_AREA ( #1920 ) ;
#3141 = CARTESIAN_POINT ( 'NONE',  ( 69.94938875305625459, -8.682029339853306382, -9.250000000000012434 ) ) ;
#3142 = ORIENTED_EDGE ( 'NONE', *, *, #1529, .T. ) ;
#3143 = VERTEX_POINT ( 'NONE', #3080 ) ;
#3144 = ORIENTED_EDGE ( 'NONE', *, *, #3086, .T. ) ;
#3145 = SURFACE_SIDE_STYLE ('',( #2728 ) ) ;
#3146 = FILL_AREA_STYLE ('',( #365 ) ) ;
#3147 = ORIENTED_EDGE ( 'NONE', *, *, #2657, .T. ) ;
#3148 = EDGE_CURVE ( 'NONE', #3245, #1213, #2249, .T. ) ;
#3149 = SURFACE_STYLE_USAGE ( .BOTH. , #2782 ) ;
#3150 = SURFACE_SIDE_STYLE ('',( #1938 ) ) ;
#3151 = MECHANICAL_DESIGN_GEOMETRIC_PRESENTATION_REPRESENTATION (  '', ( #734 ), #894 ) ;
#3152 = CARTESIAN_POINT ( 'NONE',  ( 145.5993887530562745, -20.33202933985330318, -68.84999999999999432 ) ) ;
#3153 = PRESENTATION_LAYER_ASSIGNMENT (  '', '', ( #417 ) ) ;
#3154 = DIRECTION ( 'NONE',  ( 1.000000000000000000, 0.000000000000000000, 0.000000000000000000 ) ) ;
#3155 = DIRECTION ( 'NONE',  ( 1.000000000000000000, -0.000000000000000000, 0.000000000000000000 ) ) ;
#3156 = VERTEX_POINT ( 'NONE', #1516 ) ;
#3157 = ADVANCED_FACE ( 'NONE', ( #3323 ), #1122, .F. ) ;
#3158 = DIRECTION ( 'NONE',  ( 0.000000000000000000, 0.000000000000000000, 1.000000000000000000 ) ) ;
#3159 =( GEOMETRIC_REPRESENTATION_CONTEXT ( 3 ) GLOBAL_UNCERTAINTY_ASSIGNED_CONTEXT ( ( #4518 ) ) GLOBAL_UNIT_ASSIGNED_CONTEXT ( ( #2021, #4768, #845 ) ) REPRESENTATION_CONTEXT ( 'NONE', 'WORKASPACE' ) );
#3160 = CARTESIAN_POINT ( 'NONE',  ( 65.94938875305625459, -7.682029339853305494, 25.00000000000000000 ) ) ;
#3161 = LINE ( 'NONE', #1844, #4568 ) ;
#3162 = AXIS2_PLACEMENT_3D ( 'NONE', #2325, #2012, #2408 ) ;
#3163 = DIRECTION ( 'NONE',  ( -1.387778780781445922E-16, 7.542275982507859119E-16, -1.000000000000000000 ) ) ;
#3164 = ORIENTED_EDGE ( 'NONE', *, *, #1215, .F. ) ;
#3165 = ORIENTED_EDGE ( 'NONE', *, *, #415, .F. ) ;
#3166 = MECHANICAL_DESIGN_GEOMETRIC_PRESENTATION_REPRESENTATION (  '', ( #4350 ), #1988 ) ;
#3167 = FILL_AREA_STYLE ('',( #117 ) ) ;
#3168 = DIRECTION ( 'NONE',  ( 0.000000000000000000, -1.000000000000000000, 7.542275982507859119E-16 ) ) ;
#3169 =( GEOMETRIC_REPRESENTATION_CONTEXT ( 3 ) GLOBAL_UNCERTAINTY_ASSIGNED_CONTEXT ( ( #4644 ) ) GLOBAL_UNIT_ASSIGNED_CONTEXT ( ( #4227, #610, #5037 ) ) REPRESENTATION_CONTEXT ( 'NONE', 'WORKASPACE' ) );
#3170 = SURFACE_STYLE_USAGE ( .BOTH. , #720 ) ;
#3171 = ORIENTED_EDGE ( 'NONE', *, *, #4241, .T. ) ;
#3172 =( NAMED_UNIT ( * ) SI_UNIT ( $, .STERADIAN. ) SOLID_ANGLE_UNIT ( ) );
#3173 = SURFACE_STYLE_USAGE ( .BOTH. , #3966 ) ;
#3174 = UNCERTAINTY_MEASURE_WITH_UNIT (LENGTH_MEASURE( 1.000000000000000082E-05 ), #4023, 'distance_accuracy_value', 'NONE');
#3175 = DIRECTION ( 'NONE',  ( 0.000000000000000000, 0.000000000000000000, -1.000000000000000000 ) ) ;
#3176 = FILL_AREA_STYLE ('',( #1162 ) ) ;
#3177 = EDGE_CURVE ( 'NONE', #4796, #1443, #2416, .T. ) ;
#3178 = CARTESIAN_POINT ( 'NONE',  ( 70.94938875305625459, -10.68202933985330461, 25.00000000000000000 ) ) ;
#3179 = CARTESIAN_POINT ( 'NONE',  ( 145.5993887530562745, -20.33202933985330318, -68.84999999999999432 ) ) ;
#3180 = DIRECTION ( 'NONE',  ( 0.000000000000000000, 0.000000000000000000, -1.000000000000000000 ) ) ;
#3181 = EDGE_CURVE ( 'NONE', #3695, #1631, #3475, .T. ) ;
#3182 = FILL_AREA_STYLE_COLOUR ( '', #2562 ) ;
#3183 = ORIENTED_EDGE ( 'NONE', *, *, #547, .T. ) ;
#3184 = SURFACE_STYLE_FILL_AREA ( #805 ) ;
#3185 = APPLICATION_PROTOCOL_DEFINITION ( 'draft international standard', 'automotive_design', 1998, #2487 ) ;
#3186 = DIRECTION ( 'NONE',  ( 1.000000000000000000, 0.000000000000000000, 6.938893903907222067E-15 ) ) ;
#3187 = PLANE ( 'NONE',  #4123 ) ;
#3188 = ADVANCED_FACE ( 'NONE', ( #1893 ), #2670, .T. ) ;
#3189 = FILL_AREA_STYLE ('',( #1997 ) ) ;
#3190 = ORIENTED_EDGE ( 'NONE', *, *, #4456, .T. ) ;
#3191 = COLOUR_RGB ( '',1.000000000000000000, 1.000000000000000000, 1.000000000000000000 ) ;
#3192 = DIRECTION ( 'NONE',  ( 0.000000000000000000, 1.000000000000000000, 0.000000000000000000 ) ) ;
#3193 = DIRECTION ( 'NONE',  ( 0.000000000000000000, 0.000000000000000000, 1.000000000000000000 ) ) ;
#3194 = AXIS2_PLACEMENT_3D ( 'NONE', #919, #2115, #2528 ) ;
#3195 = CARTESIAN_POINT ( 'NONE',  ( 62.44938875305624038, -12.68202933985330461, -26.50000000000000000 ) ) ;
#3196 = ORIENTED_EDGE ( 'NONE', *, *, #4084, .T. ) ;
#3197 = PRESENTATION_STYLE_ASSIGNMENT (( #2878 ) ) ;
#3198 = MECHANICAL_DESIGN_GEOMETRIC_PRESENTATION_REPRESENTATION (  '', ( #5126 ), #4300 ) ;
#3199 = CARTESIAN_POINT ( 'NONE',  ( 142.3993887530562574, -14.33202933985330318, 69.35000000000002274 ) ) ;
#3200 = CARTESIAN_POINT ( 'NONE',  ( -86.40061124694372552, -21.18202933985330461, -69.84999999999999432 ) ) ;
#3201 = FILL_AREA_STYLE ('',( #1566 ) ) ;
#3202 = AXIS2_PLACEMENT_3D ( 'NONE', #277, #4297, #3947 ) ;
#3203 = DIRECTION ( 'NONE',  ( 0.000000000000000000, 0.000000000000000000, 1.000000000000000000 ) ) ;
#3204 = MECHANICAL_DESIGN_GEOMETRIC_PRESENTATION_REPRESENTATION (  '', ( #2544 ), #945 ) ;
#3205 = AXIS2_PLACEMENT_3D ( 'NONE', #2962, #4591, #997 ) ;
#3206 = UNCERTAINTY_MEASURE_WITH_UNIT (LENGTH_MEASURE( 1.000000000000000082E-05 ), #4161, 'distance_accuracy_value', 'NONE');
#3207 = CIRCLE ( 'NONE', #1299, 4.999999999999997335 ) ;
#3208 = DIRECTION ( 'NONE',  ( 1.000000000000000000, 0.000000000000000000, 0.000000000000000000 ) ) ;
#3209 = ADVANCED_FACE ( 'NONE', ( #1149 ), #3576, .T. ) ;
#3210 = ORIENTED_EDGE ( 'NONE', *, *, #1228, .F. ) ;
#3211 = STYLED_ITEM ( 'NONE', ( #2770 ), #2344 ) ;
#3212 = COLOUR_RGB ( '',1.000000000000000000, 1.000000000000000000, 1.000000000000000000 ) ;
#3213 = PRESENTATION_LAYER_ASSIGNMENT (  '', '', ( #50 ) ) ;
#3214 = EDGE_LOOP ( 'NONE', ( #4785, #828, #1153, #1224 ) ) ;
#3215 = VECTOR ( 'NONE', #3031, 1000.000000000000000 ) ;
#3216 = ORIENTED_EDGE ( 'NONE', *, *, #1165, .F. ) ;
#3217 = EDGE_CURVE ( 'NONE', #1305, #312, #2766, .T. ) ;
#3218 = FILL_AREA_STYLE ('',( #485 ) ) ;
#3219 =( LENGTH_UNIT ( ) NAMED_UNIT ( * ) SI_UNIT ( .MILLI., .METRE. ) );
#3220 = CARTESIAN_POINT ( 'NONE',  ( -11.05061124694373831, -7.682029339853305494, -28.99999999999998934 ) ) ;
#3221 = ORIENTED_EDGE ( 'NONE', *, *, #1313, .F. ) ;
#3222 = ORIENTED_EDGE ( 'NONE', *, *, #813, .F. ) ;
#3223 = CARTESIAN_POINT ( 'NONE',  ( 62.44938875305626880, -21.68202933985330461, -21.50000000000000000 ) ) ;
#3224 = CARTESIAN_POINT ( 'NONE',  ( 65.94938875305625459, -7.682029339853305494, 29.00000000000000000 ) ) ;
#3225 = UNCERTAINTY_MEASURE_WITH_UNIT (LENGTH_MEASURE( 1.000000000000000082E-05 ), #4707, 'distance_accuracy_value', 'NONE');
#3226 = SURFACE_STYLE_FILL_AREA ( #3612 ) ;
#3227 = DIRECTION ( 'NONE',  ( 0.000000000000000000, 1.000000000000000000, 0.000000000000000000 ) ) ;
#3228 = SURFACE_STYLE_USAGE ( .BOTH. , #4267 ) ;
#3229 = AXIS2_PLACEMENT_3D ( 'NONE', #390, #4283, #3884 ) ;
#3230 = ORIENTED_EDGE ( 'NONE', *, *, #2989, .F. ) ;
#3231 = ORIENTED_EDGE ( 'NONE', *, *, #1457, .T. ) ;
#3232 = CARTESIAN_POINT ( 'NONE',  ( 65.94938875305625459, -7.682029339853305494, -24.99999999999999289 ) ) ;
#3233 = CIRCLE ( 'NONE', #1154, 2.000000000000001776 ) ;
#3234 = SURFACE_STYLE_USAGE ( .BOTH. , #5160 ) ;
#3235 = EDGE_CURVE ( 'NONE', #970, #2678, #778, .T. ) ;
#3236 = COLOUR_RGB ( '',1.000000000000000000, 1.000000000000000000, 1.000000000000000000 ) ;
#3237 = ORIENTED_EDGE ( 'NONE', *, *, #4465, .T. ) ;
#3238 = LINE ( 'NONE', #4912, #655 ) ;
#3239 = FILL_AREA_STYLE_COLOUR ( '', #1627 ) ;
#3240 = DIRECTION ( 'NONE',  ( -0.000000000000000000, 1.000000000000000000, -0.000000000000000000 ) ) ;
#3241 = VECTOR ( 'NONE', #4265, 1000.000000000000000 ) ;
#3242 = DIRECTION ( 'NONE',  ( 1.000000000000000000, -0.000000000000000000, 0.000000000000000000 ) ) ;
#3243 = ORIENTED_EDGE ( 'NONE', *, *, #2994, .F. ) ;
#3244 = EDGE_CURVE ( 'NONE', #5010, #3679, #1612, .T. ) ;
#3245 = VERTEX_POINT ( 'NONE', #36 ) ;
#3246 = FILL_AREA_STYLE ('',( #2060 ) ) ;
#3247 = CARTESIAN_POINT ( 'NONE',  ( 68.94938875305625459, -21.68202933985332947, 15.74999999999998224 ) ) ;
#3248 = EDGE_CURVE ( 'NONE', #335, #396, #4586, .T. ) ;
#3249 = CARTESIAN_POINT ( 'NONE',  ( 65.94938875305625459, -8.682029339853306382, 25.00000000000000000 ) ) ;
#3250 = FILL_AREA_STYLE ('',( #4095 ) ) ;
#3251 = VECTOR ( 'NONE', #1019, 1000.000000000000000 ) ;
#3252 = CARTESIAN_POINT ( 'NONE',  ( 67.94938875305626880, -13.83202933985330318, 21.49999999999996447 ) ) ;
#3253 = FILL_AREA_STYLE ('',( #2045 ) ) ;
#3254 = CARTESIAN_POINT ( 'NONE',  ( 72.94938875305625459, -10.68202933985330461, -24.99999999999999289 ) ) ;
#3255 = ADVANCED_FACE ( 'NONE', ( #757 ), #2353, .T. ) ;
#3256 = ORIENTED_EDGE ( 'NONE', *, *, #1521, .T. ) ;
#3257 = DIRECTION ( 'NONE',  ( -0.000000000000000000, -1.000000000000000000, -0.000000000000000000 ) ) ;
#3258 =( NAMED_UNIT ( * ) SI_UNIT ( $, .STERADIAN. ) SOLID_ANGLE_UNIT ( ) );
#3259 = SURFACE_STYLE_USAGE ( .BOTH. , #4028 ) ;
#3260 = ORIENTED_EDGE ( 'NONE', *, *, #3331, .T. ) ;
#3261 = FILL_AREA_STYLE ('',( #4874 ) ) ;
#3262 = CARTESIAN_POINT ( 'NONE',  ( -91.70061124694372268, -21.18202933985330461, 75.15000000000001990 ) ) ;
#3263 = CARTESIAN_POINT ( 'NONE',  ( -11.05061124694373831, -7.682029339853305494, -24.99999999999999289 ) ) ;
#3264 = EDGE_LOOP ( 'NONE', ( #2926, #3632, #2948, #4949 ) ) ;
#3265 = VERTEX_POINT ( 'NONE', #3950 ) ;
#3266 = ORIENTED_EDGE ( 'NONE', *, *, #3069, .F. ) ;
#3267 = UNCERTAINTY_MEASURE_WITH_UNIT (LENGTH_MEASURE( 1.000000000000000082E-05 ), #1876, 'distance_accuracy_value', 'NONE');
#3268 = CARTESIAN_POINT ( 'NONE',  ( -12.05061124694373120, -21.68202933985330461, -15.29999999999999716 ) ) ;
#3269 = EDGE_CURVE ( 'NONE', #654, #3156, #3137, .T. ) ;
#3270 = DIRECTION ( 'NONE',  ( -1.387778780781445922E-16, 0.000000000000000000, -1.000000000000000000 ) ) ;
#3271 = VECTOR ( 'NONE', #2001, 1000.000000000000000 ) ;
#3272 = MECHANICAL_DESIGN_GEOMETRIC_PRESENTATION_REPRESENTATION (  '', ( #2014 ), #774 ) ;
#3273 =( LENGTH_UNIT ( ) NAMED_UNIT ( * ) SI_UNIT ( .MILLI., .METRE. ) );
#3274 = FILL_AREA_STYLE_COLOUR ( '', #4266 ) ;
#3275 = VECTOR ( 'NONE', #3951, 1000.000000000000000 ) ;
#3276 = FILL_AREA_STYLE ('',( #1684 ) ) ;
#3277 = EDGE_CURVE ( 'NONE', #4372, #1033, #4082, .T. ) ;
#3278 = COLOUR_RGB ( '',1.000000000000000000, 1.000000000000000000, 1.000000000000000000 ) ;
#3279 = FILL_AREA_STYLE_COLOUR ( '', #4747 ) ;
#3280 =( GEOMETRIC_REPRESENTATION_CONTEXT ( 3 ) GLOBAL_UNCERTAINTY_ASSIGNED_CONTEXT ( ( #2759 ) ) GLOBAL_UNIT_ASSIGNED_CONTEXT ( ( #3628, #16, #3258 ) ) REPRESENTATION_CONTEXT ( 'NONE', 'WORKASPACE' ) );
#3281 = EDGE_LOOP ( 'NONE', ( #1775, #3171, #138, #562 ) ) ;
#3282 = ORIENTED_EDGE ( 'NONE', *, *, #2354, .F. ) ;
#3283 = CIRCLE ( 'NONE', #2376, 2.000000000000001776 ) ;
#3284 = DIRECTION ( 'NONE',  ( 0.000000000000000000, 0.000000000000000000, 1.000000000000000000 ) ) ;
#3285 = PRESENTATION_STYLE_ASSIGNMENT (( #2089 ) ) ;
#3286 = AXIS2_PLACEMENT_3D ( 'NONE', #3492, #1538, #674 ) ;
#3287 =( LENGTH_UNIT ( ) NAMED_UNIT ( * ) SI_UNIT ( .MILLI., .METRE. ) );
#3288 =( LENGTH_UNIT ( ) NAMED_UNIT ( * ) SI_UNIT ( .MILLI., .METRE. ) );
#3289 = MECHANICAL_DESIGN_GEOMETRIC_PRESENTATION_REPRESENTATION (  '', ( #3472 ), #3703 ) ;
#3290 = CIRCLE ( 'NONE', #3205, 1.000000000000000888 ) ;
#3291 = ORIENTED_EDGE ( 'NONE', *, *, #2677, .T. ) ;
#3292 = DIRECTION ( 'NONE',  ( 1.210924425924497965E-31, -1.000000000000000000, 7.542275982507858133E-16 ) ) ;
#3293 = DIRECTION ( 'NONE',  ( 0.000000000000000000, 1.000000000000000000, 0.000000000000000000 ) ) ;
#3294 = FILL_AREA_STYLE ('',( #581 ) ) ;
#3295 = STYLED_ITEM ( 'NONE', ( #3738 ), #5152 ) ;
#3296 = SURFACE_STYLE_USAGE ( .BOTH. , #832 ) ;
#3297 = DIRECTION ( 'NONE',  ( 0.000000000000000000, 0.000000000000000000, 1.000000000000000000 ) ) ;
#3299 = ORIENTED_EDGE ( 'NONE', *, *, #2025, .T. ) ;
#3298 =( GEOMETRIC_REPRESENTATION_CONTEXT ( 3 ) GLOBAL_UNCERTAINTY_ASSIGNED_CONTEXT ( ( #3631 ) ) GLOBAL_UNIT_ASSIGNED_CONTEXT ( ( #4606, #3361, #169 ) ) REPRESENTATION_CONTEXT ( 'NONE', 'WORKASPACE' ) );
#3300 = PRESENTATION_LAYER_ASSIGNMENT (  '', '', ( #400 ) ) ;
#3301 = ORIENTED_EDGE ( 'NONE', *, *, #1047, .T. ) ;
#3302 = ORIENTED_EDGE ( 'NONE', *, *, #1338, .T. ) ;
#3303 = DIRECTION ( 'NONE',  ( -0.000000000000000000, 1.000000000000000000, 7.542275982507859119E-16 ) ) ;
#3304 = AXIS2_PLACEMENT_3D ( 'NONE', #1099, #3477, #280 ) ;
#3305 = DIRECTION ( 'NONE',  ( 0.000000000000000000, -1.000000000000000000, 0.000000000000000000 ) ) ;
#3306 = EDGE_CURVE ( 'NONE', #880, #4252, #1416, .T. ) ;
#3307 = ORIENTED_EDGE ( 'NONE', *, *, #3064, .F. ) ;
#3308 = FILL_AREA_STYLE ('',( #4577 ) ) ;
#3309 = CARTESIAN_POINT ( 'NONE',  ( 144.5993887530562745, -14.68202933985330461, -69.84999999999999432 ) ) ;
#3310 = EDGE_CURVE ( 'NONE', #120, #1305, #4468, .T. ) ;
#3311 = DIRECTION ( 'NONE',  ( -0.000000000000000000, -1.000000000000000000, -0.000000000000000000 ) ) ;
#3312 = COLOUR_RGB ( '',1.000000000000000000, 1.000000000000000000, 1.000000000000000000 ) ;
#3313 = DIRECTION ( 'NONE',  ( -1.000000000000000000, 0.000000000000000000, 1.007827727510127682E-16 ) ) ;
#3314 = STYLED_ITEM ( 'NONE', ( #1581 ), #3026 ) ;
#3315 = ORIENTED_EDGE ( 'NONE', *, *, #2888, .F. ) ;
#3316 =( NAMED_UNIT ( * ) PLANE_ANGLE_UNIT ( ) SI_UNIT ( $, .RADIAN. ) );
#3317 = DIRECTION ( 'NONE',  ( 0.000000000000000000, 0.000000000000000000, 1.000000000000000000 ) ) ;
#3318 = MECHANICAL_DESIGN_GEOMETRIC_PRESENTATION_REPRESENTATION (  '', ( #3574 ), #4163 ) ;
#3319 = CARTESIAN_POINT ( 'NONE',  ( 65.94938875305625459, -7.682029339853305494, -24.99999999999999289 ) ) ;
#3320 = VERTEX_POINT ( 'NONE', #3759 ) ;
#3321 = ORIENTED_EDGE ( 'NONE', *, *, #3761, .F. ) ;
#3322 = ORIENTED_EDGE ( 'NONE', *, *, #1409, .T. ) ;
#3323 = FACE_OUTER_BOUND ( 'NONE', #2553, .T. ) ;
#3324 = FACE_OUTER_BOUND ( 'NONE', #3417, .T. ) ;
#3325 = VECTOR ( 'NONE', #4077, 1000.000000000000000 ) ;
#3326 = FILL_AREA_STYLE ('',( #158 ) ) ;
#3327 = CARTESIAN_POINT ( 'NONE',  ( -14.05061124694373476, -12.68202933985330993, -24.99999999999999289 ) ) ;
#3328 = AXIS2_PLACEMENT_3D ( 'NONE', #244, #3015, #1787 ) ;
#3329 =( NAMED_UNIT ( * ) SI_UNIT ( $, .STERADIAN. ) SOLID_ANGLE_UNIT ( ) );
#3330 = AXIS2_PLACEMENT_3D ( 'NONE', #2813, #1604, #3991 ) ;
#3331 = EDGE_CURVE ( 'NONE', #336, #2245, #4098, .T. ) ;
#3332 = DIRECTION ( 'NONE',  ( 0.000000000000000000, 0.000000000000000000, 1.000000000000000000 ) ) ;
#3333 = ORIENTED_EDGE ( 'NONE', *, *, #506, .T. ) ;
#3334 = SURFACE_STYLE_FILL_AREA ( #4494 ) ;
#3335 = VECTOR ( 'NONE', #3303, 1000.000000000000000 ) ;
#3336 = SURFACE_STYLE_FILL_AREA ( #2488 ) ;
#3337 = DIRECTION ( 'NONE',  ( -1.387778780781445922E-16, 0.000000000000000000, -1.000000000000000000 ) ) ;
#3338 = EDGE_CURVE ( 'NONE', #434, #609, #902, .T. ) ;
#3339 = CARTESIAN_POINT ( 'NONE',  ( -14.05061124694373476, -9.682029339853306382, 9.700000000000001066 ) ) ;
#3340 = ORIENTED_EDGE ( 'NONE', *, *, #3625, .T. ) ;
#3341 = SURFACE_STYLE_FILL_AREA ( #174 ) ;
#3342 = ADVANCED_FACE ( 'NONE', ( #574 ), #2248, .T. ) ;
#3343 = LINE ( 'NONE', #4562, #4470 ) ;
#3344 = CYLINDRICAL_SURFACE ( 'NONE', #3893, 2.000000000000001776 ) ;
#3345 = ORIENTED_EDGE ( 'NONE', *, *, #104, .F. ) ;
#3346 = ORIENTED_EDGE ( 'NONE', *, *, #4207, .T. ) ;
#3347 = DIRECTION ( 'NONE',  ( -1.000000000000000000, 0.000000000000000000, -6.148776166510614988E-17 ) ) ;
#3348 = FILL_AREA_STYLE ('',( #1753 ) ) ;
#3349 =( LENGTH_UNIT ( ) NAMED_UNIT ( * ) SI_UNIT ( .MILLI., .METRE. ) );
#3350 = DIRECTION ( 'NONE',  ( 0.000000000000000000, 0.000000000000000000, 1.000000000000000000 ) ) ;
#3351 = DIRECTION ( 'NONE',  ( 0.000000000000000000, 0.000000000000000000, 1.000000000000000000 ) ) ;
#3352 = DIRECTION ( 'NONE',  ( 1.000000000000000000, 0.000000000000000000, -1.387778780781445922E-16 ) ) ;
#3353 = FILL_AREA_STYLE ('',( #4924 ) ) ;
#3354 = ORIENTED_EDGE ( 'NONE', *, *, #4527, .T. ) ;
#3355 = ORIENTED_EDGE ( 'NONE', *, *, #170, .F. ) ;
#3356 = COLOUR_RGB ( '',1.000000000000000000, 1.000000000000000000, 1.000000000000000000 ) ;
#3357 = DIRECTION ( 'NONE',  ( 0.000000000000000000, 0.000000000000000000, 1.000000000000000000 ) ) ;
#3358 = MECHANICAL_DESIGN_GEOMETRIC_PRESENTATION_REPRESENTATION (  '', ( #3687 ), #4623 ) ;
#3359 = DIRECTION ( 'NONE',  ( 1.000000000000000000, 0.000000000000000000, 0.000000000000000000 ) ) ;
#3360 = MECHANICAL_DESIGN_GEOMETRIC_PRESENTATION_REPRESENTATION (  '', ( #1449 ), #1114 ) ;
#3361 =( NAMED_UNIT ( * ) PLANE_ANGLE_UNIT ( ) SI_UNIT ( $, .RADIAN. ) );
#3362 = PRESENTATION_LAYER_ASSIGNMENT (  '', '', ( #460 ) ) ;
#3363 = EDGE_CURVE ( 'NONE', #1348, #3957, #3733, .T. ) ;
#3364 = CARTESIAN_POINT ( 'NONE',  ( -84.90061124694369710, -14.33202933985330318, -71.34999999999999432 ) ) ;
#3365 = MECHANICAL_DESIGN_GEOMETRIC_PRESENTATION_REPRESENTATION (  '', ( #1119 ), #627 ) ;
#3366 = STYLED_ITEM ( 'NONE', ( #2410 ), #1854 ) ;
#3367 = CARTESIAN_POINT ( 'NONE',  ( -15.05061124694372765, -8.682029339853306382, 25.00000000000000000 ) ) ;
#3368 =( NAMED_UNIT ( * ) SI_UNIT ( $, .STERADIAN. ) SOLID_ANGLE_UNIT ( ) );
#3369 = AXIS2_PLACEMENT_3D ( 'NONE', #3484, #3457, #4254 ) ;
#3370 = DIRECTION ( 'NONE',  ( 1.000000000000000000, 0.000000000000000000, 6.148776166510614988E-17 ) ) ;
#3371 = ORIENTED_EDGE ( 'NONE', *, *, #698, .F. ) ;
#3372 = AXIS2_PLACEMENT_3D ( 'NONE', #2688, #4703, #3017 ) ;
#3373 = EDGE_LOOP ( 'NONE', ( #3668, #3507, #3672, #2847, #4751 ) ) ;
#3374 = ADVANCED_FACE ( 'NONE', ( #2095 ), #1688, .T. ) ;
#3375 = AXIS2_PLACEMENT_3D ( 'NONE', #4366, #2483, #4072 ) ;
#3376 =( GEOMETRIC_REPRESENTATION_CONTEXT ( 3 ) GLOBAL_UNCERTAINTY_ASSIGNED_CONTEXT ( ( #32 ) ) GLOBAL_UNIT_ASSIGNED_CONTEXT ( ( #1125, #1546, #2723 ) ) REPRESENTATION_CONTEXT ( 'NONE', 'WORKASPACE' ) );
#3377 = DIRECTION ( 'NONE',  ( -1.000000000000000000, 0.000000000000000000, 0.000000000000000000 ) ) ;
#3378 = DIRECTION ( 'NONE',  ( 0.000000000000000000, 0.000000000000000000, -1.000000000000000000 ) ) ;
#3379 = CIRCLE ( 'NONE', #1131, 0.5000000000000004441 ) ;
#3380 =( LENGTH_UNIT ( ) NAMED_UNIT ( * ) SI_UNIT ( .MILLI., .METRE. ) );
#3381 = STYLED_ITEM ( 'NONE', ( #3985 ), #649 ) ;
#3382 = SURFACE_SIDE_STYLE ('',( #2397 ) ) ;
#3383 = CARTESIAN_POINT ( 'NONE',  ( -12.55061124694371877, -12.68202933985330461, 21.49999999999996447 ) ) ;
#3384 = ORIENTED_EDGE ( 'NONE', *, *, #637, .F. ) ;
#3385 = FACE_OUTER_BOUND ( 'NONE', #3021, .T. ) ;
#3386 = FILL_AREA_STYLE_COLOUR ( '', #4169 ) ;
#3387 = CIRCLE ( 'NONE', #3304, 5.000000000000004441 ) ;
#3388 = AXIS2_PLACEMENT_3D ( 'NONE', #3760, #2221, #3359 ) ;
#3389 = CARTESIAN_POINT ( 'NONE',  ( 66.94938875305625459, -21.68202933985330461, 5.551115123125783688E-16 ) ) ;
#3390 = FILL_AREA_STYLE ('',( #3754 ) ) ;
#3391 = SURFACE_STYLE_USAGE ( .BOTH. , #4549 ) ;
#3392 = ORIENTED_EDGE ( 'NONE', *, *, #296, .T. ) ;
#3393 = DIRECTION ( 'NONE',  ( 0.000000000000000000, 0.000000000000000000, 1.000000000000000000 ) ) ;
#3394 = CARTESIAN_POINT ( 'NONE',  ( -12.05061124694373120, -9.682029339853301053, -9.699999999999997513 ) ) ;
#3395 = FACE_OUTER_BOUND ( 'NONE', #4719, .T. ) ;
#3396 = SURFACE_STYLE_USAGE ( .BOTH. , #4244 ) ;
#3397 = DIRECTION ( 'NONE',  ( 0.000000000000000000, 0.000000000000000000, -1.000000000000000000 ) ) ;
#3398 = CARTESIAN_POINT ( 'NONE',  ( -91.70061124694372268, -21.18202933985330461, 69.85000000000002274 ) ) ;
#3399 = EDGE_CURVE ( 'NONE', #1478, #51, #656, .T. ) ;
#3400 =( LENGTH_UNIT ( ) NAMED_UNIT ( * ) SI_UNIT ( .MILLI., .METRE. ) );
#3401 = ORIENTED_EDGE ( 'NONE', *, *, #4410, .F. ) ;
#3402 = AXIS2_PLACEMENT_3D ( 'NONE', #1502, #1525, #3562 ) ;
#3403 = ORIENTED_EDGE ( 'NONE', *, *, #2270, .T. ) ;
#3404 = ORIENTED_EDGE ( 'NONE', *, *, #134, .F. ) ;
#3405 = ORIENTED_EDGE ( 'NONE', *, *, #4767, .T. ) ;
#3406 =( LENGTH_UNIT ( ) NAMED_UNIT ( * ) SI_UNIT ( .MILLI., .METRE. ) );
#3407 = LINE ( 'NONE', #3042, #1953 ) ;
#3408 = PRESENTATION_LAYER_ASSIGNMENT (  '', '', ( #3314 ) ) ;
#3409 = DIRECTION ( 'NONE',  ( 1.000000000000000000, -0.000000000000000000, 0.000000000000000000 ) ) ;
#3410 = EDGE_CURVE ( 'NONE', #4952, #767, #3844, .T. ) ;
#3411 = STYLED_ITEM ( 'NONE', ( #732 ), #3188 ) ;
#3412 = DIRECTION ( 'NONE',  ( 0.000000000000000000, 1.000000000000000000, 0.000000000000000000 ) ) ;
#3413 = DIRECTION ( 'NONE',  ( 0.000000000000000000, 0.000000000000000000, 1.000000000000000000 ) ) ;
#3414 = FILL_AREA_STYLE_COLOUR ( '', #1083 ) ;
#3415 = FILL_AREA_STYLE ('',( #3778 ) ) ;
#3416 = EDGE_CURVE ( 'NONE', #3550, #4695, #276, .T. ) ;
#3417 = EDGE_LOOP ( 'NONE', ( #3742, #4850, #914, #4108 ) ) ;
#3418 = DIRECTION ( 'NONE',  ( 1.000000000000000000, 0.000000000000000000, 9.725149129512554837E-17 ) ) ;
#3419 = PRESENTATION_LAYER_ASSIGNMENT (  '', '', ( #4005 ) ) ;
#3420 = SURFACE_STYLE_USAGE ( .BOTH. , #1891 ) ;
#3421 = COLOUR_RGB ( '',1.000000000000000000, 1.000000000000000000, 1.000000000000000000 ) ;
#3422 = LINE ( 'NONE', #1766, #2039 ) ;
#3423 = CARTESIAN_POINT ( 'NONE',  ( 140.2993887530563200, -20.33202933985330318, 74.15000000000001990 ) ) ;
#3424 = CARTESIAN_POINT ( 'NONE',  ( 67.94938875305626880, -14.33202933985330318, -21.49999999999996447 ) ) ;
#3425 = CARTESIAN_POINT ( 'NONE',  ( -11.05061124694373120, -7.682029339853305494, 28.00000000000000000 ) ) ;
#3426 =( LENGTH_UNIT ( ) NAMED_UNIT ( * ) SI_UNIT ( .MILLI., .METRE. ) );
#3427 = ORIENTED_EDGE ( 'NONE', *, *, #3306, .T. ) ;
#3428 = ORIENTED_EDGE ( 'NONE', *, *, #3863, .F. ) ;
#3429 = ORIENTED_EDGE ( 'NONE', *, *, #4497, .F. ) ;
#3430 = ORIENTED_EDGE ( 'NONE', *, *, #70, .F. ) ;
#3431 = FILL_AREA_STYLE ('',( #3860 ) ) ;
#3432 = FACE_OUTER_BOUND ( 'NONE', #2676, .T. ) ;
#3433 = LINE ( 'NONE', #4593, #4792 ) ;
#3434 = FILL_AREA_STYLE ('',( #1832 ) ) ;
#3435 = EDGE_CURVE ( 'NONE', #1206, #4528, #629, .T. ) ;
#3436 = LINE ( 'NONE', #3779, #1875 ) ;
#3437 = DIRECTION ( 'NONE',  ( 1.387778780781445922E-16, -0.000000000000000000, 1.000000000000000000 ) ) ;
#3438 = EDGE_CURVE ( 'NONE', #1761, #235, #1461, .T. ) ;
#3439 = DIRECTION ( 'NONE',  ( 0.000000000000000000, 1.000000000000000000, 0.000000000000000000 ) ) ;
#3440 = FACE_OUTER_BOUND ( 'NONE', #2345, .T. ) ;
#3441 = VECTOR ( 'NONE', #2343, 1000.000000000000000 ) ;
#3442 = AXIS2_PLACEMENT_3D ( 'NONE', #3864, #4575, #3413 ) ;
#3443 = EDGE_CURVE ( 'NONE', #360, #654, #2825, .T. ) ;
#3444 = CARTESIAN_POINT ( 'NONE',  ( -15.05061124694372765, -8.682029339853306382, 25.00000000000000000 ) ) ;
#3445 = AXIS2_PLACEMENT_3D ( 'NONE', #2122, #3729, #2970 ) ;
#3446 = SURFACE_STYLE_FILL_AREA ( #3852 ) ;
#3447 = PRESENTATION_LAYER_ASSIGNMENT (  '', '', ( #2944 ) ) ;
#3448 = DIRECTION ( 'NONE',  ( 0.000000000000000000, 0.000000000000000000, 1.000000000000000000 ) ) ;
#3449 = ORIENTED_EDGE ( 'NONE', *, *, #2646, .F. ) ;
#3450 = VECTOR ( 'NONE', #4541, 1000.000000000000000 ) ;
#3451 = VERTEX_POINT ( 'NONE', #4295 ) ;
#3452 = AXIS2_PLACEMENT_3D ( 'NONE', #4709, #1097, #1489 ) ;
#3453 = ORIENTED_EDGE ( 'NONE', *, *, #4855, .F. ) ;
#3454 = STYLED_ITEM ( 'NONE', ( #1272 ), #1889 ) ;
#3455 = CARTESIAN_POINT ( 'NONE',  ( -11.05061124694373120, -112.8069513123572278, 28.00000000000000000 ) ) ;
#3456 = PRESENTATION_LAYER_ASSIGNMENT (  '', '', ( #3539 ) ) ;
#3457 = DIRECTION ( 'NONE',  ( 1.846678351006580810E-16, -0.000000000000000000, 1.000000000000000000 ) ) ;
#3458 =( GEOMETRIC_REPRESENTATION_CONTEXT ( 3 ) GLOBAL_UNCERTAINTY_ASSIGNED_CONTEXT ( ( #1600 ) ) GLOBAL_UNIT_ASSIGNED_CONTEXT ( ( #3406, #1779, #263 ) ) REPRESENTATION_CONTEXT ( 'NONE', 'WORKASPACE' ) );
#3459 = PLANE ( 'NONE',  #1274 ) ;
#3460 = DIRECTION ( 'NONE',  ( 1.387778780781445922E-16, 1.508455196501572810E-15, 1.000000000000000000 ) ) ;
#3461 =( GEOMETRIC_REPRESENTATION_CONTEXT ( 3 ) GLOBAL_UNCERTAINTY_ASSIGNED_CONTEXT ( ( #723 ) ) GLOBAL_UNIT_ASSIGNED_CONTEXT ( ( #5099, #3818, #3868 ) ) REPRESENTATION_CONTEXT ( 'NONE', 'WORKASPACE' ) );
#3462 = MECHANICAL_DESIGN_GEOMETRIC_PRESENTATION_REPRESENTATION (  '', ( #470 ), #2303 ) ;
#3463 = PRESENTATION_STYLE_ASSIGNMENT (( #1429 ) ) ;
#3464 = CARTESIAN_POINT ( 'NONE',  ( 144.3993887530562574, -14.33202933985330318, 71.35000000000002274 ) ) ;
#3465 =( LENGTH_UNIT ( ) NAMED_UNIT ( * ) SI_UNIT ( .MILLI., .METRE. ) );
#3466 = EDGE_CURVE ( 'NONE', #2336, #2912, #3785, .T. ) ;
#3467 = DIRECTION ( 'NONE',  ( 0.000000000000000000, 0.000000000000000000, -1.000000000000000000 ) ) ;
#3468 = STYLED_ITEM ( 'NONE', ( #3063 ), #777 ) ;
#3469 = DIRECTION ( 'NONE',  ( 0.000000000000000000, 1.000000000000000000, 0.000000000000000000 ) ) ;
#3470 = ORIENTED_EDGE ( 'NONE', *, *, #2270, .F. ) ;
#3471 = CARTESIAN_POINT ( 'NONE',  ( -11.05061124694373120, -7.682029339853305494, 25.00000000000000000 ) ) ;
#3472 = STYLED_ITEM ( 'NONE', ( #1353 ), #39 ) ;
#3473 = EDGE_CURVE ( 'NONE', #4159, #2245, #4846, .T. ) ;
#3474 = SURFACE_STYLE_USAGE ( .BOTH. , #1869 ) ;
#3475 = LINE ( 'NONE', #4145, #1328 ) ;
#3476 = DIRECTION ( 'NONE',  ( 0.000000000000000000, 1.000000000000000000, 0.000000000000000000 ) ) ;
#3477 = DIRECTION ( 'NONE',  ( -0.000000000000000000, -1.000000000000000000, -0.000000000000000000 ) ) ;
#3478 = SURFACE_STYLE_FILL_AREA ( #1877 ) ;
#3479 = ADVANCED_FACE ( 'NONE', ( #3847 ), #5080, .F. ) ;
#3480 =( NAMED_UNIT ( * ) PLANE_ANGLE_UNIT ( ) SI_UNIT ( $, .RADIAN. ) );
#3481 = ORIENTED_EDGE ( 'NONE', *, *, #5110, .F. ) ;
#3482 = ORIENTED_EDGE ( 'NONE', *, *, #387, .F. ) ;
#3483 = ORIENTED_EDGE ( 'NONE', *, *, #1428, .F. ) ;
#3484 = CARTESIAN_POINT ( 'NONE',  ( 144.5993887530562745, -14.68202933985330461, -2.163383688204209769E-14 ) ) ;
#3485 =( GEOMETRIC_REPRESENTATION_CONTEXT ( 3 ) GLOBAL_UNCERTAINTY_ASSIGNED_CONTEXT ( ( #3488 ) ) GLOBAL_UNIT_ASSIGNED_CONTEXT ( ( #1343, #198, #5007 ) ) REPRESENTATION_CONTEXT ( 'NONE', 'WORKASPACE' ) );
#3486 = CARTESIAN_POINT ( 'NONE',  ( -7.550611246943734756, -13.83202933985330318, -21.50000000000000000 ) ) ;
#3487 = LINE ( 'NONE', #4406, #3586 ) ;
#3488 = UNCERTAINTY_MEASURE_WITH_UNIT (LENGTH_MEASURE( 1.000000000000000082E-05 ), #1343, 'distance_accuracy_value', 'NONE');
#3489 = PRESENTATION_LAYER_ASSIGNMENT (  '', '', ( #2413 ) ) ;
#3490 = UNCERTAINTY_MEASURE_WITH_UNIT (LENGTH_MEASURE( 1.000000000000000082E-05 ), #3585, 'distance_accuracy_value', 'NONE');
#3491 = CARTESIAN_POINT ( 'NONE',  ( 62.44938875305626880, -13.83202933985330318, 21.50000000000000000 ) ) ;
#3492 = CARTESIAN_POINT ( 'NONE',  ( 70.94938875305625459, -7.682029339853305494, -24.99999999999999289 ) ) ;
#3493 = ADVANCED_FACE ( 'NONE', ( #1515, #3101 ), #2593, .F. ) ;
#3494 = STYLED_ITEM ( 'NONE', ( #297 ), #3479 ) ;
#3495 = ORIENTED_EDGE ( 'NONE', *, *, #1989, .F. ) ;
#3496 = SURFACE_STYLE_USAGE ( .BOTH. , #3382 ) ;
#3497 = CARTESIAN_POINT ( 'NONE',  ( 66.94938875305625459, -7.682029339853305494, -2.849999999999999201 ) ) ;
#3498 = DIRECTION ( 'NONE',  ( 3.023483182530382183E-16, 0.000000000000000000, 1.000000000000000000 ) ) ;
#3499 = FILL_AREA_STYLE_COLOUR ( '', #899 ) ;
#3500 = EDGE_CURVE ( 'NONE', #5010, #1421, #1337, .T. ) ;
#3501 = CARTESIAN_POINT ( 'NONE',  ( 66.94938875305625459, -9.682029339853304606, -2.850000000000000533 ) ) ;
#3502 = CIRCLE ( 'NONE', #3849, 4.999999999999997335 ) ;
#3503 = SURFACE_STYLE_USAGE ( .BOTH. , #3908 ) ;
#3504 = SURFACE_SIDE_STYLE ('',( #3083 ) ) ;
#3505 = ORIENTED_EDGE ( 'NONE', *, *, #2193, .F. ) ;
#3506 = EDGE_LOOP ( 'NONE', ( #1727, #2166, #4830, #4976 ) ) ;
#3507 = ORIENTED_EDGE ( 'NONE', *, *, #531, .T. ) ;
#3508 = ORIENTED_EDGE ( 'NONE', *, *, #3269, .F. ) ;
#3509 = CARTESIAN_POINT ( 'NONE',  ( -14.05061124694373476, -21.68202933985330461, 15.29999999999999716 ) ) ;
#3510 = SURFACE_SIDE_STYLE ('',( #2775 ) ) ;
#3511 = SURFACE_SIDE_STYLE ('',( #766 ) ) ;
#3512 = LINE ( 'NONE', #5114, #3271 ) ;
#3513 = ORIENTED_EDGE ( 'NONE', *, *, #2619, .T. ) ;
#3514 = UNCERTAINTY_MEASURE_WITH_UNIT (LENGTH_MEASURE( 1.000000000000000082E-05 ), #3943, 'distance_accuracy_value', 'NONE');
#3515 = CARTESIAN_POINT ( 'NONE',  ( 146.0993887530562745, -21.18202933985330461, -69.84999999999999432 ) ) ;
#3516 = LINE ( 'NONE', #1535, #4125 ) ;
#3517 =( NAMED_UNIT ( * ) PLANE_ANGLE_UNIT ( ) SI_UNIT ( $, .RADIAN. ) );
#3518 = DIRECTION ( 'NONE',  ( -1.000000000000000000, 0.000000000000000000, 0.000000000000000000 ) ) ;
#3519 = CARTESIAN_POINT ( 'NONE',  ( -90.70061124694373689, -20.33202933985330318, -68.84999999999999432 ) ) ;
#3520 = EDGE_LOOP ( 'NONE', ( #4881, #3640, #4088, #1909 ) ) ;
#3521 = SURFACE_STYLE_FILL_AREA ( #1917 ) ;
#3522 = DIRECTION ( 'NONE',  ( -0.000000000000000000, 1.000000000000000000, -0.000000000000000000 ) ) ;
#3523 = DIRECTION ( 'NONE',  ( -0.000000000000000000, 1.000000000000000000, -0.000000000000000000 ) ) ;
#3524 = CYLINDRICAL_SURFACE ( 'NONE', #695, 1.000000000000000888 ) ;
#3525 = CARTESIAN_POINT ( 'NONE',  ( 144.3993887530562859, -16.33202933985330318, -71.34999999999999432 ) ) ;
#3526 = VECTOR ( 'NONE', #2660, 1000.000000000000000 ) ;
#3527 =( NAMED_UNIT ( * ) SI_UNIT ( $, .STERADIAN. ) SOLID_ANGLE_UNIT ( ) );
#3528 = VERTEX_POINT ( 'NONE', #4021 ) ;
#3529 = AXIS2_PLACEMENT_3D ( 'NONE', #4519, #1661, #921 ) ;
#3530 = EDGE_CURVE ( 'NONE', #4936, #4223, #726, .T. ) ;
#3531 = ORIENTED_EDGE ( 'NONE', *, *, #237, .F. ) ;
#3532 = EDGE_LOOP ( 'NONE', ( #3260, #2828, #3266, #1368 ) ) ;
#3533 =( NAMED_UNIT ( * ) SI_UNIT ( $, .STERADIAN. ) SOLID_ANGLE_UNIT ( ) );
#3534 = FILL_AREA_STYLE_COLOUR ( '', #3886 ) ;
#3535 = LINE ( 'NONE', #3962, #4387 ) ;
#3536 = VECTOR ( 'NONE', #2310, 1000.000000000000000 ) ;
#3537 = ADVANCED_FACE ( 'NONE', ( #1186 ), #772, .T. ) ;
#3538 = ORIENTED_EDGE ( 'NONE', *, *, #3692, .T. ) ;
#3539 = STYLED_ITEM ( 'NONE', ( #2864 ), #1645 ) ;
#3540 = DIRECTION ( 'NONE',  ( -0.000000000000000000, -1.000000000000000000, -0.000000000000000000 ) ) ;
#3541 = CARTESIAN_POINT ( 'NONE',  ( -7.550611246943734756, -14.33202933985330318, -21.50000000000000000 ) ) ;
#3542 =( GEOMETRIC_REPRESENTATION_CONTEXT ( 3 ) GLOBAL_UNCERTAINTY_ASSIGNED_CONTEXT ( ( #4671 ) ) GLOBAL_UNIT_ASSIGNED_CONTEXT ( ( #1966, #4317, #4383 ) ) REPRESENTATION_CONTEXT ( 'NONE', 'WORKASPACE' ) );
#3543 = UNCERTAINTY_MEASURE_WITH_UNIT (LENGTH_MEASURE( 1.000000000000000082E-05 ), #1507, 'distance_accuracy_value', 'NONE');
#3544 = PRESENTATION_LAYER_ASSIGNMENT (  '', '', ( #316 ) ) ;
#3545 = COLOUR_RGB ( '',1.000000000000000000, 1.000000000000000000, 1.000000000000000000 ) ;
#3546 =( NAMED_UNIT ( * ) PLANE_ANGLE_UNIT ( ) SI_UNIT ( $, .RADIAN. ) );
#3547 = STYLED_ITEM ( 'NONE', ( #1367 ), #2225 ) ;
#3548 = CIRCLE ( 'NONE', #3375, 2.000000000000001776 ) ;
#3549 = PRESENTATION_LAYER_ASSIGNMENT (  '', '', ( #4553 ) ) ;
#3550 = VERTEX_POINT ( 'NONE', #4345 ) ;
#3551 =( NAMED_UNIT ( * ) SI_UNIT ( $, .STERADIAN. ) SOLID_ANGLE_UNIT ( ) );
#3552 = AXIS2_PLACEMENT_3D ( 'NONE', #4872, #68, #884 ) ;
#3553 = CARTESIAN_POINT ( 'NONE',  ( -18.05061124694373831, -10.68202933985330461, -24.99999999999999289 ) ) ;
#3554 = SURFACE_STYLE_FILL_AREA ( #3905 ) ;
#3555 = PRESENTATION_LAYER_ASSIGNMENT (  '', '', ( #2719 ) ) ;
#3556 = APPLICATION_PROTOCOL_DEFINITION ( 'draft international standard', 'automotive_design', 1998, #1930 ) ;
#3557 = SURFACE_STYLE_FILL_AREA ( #2430 ) ;
#3558 = DIRECTION ( 'NONE',  ( 9.725149129512580722E-17, 0.000000000000000000, -1.000000000000000000 ) ) ;
#3559 = ORIENTED_EDGE ( 'NONE', *, *, #1145, .T. ) ;
#3560 = ORIENTED_EDGE ( 'NONE', *, *, #5103, .T. ) ;
#3561 = ORIENTED_EDGE ( 'NONE', *, *, #630, .F. ) ;
#3562 = DIRECTION ( 'NONE',  ( 0.000000000000000000, 0.000000000000000000, 1.000000000000000000 ) ) ;
#3563 =( NAMED_UNIT ( * ) PLANE_ANGLE_UNIT ( ) SI_UNIT ( $, .RADIAN. ) );
#3564 = EDGE_CURVE ( 'NONE', #4252, #389, #1968, .T. ) ;
#3565 = DIRECTION ( 'NONE',  ( 1.000000000000000000, -0.000000000000000000, -0.000000000000000000 ) ) ;
#3566 = ORIENTED_EDGE ( 'NONE', *, *, #3791, .F. ) ;
#3567 = LINE ( 'NONE', #2709, #433 ) ;
#3568 = DIRECTION ( 'NONE',  ( -9.725149129512580722E-17, 0.000000000000000000, 1.000000000000000000 ) ) ;
#3569 = EDGE_CURVE ( 'NONE', #4825, #2051, #1146, .T. ) ;
#3570 = MECHANICAL_DESIGN_GEOMETRIC_PRESENTATION_REPRESENTATION (  '', ( #1066 ), #2050 ) ;
#3571 = CARTESIAN_POINT ( 'NONE',  ( -11.05061124694373831, -12.68202933985330461, -24.99999999999999289 ) ) ;
#3572 = TOROIDAL_SURFACE ( 'NONE', #4926, 5.500000000000000000, 0.5000000000000000000 ) ;
#3573 = CARTESIAN_POINT ( 'NONE',  ( 62.44938875305624038, -13.83202933985330318, -27.00000000000000000 ) ) ;
#3574 = STYLED_ITEM ( 'NONE', ( #705 ), #3157 ) ;
#3575 = CARTESIAN_POINT ( 'NONE',  ( -84.90061124694371131, -20.33202933985330318, 71.35000000000002274 ) ) ;
#3576 = CYLINDRICAL_SURFACE ( 'NONE', #4414, 1.000000000000000888 ) ;
#3577 = FACE_OUTER_BOUND ( 'NONE', #1601, .T. ) ;
#3578 = EDGE_CURVE ( 'NONE', #1443, #834, #30, .T. ) ;
#3579 = DIRECTION ( 'NONE',  ( 0.000000000000000000, 0.000000000000000000, 1.000000000000000000 ) ) ;
#3580 = STYLED_ITEM ( 'NONE', ( #4604 ), #3493 ) ;
#3581 = DIRECTION ( 'NONE',  ( -0.000000000000000000, 0.000000000000000000, 1.000000000000000000 ) ) ;
#3582 = ORIENTED_EDGE ( 'NONE', *, *, #2684, .T. ) ;
#3583 = ORIENTED_EDGE ( 'NONE', *, *, #506, .F. ) ;
#3584 = CYLINDRICAL_SURFACE ( 'NONE', #1619, 0.5000000000000004441 ) ;
#3585 =( LENGTH_UNIT ( ) NAMED_UNIT ( * ) SI_UNIT ( .MILLI., .METRE. ) );
#3586 = VECTOR ( 'NONE', #26, 1000.000000000000000 ) ;
#3587 = ORIENTED_EDGE ( 'NONE', *, *, #167, .F. ) ;
#3588 = CARTESIAN_POINT ( 'NONE',  ( 141.2993887530562915, -14.68202933985330461, -73.14999999999999147 ) ) ;
#3589 = UNCERTAINTY_MEASURE_WITH_UNIT (LENGTH_MEASURE( 1.000000000000000082E-05 ), #31, 'distance_accuracy_value', 'NONE');
#3590 = FACE_OUTER_BOUND ( 'NONE', #247, .T. ) ;
#3591 = EDGE_CURVE ( 'NONE', #1646, #793, #3749, .T. ) ;
#3592 = CARTESIAN_POINT ( 'NONE',  ( 66.94938875305625459, -9.682029339853304606, -2.850000000000000533 ) ) ;
#3593 = DIRECTION ( 'NONE',  ( 0.000000000000000000, 0.000000000000000000, -1.000000000000000000 ) ) ;
#3594 =( LENGTH_UNIT ( ) NAMED_UNIT ( * ) SI_UNIT ( .MILLI., .METRE. ) );
#3595 = DIRECTION ( 'NONE',  ( 0.000000000000000000, -1.000000000000000000, 0.000000000000000000 ) ) ;
#3596 = DIRECTION ( 'NONE',  ( 9.725149129512581955E-17, 0.000000000000000000, -1.000000000000000000 ) ) ;
#3597 = EDGE_CURVE ( 'NONE', #2726, #2108, #4594, .T. ) ;
#3598 = DIRECTION ( 'NONE',  ( 0.000000000000000000, 0.000000000000000000, -1.000000000000000000 ) ) ;
#3599 = PRESENTATION_STYLE_ASSIGNMENT (( #4393 ) ) ;
#3600 = VERTEX_POINT ( 'NONE', #3178 ) ;
#3601 = ORIENTED_EDGE ( 'NONE', *, *, #1071, .T. ) ;
#3602 = FACE_OUTER_BOUND ( 'NONE', #2656, .T. ) ;
#3603 = DIRECTION ( 'NONE',  ( 0.000000000000000000, 0.000000000000000000, 1.000000000000000000 ) ) ;
#3604 = ORIENTED_EDGE ( 'NONE', *, *, #1596, .T. ) ;
#3605 = VERTEX_POINT ( 'NONE', #3924 ) ;
#3606 = COLOUR_RGB ( '',1.000000000000000000, 1.000000000000000000, 1.000000000000000000 ) ;
#3607 = CARTESIAN_POINT ( 'NONE',  ( 68.94938875305625459, -112.8069513123572278, 25.00000000000000000 ) ) ;
#3608 =( NAMED_UNIT ( * ) PLANE_ANGLE_UNIT ( ) SI_UNIT ( $, .RADIAN. ) );
#3609 = CIRCLE ( 'NONE', #4208, 4.999999999999997335 ) ;
#3610 =( GEOMETRIC_REPRESENTATION_CONTEXT ( 3 ) GLOBAL_UNCERTAINTY_ASSIGNED_CONTEXT ( ( #423 ) ) GLOBAL_UNIT_ASSIGNED_CONTEXT ( ( #1096, #351, #754 ) ) REPRESENTATION_CONTEXT ( 'NONE', 'WORKASPACE' ) );
#3611 = CIRCLE ( 'NONE', #4801, 4.999999999999997335 ) ;
#3612 = FILL_AREA_STYLE ('',( #2508 ) ) ;
#3613 = CARTESIAN_POINT ( 'NONE',  ( -86.40061124694372552, -21.18202933985330461, -74.64999999999999147 ) ) ;
#3614 = COLOUR_RGB ( '',1.000000000000000000, 1.000000000000000000, 1.000000000000000000 ) ;
#3615 = EDGE_CURVE ( 'NONE', #1058, #862, #2349, .T. ) ;
#3616 = MECHANICAL_DESIGN_GEOMETRIC_PRESENTATION_REPRESENTATION (  '', ( #132 ), #946 ) ;
#3617 =( NAMED_UNIT ( * ) SI_UNIT ( $, .STERADIAN. ) SOLID_ANGLE_UNIT ( ) );
#3618 =( NAMED_UNIT ( * ) PLANE_ANGLE_UNIT ( ) SI_UNIT ( $, .RADIAN. ) );
#3619 = STYLED_ITEM ( 'NONE', ( #4264 ), #2087 ) ;
#3620 = MECHANICAL_DESIGN_GEOMETRIC_PRESENTATION_REPRESENTATION (  '', ( #2214 ), #5146 ) ;
#3621 = VERTEX_POINT ( 'NONE', #3519 ) ;
#3622 =( GEOMETRIC_REPRESENTATION_CONTEXT ( 3 ) GLOBAL_UNCERTAINTY_ASSIGNED_CONTEXT ( ( #2070 ) ) GLOBAL_UNIT_ASSIGNED_CONTEXT ( ( #45, #855, #2032 ) ) REPRESENTATION_CONTEXT ( 'NONE', 'WORKASPACE' ) );
#3623 = CARTESIAN_POINT ( 'NONE',  ( -90.70061124694372268, -21.68202933985330461, 68.85000000000002274 ) ) ;
#3624 =( GEOMETRIC_REPRESENTATION_CONTEXT ( 3 ) GLOBAL_UNCERTAINTY_ASSIGNED_CONTEXT ( ( #658 ) ) GLOBAL_UNIT_ASSIGNED_CONTEXT ( ( #4691, #2313, #4421 ) ) REPRESENTATION_CONTEXT ( 'NONE', 'WORKASPACE' ) );
#3625 = EDGE_CURVE ( 'NONE', #236, #2079, #5123, .T. ) ;
#3626 = AXIS2_PLACEMENT_3D ( 'NONE', #3764, #1316, #991 ) ;
#3627 = AXIS2_PLACEMENT_3D ( 'NONE', #2164, #2982, #1772 ) ;
#3628 =( LENGTH_UNIT ( ) NAMED_UNIT ( * ) SI_UNIT ( .MILLI., .METRE. ) );
#3629 = PLANE ( 'NONE',  #3552 ) ;
#3630 = VECTOR ( 'NONE', #226, 1000.000000000000000 ) ;
#3631 = UNCERTAINTY_MEASURE_WITH_UNIT (LENGTH_MEASURE( 1.000000000000000082E-05 ), #4606, 'distance_accuracy_value', 'NONE');
#3632 = ORIENTED_EDGE ( 'NONE', *, *, #2525, .T. ) ;
#3633 = COLOUR_RGB ( '',1.000000000000000000, 1.000000000000000000, 1.000000000000000000 ) ;
#3634 = AXIS2_PLACEMENT_3D ( 'NONE', #2149, #3412, #2967 ) ;
#3635 = VERTEX_POINT ( 'NONE', #1164 ) ;
#3636 = DIRECTION ( 'NONE',  ( 0.000000000000000000, 0.000000000000000000, 1.000000000000000000 ) ) ;
#3637 = SURFACE_STYLE_FILL_AREA ( #3261 ) ;
#3638 = EDGE_CURVE ( 'NONE', #1443, #3974, #2480, .T. ) ;
#3639 = CARTESIAN_POINT ( 'NONE',  ( 69.94938875305625459, -7.682029339853305494, -24.99999999999999645 ) ) ;
#3640 = ORIENTED_EDGE ( 'NONE', *, *, #2407, .T. ) ;
#3641 = SURFACE_STYLE_USAGE ( .BOTH. , #100 ) ;
#3642 = UNCERTAINTY_MEASURE_WITH_UNIT (LENGTH_MEASURE( 1.000000000000000082E-05 ), #308, 'distance_accuracy_value', 'NONE');
#3643 = DIRECTION ( 'NONE',  ( -1.000000000000000000, 0.000000000000000000, -0.000000000000000000 ) ) ;
#3644 = PRESENTATION_STYLE_ASSIGNMENT (( #59 ) ) ;
#3645 = SURFACE_STYLE_FILL_AREA ( #2835 ) ;
#3646 = SURFACE_STYLE_FILL_AREA ( #3253 ) ;
#3647 = CARTESIAN_POINT ( 'NONE',  ( 69.94938875305625459, -8.682029339853306382, 24.99999999999998934 ) ) ;
#3648 = ORIENTED_EDGE ( 'NONE', *, *, #2498, .T. ) ;
#3649 = CARTESIAN_POINT ( 'NONE',  ( -86.40061124694371131, -21.18202933985330461, 69.85000000000002274 ) ) ;
#3650 = SURFACE_SIDE_STYLE ('',( #2073 ) ) ;
#3651 = DIRECTION ( 'NONE',  ( 0.000000000000000000, 0.000000000000000000, -1.000000000000000000 ) ) ;
#3652 = ADVANCED_FACE ( 'NONE', ( #4946 ), #503, .T. ) ;
#3653 = ORIENTED_EDGE ( 'NONE', *, *, #903, .F. ) ;
#3654 = CARTESIAN_POINT ( 'NONE',  ( 70.94938875305625459, -8.682029339853306382, 9.249999999999991118 ) ) ;
#3655 = PLANE ( 'NONE',  #2219 ) ;
#3656 = STYLED_ITEM ( 'NONE', ( #1309 ), #3374 ) ;
#3657 = ORIENTED_EDGE ( 'NONE', *, *, #3625, .F. ) ;
#3658 = ORIENTED_EDGE ( 'NONE', *, *, #4368, .T. ) ;
#3659 = EDGE_CURVE ( 'NONE', #1172, #3320, #749, .T. ) ;
#3660 =( NAMED_UNIT ( * ) PLANE_ANGLE_UNIT ( ) SI_UNIT ( $, .RADIAN. ) );
#3661 = LINE ( 'NONE', #1778, #2071 ) ;
#3662 = PLANE ( 'NONE',  #2100 ) ;
#3663 = FACE_OUTER_BOUND ( 'NONE', #4396, .T. ) ;
#3664 =( NAMED_UNIT ( * ) PLANE_ANGLE_UNIT ( ) SI_UNIT ( $, .RADIAN. ) );
#3665 = CARTESIAN_POINT ( 'NONE',  ( -86.40061124694371131, -14.68202933985330461, 69.85000000000002274 ) ) ;
#3666 = ORIENTED_EDGE ( 'NONE', *, *, #671, .T. ) ;
#3667 = SURFACE_SIDE_STYLE ('',( #4843 ) ) ;
#3668 = ORIENTED_EDGE ( 'NONE', *, *, #4217, .F. ) ;
#3669 = DIRECTION ( 'NONE',  ( 1.000000000000000000, 0.000000000000000000, -0.000000000000000000 ) ) ;
#3670 = LINE ( 'NONE', #4440, #1706 ) ;
#3671 = UNCERTAINTY_MEASURE_WITH_UNIT (LENGTH_MEASURE( 1.000000000000000082E-05 ), #2938, 'distance_accuracy_value', 'NONE');
#3672 = ORIENTED_EDGE ( 'NONE', *, *, #4925, .F. ) ;
#3673 = DIRECTION ( 'NONE',  ( 0.000000000000000000, 0.000000000000000000, 1.000000000000000000 ) ) ;
#3674 = CARTESIAN_POINT ( 'NONE',  ( 68.94938875305625459, -7.682029339853305494, -15.75000000000000711 ) ) ;
#3675 = DIRECTION ( 'NONE',  ( -1.000000000000000000, 0.000000000000000000, 0.000000000000000000 ) ) ;
#3676 = FILL_AREA_STYLE_COLOUR ( '', #3278 ) ;
#3677 = ADVANCED_FACE ( 'NONE', ( #4864, #3689 ), #4434, .T. ) ;
#3678 = CARTESIAN_POINT ( 'NONE',  ( -82.90061124694372552, -14.33202933985330318, 69.35000000000002274 ) ) ;
#3679 = VERTEX_POINT ( 'NONE', #520 ) ;
#3680 = ORIENTED_EDGE ( 'NONE', *, *, #3306, .F. ) ;
#3681 = ORIENTED_EDGE ( 'NONE', *, *, #266, .F. ) ;
#3682 = CARTESIAN_POINT ( 'NONE',  ( 68.94938875305625459, -12.68202933985330993, 25.00000000000000000 ) ) ;
#3683 = CARTESIAN_POINT ( 'NONE',  ( 68.94938875305625459, -7.682029339853305494, 25.00000000000000000 ) ) ;
#3684 = CARTESIAN_POINT ( 'NONE',  ( 69.94938875305625459, -7.682029339853305494, 15.75000000000000355 ) ) ;
#3685 = ADVANCED_FACE ( 'NONE', ( #2150 ), #3751, .F. ) ;
#3686 = PRESENTATION_LAYER_ASSIGNMENT (  '', '', ( #3106 ) ) ;
#3687 = STYLED_ITEM ( 'NONE', ( #2845 ), #2812 ) ;
#3688 = ORIENTED_EDGE ( 'NONE', *, *, #2614, .T. ) ;
#3689 = FACE_OUTER_BOUND ( 'NONE', #1956, .T. ) ;
#3690 = COLOUR_RGB ( '',1.000000000000000000, 1.000000000000000000, 1.000000000000000000 ) ;
#3691 = CARTESIAN_POINT ( 'NONE',  ( -12.05061124694373120, -7.682029339853305494, -15.29999999999999716 ) ) ;
#3692 = EDGE_CURVE ( 'NONE', #4332, #1500, #595, .T. ) ;
#3693 = DIRECTION ( 'NONE',  ( 0.000000000000000000, -1.000000000000000000, 0.000000000000000000 ) ) ;
#3694 = STYLED_ITEM ( 'NONE', ( #4408 ), #4791 ) ;
#3695 = VERTEX_POINT ( 'NONE', #214 ) ;
#3696 = CARTESIAN_POINT ( 'NONE',  ( -11.05061124694373831, -7.682029339853305494, -28.99999999999998934 ) ) ;
#3697 = AXIS2_PLACEMENT_3D ( 'NONE', #2243, #2712, #1063 ) ;
#3698 = SURFACE_SIDE_STYLE ('',( #3336 ) ) ;
#3699 = LINE ( 'NONE', #4605, #1714 ) ;
#3700 = PRESENTATION_LAYER_ASSIGNMENT (  '', '', ( #788 ) ) ;
#3701 = SURFACE_STYLE_FILL_AREA ( #4583 ) ;
#3702 = CARTESIAN_POINT ( 'NONE',  ( 62.44938875305626880, -21.68202933985330461, 21.50000000000000000 ) ) ;
#3703 =( GEOMETRIC_REPRESENTATION_CONTEXT ( 3 ) GLOBAL_UNCERTAINTY_ASSIGNED_CONTEXT ( ( #3920 ) ) GLOBAL_UNIT_ASSIGNED_CONTEXT ( ( #2661, #947, #4944 ) ) REPRESENTATION_CONTEXT ( 'NONE', 'WORKASPACE' ) );
#3704 = MECHANICAL_DESIGN_GEOMETRIC_PRESENTATION_REPRESENTATION (  '', ( #3295 ), #4641 ) ;
#3705 = PRESENTATION_LAYER_ASSIGNMENT (  '', '', ( #3211 ) ) ;
#3706 = VERTEX_POINT ( 'NONE', #690 ) ;
#3707 = CYLINDRICAL_SURFACE ( 'NONE', #2734, 3.000000000000002665 ) ;
#3708 = VECTOR ( 'NONE', #1754, 1000.000000000000000 ) ;
#3709 = PRESENTATION_STYLE_ASSIGNMENT (( #4913 ) ) ;
#3710 = SURFACE_STYLE_USAGE ( .BOTH. , #1769 ) ;
#3711 = CARTESIAN_POINT ( 'NONE',  ( 65.94938875305625459, -7.682029339853305494, 25.00000000000000000 ) ) ;
#3712 = CARTESIAN_POINT ( 'NONE',  ( 140.2993887530563200, -21.68202933985330461, 74.15000000000001990 ) ) ;
#3714 = ORIENTED_EDGE ( 'NONE', *, *, #3997, .F. ) ;
#3713 = CIRCLE ( 'NONE', #702, 0.5000000000000004441 ) ;
#3715 = VECTOR ( 'NONE', #3240, 1000.000000000000000 ) ;
#3716 = ORIENTED_EDGE ( 'NONE', *, *, #2233, .F. ) ;
#3717 = VERTEX_POINT ( 'NONE', #3048 ) ;
#3718 = SURFACE_STYLE_FILL_AREA ( #4833 ) ;
#3719 = ADVANCED_FACE ( 'NONE', ( #977 ), #1452, .F. ) ;
#3720 = DIRECTION ( 'NONE',  ( 0.000000000000000000, 0.000000000000000000, -1.000000000000000000 ) ) ;
#3721 = DIRECTION ( 'NONE',  ( -1.000000000000000000, 0.000000000000000000, 0.000000000000000000 ) ) ;
#3723 = VECTOR ( 'NONE', #957, 1000.000000000000000 ) ;
#3722 = DIRECTION ( 'NONE',  ( 3.227392513445228234E-16, -0.000000000000000000, 1.000000000000000000 ) ) ;
#3724 = DIRECTION ( 'NONE',  ( 0.000000000000000000, 0.000000000000000000, 1.000000000000000000 ) ) ;
#3725 = ORIENTED_EDGE ( 'NONE', *, *, #4490, .F. ) ;
#3726 = CARTESIAN_POINT ( 'NONE',  ( -91.70061124694373689, -21.18202933985330461, -74.64999999999999147 ) ) ;
#3727 = EDGE_CURVE ( 'NONE', #375, #2273, #2610, .T. ) ;
#3728 = SURFACE_SIDE_STYLE ('',( #2090 ) ) ;
#3729 = DIRECTION ( 'NONE',  ( 0.000000000000000000, -1.000000000000000000, 0.000000000000000000 ) ) ;
#3730 = CARTESIAN_POINT ( 'NONE',  ( -12.05061124694373120, -21.68202933985330461, -9.699999999999997513 ) ) ;
#3731 = UNCERTAINTY_MEASURE_WITH_UNIT (LENGTH_MEASURE( 1.000000000000000082E-05 ), #3938, 'distance_accuracy_value', 'NONE');
#3732 = ADVANCED_FACE ( 'NONE', ( #3814 ), #1810, .F. ) ;
#3733 = LINE ( 'NONE', #1392, #3325 ) ;
#3734 = CARTESIAN_POINT ( 'NONE',  ( 67.44938875305626880, -21.68202933985330461, -21.49999999999996447 ) ) ;
#3735 = VECTOR ( 'NONE', #5072, 1000.000000000000000 ) ;
#3736 = VERTEX_POINT ( 'NONE', #3199 ) ;
#3737 = DIRECTION ( 'NONE',  ( 0.000000000000000000, 1.000000000000000000, 0.000000000000000000 ) ) ;
#3738 = PRESENTATION_STYLE_ASSIGNMENT (( #1842 ) ) ;
#3739 = CARTESIAN_POINT ( 'NONE',  ( -12.05061124694373120, -7.682029339853305494, 15.29999999999999716 ) ) ;
#3740 = FACE_OUTER_BOUND ( 'NONE', #2125, .T. ) ;
#3741 = VERTEX_POINT ( 'NONE', #1563 ) ;
#3742 = ORIENTED_EDGE ( 'NONE', *, *, #3057, .T. ) ;
#3743 =( NAMED_UNIT ( * ) PLANE_ANGLE_UNIT ( ) SI_UNIT ( $, .RADIAN. ) );
#3744 = CARTESIAN_POINT ( 'NONE',  ( -11.05061124694373120, -12.68202933985330993, 28.00000000000000000 ) ) ;
#3745 = AXIS2_PLACEMENT_3D ( 'NONE', #2515, #2978, #3284 ) ;
#3746 = CARTESIAN_POINT ( 'NONE',  ( -12.05061124694373120, -9.682029339853301053, 0.000000000000000000 ) ) ;
#3747 =( NAMED_UNIT ( * ) PLANE_ANGLE_UNIT ( ) SI_UNIT ( $, .RADIAN. ) );
#3748 = FILL_AREA_STYLE ('',( #1589 ) ) ;
#3749 = CIRCLE ( 'NONE', #1822, 0.5000000000000004441 ) ;
#3750 = LINE ( 'NONE', #618, #4667 ) ;
#3751 = PLANE ( 'NONE',  #3328 ) ;
#3752 = FILL_AREA_STYLE ('',( #1759 ) ) ;
#3753 = STYLED_ITEM ( 'NONE', ( #4783 ), #3828 ) ;
#3754 = FILL_AREA_STYLE_COLOUR ( '', #4211 ) ;
#3755 = ADVANCED_FACE ( 'NONE', ( #1181 ), #5097, .T. ) ;
#3756 = FACE_OUTER_BOUND ( 'NONE', #1675, .T. ) ;
#3757 = ORIENTED_EDGE ( 'NONE', *, *, #3569, .T. ) ;
#3758 = PRESENTATION_LAYER_ASSIGNMENT (  '', '', ( #827 ) ) ;
#3759 = CARTESIAN_POINT ( 'NONE',  ( 69.94938875305625459, -7.682029339853305494, 25.00000000000000000 ) ) ;
#3760 = CARTESIAN_POINT ( 'NONE',  ( -18.05061124694373831, -10.68202933985330461, -24.99999999999999289 ) ) ;
#3761 = EDGE_CURVE ( 'NONE', #1899, #1147, #3002, .T. ) ;
#3762 = DIRECTION ( 'NONE',  ( -1.457443458806064154E-31, -1.000000000000000000, -7.542275982507858133E-16 ) ) ;
#3763 = DIRECTION ( 'NONE',  ( 0.000000000000000000, -1.000000000000000000, 0.000000000000000000 ) ) ;
#3764 = CARTESIAN_POINT ( 'NONE',  ( -86.40061124694371131, -14.68202933985330461, 69.85000000000002274 ) ) ;
#3765 = CARTESIAN_POINT ( 'NONE',  ( -14.05061124694373476, -112.8069513123572278, -24.99999999999999289 ) ) ;
#3766 = DIRECTION ( 'NONE',  ( 0.000000000000000000, 0.000000000000000000, 1.000000000000000000 ) ) ;
#3767 = ORIENTED_EDGE ( 'NONE', *, *, #692, .T. ) ;
#3768 = ORIENTED_EDGE ( 'NONE', *, *, #2265, .T. ) ;
#3769 = ORIENTED_EDGE ( 'NONE', *, *, #3248, .F. ) ;
#3770 = PRESENTATION_STYLE_ASSIGNMENT (( #971 ) ) ;
#3771 = SURFACE_STYLE_FILL_AREA ( #240 ) ;
#3772 = DIRECTION ( 'NONE',  ( 0.000000000000000000, 1.000000000000000000, 0.000000000000000000 ) ) ;
#3773 = AXIS2_PLACEMENT_3D ( 'NONE', #3571, #693, #2711 ) ;
#3774 = DIRECTION ( 'NONE',  ( -1.000000000000000000, 0.000000000000000000, 0.000000000000000000 ) ) ;
#3775 = CARTESIAN_POINT ( 'NONE',  ( 66.94938875305625459, -9.682029339853304606, 2.849999999999999645 ) ) ;
#3776 = SURFACE_STYLE_FILL_AREA ( #1088 ) ;
#3777 = CARTESIAN_POINT ( 'NONE',  ( -12.05061124694373120, -7.682029339853305494, -9.699999999999997513 ) ) ;
#3778 = FILL_AREA_STYLE_COLOUR ( '', #1375 ) ;
#3779 = CARTESIAN_POINT ( 'NONE',  ( 68.94938875305625459, -7.682029339853305494, 25.00000000000000000 ) ) ;
#3780 = MECHANICAL_DESIGN_GEOMETRIC_PRESENTATION_REPRESENTATION (  '', ( #1276 ), #933 ) ;
#3781 = DIRECTION ( 'NONE',  ( 1.000000000000000000, 0.000000000000000000, 0.000000000000000000 ) ) ;
#3782 = SURFACE_SIDE_STYLE ('',( #3334 ) ) ;
#3783 = ORIENTED_EDGE ( 'NONE', *, *, #979, .T. ) ;
#3784 = MECHANICAL_DESIGN_GEOMETRIC_PRESENTATION_REPRESENTATION (  '', ( #2856 ), #1691 ) ;
#3785 = LINE ( 'NONE', #4629, #2746 ) ;
#3786 = EDGE_CURVE ( 'NONE', #2336, #1213, #3567, .T. ) ;
#3787 =( GEOMETRIC_REPRESENTATION_CONTEXT ( 3 ) GLOBAL_UNCERTAINTY_ASSIGNED_CONTEXT ( ( #5073 ) ) GLOBAL_UNIT_ASSIGNED_CONTEXT ( ( #305, #1919, #3929 ) ) REPRESENTATION_CONTEXT ( 'NONE', 'WORKASPACE' ) );
#3788 = CARTESIAN_POINT ( 'NONE',  ( -90.70061124694372268, -20.33202933985330318, 68.85000000000002274 ) ) ;
#3789 = DIRECTION ( 'NONE',  ( 0.000000000000000000, -1.000000000000000000, 0.000000000000000000 ) ) ;
#3790 = AXIS2_PLACEMENT_3D ( 'NONE', #1765, #2893, #4183 ) ;
#3791 = EDGE_CURVE ( 'NONE', #434, #3550, #3487, .T. ) ;
#3792 = CARTESIAN_POINT ( 'NONE',  ( 146.0993887530563029, -21.68202933985330461, 69.85000000000002274 ) ) ;
#3793 = AXIS2_PLACEMENT_3D ( 'NONE', #248, #523, #2094 ) ;
#3794 = MECHANICAL_DESIGN_GEOMETRIC_PRESENTATION_REPRESENTATION (  '', ( #4043 ), #1543 ) ;
#3795 =( LENGTH_UNIT ( ) NAMED_UNIT ( * ) SI_UNIT ( .MILLI., .METRE. ) );
#3796 = FACE_OUTER_BOUND ( 'NONE', #1179, .T. ) ;
#3797 = LINE ( 'NONE', #1346, #4880 ) ;
#3798 = AXIS2_PLACEMENT_3D ( 'NONE', #590, #3041, #3377 ) ;
#3799 = EDGE_LOOP ( 'NONE', ( #5155, #2441, #4142, #3882 ) ) ;
#3800 = PRESENTATION_LAYER_ASSIGNMENT (  '', '', ( #56 ) ) ;
#3801 = ORIENTED_EDGE ( 'NONE', *, *, #4217, .T. ) ;
#3802 = ORIENTED_EDGE ( 'NONE', *, *, #3244, .F. ) ;
#3803 = AXIS2_PLACEMENT_3D ( 'NONE', #430, #2837, #4045 ) ;
#3804 = EDGE_LOOP ( 'NONE', ( #4613, #358, #3801, #1801, #1049, #1230, #741, #260, #3401, #2423, #2168, #1674 ) ) ;
#3805 = LINE ( 'NONE', #5013, #1253 ) ;
#3806 =( GEOMETRIC_REPRESENTATION_CONTEXT ( 3 ) GLOBAL_UNCERTAINTY_ASSIGNED_CONTEXT ( ( #2737 ) ) GLOBAL_UNIT_ASSIGNED_CONTEXT ( ( #3219, #2843, #4060 ) ) REPRESENTATION_CONTEXT ( 'NONE', 'WORKASPACE' ) );
#3807 =( NAMED_UNIT ( * ) SI_UNIT ( $, .STERADIAN. ) SOLID_ANGLE_UNIT ( ) );
#3808 = DIRECTION ( 'NONE',  ( 1.000000000000000000, 0.000000000000000000, 0.000000000000000000 ) ) ;
#3809 = AXIS2_PLACEMENT_3D ( 'NONE', #1955, #3954, #1549 ) ;
#3810 = CARTESIAN_POINT ( 'NONE',  ( 70.94938875305625459, -9.982029339853303540, -9.250000000000012434 ) ) ;
#3811 = AXIS2_PLACEMENT_3D ( 'NONE', #742, #2659, #4723 ) ;
#3812 = SURFACE_STYLE_USAGE ( .BOTH. , #2209 ) ;
#3813 = LINE ( 'NONE', #1427, #3735 ) ;
#3814 = FACE_OUTER_BOUND ( 'NONE', #1926, .T. ) ;
#3815 = AXIS2_PLACEMENT_3D ( 'NONE', #3824, #1697, #4689 ) ;
#3816 = STYLED_ITEM ( 'NONE', ( #2409 ), #228 ) ;
#3817 = SURFACE_STYLE_USAGE ( .BOTH. , #111 ) ;
#3818 =( NAMED_UNIT ( * ) PLANE_ANGLE_UNIT ( ) SI_UNIT ( $, .RADIAN. ) );
#3819 = ORIENTED_EDGE ( 'NONE', *, *, #4025, .F. ) ;
#3820 = ORIENTED_EDGE ( 'NONE', *, *, #2927, .T. ) ;
#3821 = DIRECTION ( 'NONE',  ( -1.000000000000000000, 0.000000000000000000, 0.000000000000000000 ) ) ;
#3822 = DIRECTION ( 'NONE',  ( 0.000000000000000000, 0.000000000000000000, 1.000000000000000000 ) ) ;
#3823 = LINE ( 'NONE', #4636, #1886 ) ;
#3824 = CARTESIAN_POINT ( 'NONE',  ( 69.94938875305625459, -8.682029339853306382, 24.99999999999998934 ) ) ;
#3825 =( NAMED_UNIT ( * ) PLANE_ANGLE_UNIT ( ) SI_UNIT ( $, .RADIAN. ) );
#3826 = DIRECTION ( 'NONE',  ( -0.000000000000000000, -1.000000000000000000, -0.000000000000000000 ) ) ;
#3827 = ORIENTED_EDGE ( 'NONE', *, *, #1486, .T. ) ;
#3828 = ADVANCED_FACE ( 'NONE', ( #3120 ), #3098, .T. ) ;
#3829 = PRESENTATION_LAYER_ASSIGNMENT (  '', '', ( #4755 ) ) ;
#3830 = ORIENTED_EDGE ( 'NONE', *, *, #2894, .F. ) ;
#3831 = ORIENTED_EDGE ( 'NONE', *, *, #730, .T. ) ;
#3832 = EDGE_LOOP ( 'NONE', ( #4076, #1888, #2155, #142 ) ) ;
#3833 = LINE ( 'NONE', #3455, #3251 ) ;
#3834 =( NAMED_UNIT ( * ) PLANE_ANGLE_UNIT ( ) SI_UNIT ( $, .RADIAN. ) );
#3835 = AXIS2_PLACEMENT_3D ( 'NONE', #1027, #3014, #289 ) ;
#3836 = CARTESIAN_POINT ( 'NONE',  ( 70.94938875305625459, -8.682029339853306382, 25.00000000000000000 ) ) ;
#3837 = EDGE_CURVE ( 'NONE', #2473, #4015, #1506, .T. ) ;
#3838 = CIRCLE ( 'NONE', #4841, 4.000000000000000000 ) ;
#3839 = DIRECTION ( 'NONE',  ( 0.000000000000000000, 0.000000000000000000, -1.000000000000000000 ) ) ;
#3840 = DIRECTION ( 'NONE',  ( -0.000000000000000000, -1.000000000000000000, -0.000000000000000000 ) ) ;
#3841 = SURFACE_STYLE_FILL_AREA ( #4576 ) ;
#3842 = SURFACE_STYLE_USAGE ( .BOTH. , #2241 ) ;
#3843 = CYLINDRICAL_SURFACE ( 'NONE', #769, 5.299999999999998934 ) ;
#3844 = CIRCLE ( 'NONE', #4931, 3.000000000000002665 ) ;
#3845 = CARTESIAN_POINT ( 'NONE',  ( 145.5993887530563029, -20.33202933985330318, 68.85000000000002274 ) ) ;
#3846 =( LENGTH_UNIT ( ) NAMED_UNIT ( * ) SI_UNIT ( .MILLI., .METRE. ) );
#3847 = FACE_OUTER_BOUND ( 'NONE', #2811, .T. ) ;
#3848 = VECTOR ( 'NONE', #1567, 1000.000000000000000 ) ;
#3849 = AXIS2_PLACEMENT_3D ( 'NONE', #1655, #4860, #1265 ) ;
#3850 = CARTESIAN_POINT ( 'NONE',  ( 65.94938875305625459, -7.682029339853305494, -27.99999999999999289 ) ) ;
#3851 = SURFACE_STYLE_USAGE ( .BOTH. , #2720 ) ;
#3852 = FILL_AREA_STYLE ('',( #2251 ) ) ;
#3853 = CARTESIAN_POINT ( 'NONE',  ( -7.550611246943700117, -12.68202933985330461, -26.49999999999999645 ) ) ;
#3854 = SURFACE_SIDE_STYLE ('',( #2165 ) ) ;
#3855 = ORIENTED_EDGE ( 'NONE', *, *, #2498, .F. ) ;
#3856 = UNCERTAINTY_MEASURE_WITH_UNIT (LENGTH_MEASURE( 1.000000000000000082E-05 ), #207, 'distance_accuracy_value', 'NONE');
#3857 = ORIENTED_EDGE ( 'NONE', *, *, #4323, .F. ) ;
#3858 = ORIENTED_EDGE ( 'NONE', *, *, #2453, .T. ) ;
#3859 = ORIENTED_EDGE ( 'NONE', *, *, #916, .T. ) ;
#3860 = FILL_AREA_STYLE_COLOUR ( '', #4772 ) ;
#3861 = SURFACE_SIDE_STYLE ('',( #5038 ) ) ;
#3862 = DIRECTION ( 'NONE',  ( -0.000000000000000000, -1.000000000000000000, -0.000000000000000000 ) ) ;
#3863 = EDGE_CURVE ( 'NONE', #3935, #1101, #917, .T. ) ;
#3864 = CARTESIAN_POINT ( 'NONE',  ( 65.94938875305625459, -10.68202933985330461, 25.00000000000000000 ) ) ;
#3865 = UNCERTAINTY_MEASURE_WITH_UNIT (LENGTH_MEASURE( 1.000000000000000082E-05 ), #2077, 'distance_accuracy_value', 'NONE');
#3866 = ADVANCED_FACE ( 'NONE', ( #3324 ), #4517, .T. ) ;
#3867 = CARTESIAN_POINT ( 'NONE',  ( -7.550611246943700117, -13.83202933985330318, -27.00000000000000000 ) ) ;
#3868 =( NAMED_UNIT ( * ) SI_UNIT ( $, .STERADIAN. ) SOLID_ANGLE_UNIT ( ) );
#3869 = DIRECTION ( 'NONE',  ( 0.000000000000000000, -1.000000000000000000, 0.000000000000000000 ) ) ;
#3870 = DIRECTION ( 'NONE',  ( 0.000000000000000000, -0.000000000000000000, -1.000000000000000000 ) ) ;
#3871 = EDGE_CURVE ( 'NONE', #3974, #5012, #157, .T. ) ;
#3872 = ORIENTED_EDGE ( 'NONE', *, *, #2966, .T. ) ;
#3873 = LINE ( 'NONE', #3497, #379 ) ;
#3874 = DIRECTION ( 'NONE',  ( 0.000000000000000000, 0.000000000000000000, -1.000000000000000000 ) ) ;
#3875 = PRESENTATION_LAYER_ASSIGNMENT (  '', '', ( #2939 ) ) ;
#3876 = COLOUR_RGB ( '',1.000000000000000000, 1.000000000000000000, 1.000000000000000000 ) ;
#3877 = SURFACE_SIDE_STYLE ('',( #1819 ) ) ;
#3878 = CARTESIAN_POINT ( 'NONE',  ( -7.550611246943721433, -12.68202933985330461, 21.50000000000000000 ) ) ;
#3879 = ORIENTED_EDGE ( 'NONE', *, *, #1808, .F. ) ;
#3880 = AXIS2_PLACEMENT_3D ( 'NONE', #1705, #918, #537 ) ;
#3881 = AXIS2_PLACEMENT_3D ( 'NONE', #1818, #634, #2224 ) ;
#3882 = ORIENTED_EDGE ( 'NONE', *, *, #474, .T. ) ;
#3883 = ORIENTED_EDGE ( 'NONE', *, *, #4379, .F. ) ;
#3884 = DIRECTION ( 'NONE',  ( -1.000000000000000000, 0.000000000000000000, -0.000000000000000000 ) ) ;
#3885 = CARTESIAN_POINT ( 'NONE',  ( 146.5993887530562745, -21.18202933985330461, -75.14999999999999147 ) ) ;
#3886 = COLOUR_RGB ( '',1.000000000000000000, 1.000000000000000000, 1.000000000000000000 ) ;
#3887 = MECHANICAL_DESIGN_GEOMETRIC_PRESENTATION_REPRESENTATION (  '', ( #56 ), #4048 ) ;
#3888 = CIRCLE ( 'NONE', #867, 0.5000000000000004441 ) ;
#3889 = EDGE_CURVE ( 'NONE', #2336, #4695, #1350, .T. ) ;
#3890 = MECHANICAL_DESIGN_GEOMETRIC_PRESENTATION_REPRESENTATION (  '', ( #4553 ), #3622 ) ;
#3891 = FACE_OUTER_BOUND ( 'NONE', #608, .T. ) ;
#3892 =( NAMED_UNIT ( * ) SI_UNIT ( $, .STERADIAN. ) SOLID_ANGLE_UNIT ( ) );
#3893 = AXIS2_PLACEMENT_3D ( 'NONE', #4164, #4220, #1347 ) ;
#3894 = DIRECTION ( 'NONE',  ( -0.000000000000000000, -1.000000000000000000, -0.000000000000000000 ) ) ;
#3895 = COLOUR_RGB ( '',1.000000000000000000, 1.000000000000000000, 1.000000000000000000 ) ;
#3896 = VECTOR ( 'NONE', #560, 1000.000000000000000 ) ;
#3897 = SURFACE_SIDE_STYLE ('',( #2299 ) ) ;
#3898 = PRESENTATION_LAYER_ASSIGNMENT (  '', '', ( #4565 ) ) ;
#3899 = EDGE_CURVE ( 'NONE', #1700, #4917, #2928, .T. ) ;
#3900 = STYLED_ITEM ( 'NONE', ( #1861 ), #908 ) ;
#3901 = VECTOR ( 'NONE', #1954, 1000.000000000000000 ) ;
#3902 = CARTESIAN_POINT ( 'NONE',  ( -84.90061124694369710, -16.33202933985330318, -71.34999999999999432 ) ) ;
#3903 = ORIENTED_EDGE ( 'NONE', *, *, #97, .F. ) ;
#3904 = DIRECTION ( 'NONE',  ( -0.000000000000000000, 1.000000000000000000, 0.000000000000000000 ) ) ;
#3905 = FILL_AREA_STYLE ('',( #5128 ) ) ;
#3906 = EDGE_CURVE ( 'NONE', #1652, #3935, #4540, .T. ) ;
#3907 = DIRECTION ( 'NONE',  ( -0.000000000000000000, -1.000000000000000000, -0.000000000000000000 ) ) ;
#3908 = SURFACE_SIDE_STYLE ('',( #1075 ) ) ;
#3909 = DIRECTION ( 'NONE',  ( 0.000000000000000000, 0.000000000000000000, -1.000000000000000000 ) ) ;
#3910 = ORIENTED_EDGE ( 'NONE', *, *, #1331, .F. ) ;
#3911 = UNCERTAINTY_MEASURE_WITH_UNIT (LENGTH_MEASURE( 1.000000000000000082E-05 ), #2404, 'distance_accuracy_value', 'NONE');
#3912 = ORIENTED_EDGE ( 'NONE', *, *, #12, .F. ) ;
#3913 = ORIENTED_EDGE ( 'NONE', *, *, #692, .F. ) ;
#3914 = SURFACE_SIDE_STYLE ('',( #2702 ) ) ;
#3915 = SURFACE_SIDE_STYLE ('',( #4778 ) ) ;
#3916 = DIRECTION ( 'NONE',  ( 0.000000000000000000, 0.000000000000000000, -1.000000000000000000 ) ) ;
#3917 = MECHANICAL_DESIGN_GEOMETRIC_PRESENTATION_REPRESENTATION (  '', ( #2578 ), #851 ) ;
#3918 = ORIENTED_EDGE ( 'NONE', *, *, #2945, .T. ) ;
#3919 = CARTESIAN_POINT ( 'NONE',  ( 141.2993887530563200, -12.68202933985330461, 73.15000000000001990 ) ) ;
#3920 = UNCERTAINTY_MEASURE_WITH_UNIT (LENGTH_MEASURE( 1.000000000000000082E-05 ), #2661, 'distance_accuracy_value', 'NONE');
#3921 = DIRECTION ( 'NONE',  ( -1.000000000000000000, 0.000000000000000000, 3.227392513445228234E-16 ) ) ;
#3922 = FACE_OUTER_BOUND ( 'NONE', #3804, .T. ) ;
#3923 = COLOUR_RGB ( '',1.000000000000000000, 1.000000000000000000, 1.000000000000000000 ) ;
#3924 = CARTESIAN_POINT ( 'NONE',  ( -11.05061124694373831, -8.682029339853306382, -29.99999999999999289 ) ) ;
#3925 =( GEOMETRIC_REPRESENTATION_CONTEXT ( 3 ) GLOBAL_UNCERTAINTY_ASSIGNED_CONTEXT ( ( #4943 ) ) GLOBAL_UNIT_ASSIGNED_CONTEXT ( ( #2272, #1865, #2246 ) ) REPRESENTATION_CONTEXT ( 'NONE', 'WORKASPACE' ) );
#3926 = EDGE_LOOP ( 'NONE', ( #1745, #3934, #891, #4364 ) ) ;
#3927 = EDGE_CURVE ( 'NONE', #1256, #2198, #4885, .T. ) ;
#3928 = DIRECTION ( 'NONE',  ( -1.000000000000000000, -0.000000000000000000, -0.000000000000000000 ) ) ;
#3929 =( NAMED_UNIT ( * ) SI_UNIT ( $, .STERADIAN. ) SOLID_ANGLE_UNIT ( ) );
#3930 = EDGE_CURVE ( 'NONE', #3528, #4537, #2596, .T. ) ;
#3931 = VECTOR ( 'NONE', #1241, 1000.000000000000000 ) ;
#3932 = PLANE ( 'NONE',  #2264 ) ;
#3933 = LINE ( 'NONE', #1473, #1389 ) ;
#3934 = ORIENTED_EDGE ( 'NONE', *, *, #474, .F. ) ;
#3935 = VERTEX_POINT ( 'NONE', #4091 ) ;
#3936 = ORIENTED_EDGE ( 'NONE', *, *, #4884, .T. ) ;
#3937 = CARTESIAN_POINT ( 'NONE',  ( 69.94938875305625459, -8.682029339853306382, 24.99999999999998934 ) ) ;
#3938 =( LENGTH_UNIT ( ) NAMED_UNIT ( * ) SI_UNIT ( .MILLI., .METRE. ) );
#3939 = DIRECTION ( 'NONE',  ( 1.387778780781445922E-16, 7.542275982507859119E-16, 1.000000000000000000 ) ) ;
#3940 = FILL_AREA_STYLE ('',( #1177 ) ) ;
#3941 = AXIS2_PLACEMENT_3D ( 'NONE', #234, #934, #1396 ) ;
#3942 = ORIENTED_EDGE ( 'NONE', *, *, #2335, .F. ) ;
#3943 =( LENGTH_UNIT ( ) NAMED_UNIT ( * ) SI_UNIT ( .MILLI., .METRE. ) );
#3944 = SURFACE_STYLE_USAGE ( .BOTH. , #4259 ) ;
#3945 =( NAMED_UNIT ( * ) SI_UNIT ( $, .STERADIAN. ) SOLID_ANGLE_UNIT ( ) );
#3946 = CARTESIAN_POINT ( 'NONE',  ( 140.2993887530563200, -20.33202933985330318, 74.15000000000001990 ) ) ;
#3947 = DIRECTION ( 'NONE',  ( 0.000000000000000000, 0.000000000000000000, -1.000000000000000000 ) ) ;
#3948 =( LENGTH_UNIT ( ) NAMED_UNIT ( * ) SI_UNIT ( .MILLI., .METRE. ) );
#3949 = EDGE_CURVE ( 'NONE', #4681, #573, #4429, .T. ) ;
#3950 = CARTESIAN_POINT ( 'NONE',  ( 62.44938875305624038, -12.68202933985330461, 26.49999999999999645 ) ) ;
#3951 = DIRECTION ( 'NONE',  ( -0.000000000000000000, -1.000000000000000000, -0.000000000000000000 ) ) ;
#3952 = CARTESIAN_POINT ( 'NONE',  ( 65.94938875305625459, -12.68202933985330461, 25.00000000000000000 ) ) ;
#3953 =( GEOMETRIC_REPRESENTATION_CONTEXT ( 3 ) GLOBAL_UNCERTAINTY_ASSIGNED_CONTEXT ( ( #5119 ) ) GLOBAL_UNIT_ASSIGNED_CONTEXT ( ( #3380, #2236, #2559 ) ) REPRESENTATION_CONTEXT ( 'NONE', 'WORKASPACE' ) );
#3954 = DIRECTION ( 'NONE',  ( -0.000000000000000000, -1.000000000000000000, -0.000000000000000000 ) ) ;
#3955 = ORIENTED_EDGE ( 'NONE', *, *, #928, .T. ) ;
#3956 = CIRCLE ( 'NONE', #121, 1.000000000000000888 ) ;
#3957 = VERTEX_POINT ( 'NONE', #444 ) ;
#3958 = PRESENTATION_LAYER_ASSIGNMENT (  '', '', ( #4450 ) ) ;
#3959 = LINE ( 'NONE', #413, #1570 ) ;
#3960 = COLOUR_RGB ( '',1.000000000000000000, 1.000000000000000000, 1.000000000000000000 ) ;
#3961 = FACE_OUTER_BOUND ( 'NONE', #2730, .T. ) ;
#3962 = CARTESIAN_POINT ( 'NONE',  ( -85.40061124694368289, -20.33202933985330318, 74.15000000000001990 ) ) ;
#3963 =( GEOMETRIC_REPRESENTATION_CONTEXT ( 3 ) GLOBAL_UNCERTAINTY_ASSIGNED_CONTEXT ( ( #1107 ) ) GLOBAL_UNIT_ASSIGNED_CONTEXT ( ( #2445, #4886, #4920 ) ) REPRESENTATION_CONTEXT ( 'NONE', 'WORKASPACE' ) );
#3964 = ORIENTED_EDGE ( 'NONE', *, *, #3473, .F. ) ;
#3965 =( NAMED_UNIT ( * ) PLANE_ANGLE_UNIT ( ) SI_UNIT ( $, .RADIAN. ) );
#3966 = SURFACE_SIDE_STYLE ('',( #4339 ) ) ;
#3967 = CIRCLE ( 'NONE', #5143, 5.299999999999998934 ) ;
#3968 = UNCERTAINTY_MEASURE_WITH_UNIT (LENGTH_MEASURE( 1.000000000000000082E-05 ), #3594, 'distance_accuracy_value', 'NONE');
#3969 = PRESENTATION_STYLE_ASSIGNMENT (( #2348 ) ) ;
#3970 = AXIS2_PLACEMENT_3D ( 'NONE', #268, #4544, #4574 ) ;
#3971 = COLOUR_RGB ( '',1.000000000000000000, 1.000000000000000000, 1.000000000000000000 ) ;
#3972 = DIRECTION ( 'NONE',  ( 1.000000000000000000, -0.000000000000000000, 0.000000000000000000 ) ) ;
#3973 = AXIS2_PLACEMENT_3D ( 'NONE', #1951, #307, #4688 ) ;
#3974 = VERTEX_POINT ( 'NONE', #3682 ) ;
#3975 = CARTESIAN_POINT ( 'NONE',  ( -90.70061124694373689, -21.68202933985330461, -68.84999999999999432 ) ) ;
#3976 = CIRCLE ( 'NONE', #2950, 4.999999999999997335 ) ;
#3977 = PRESENTATION_STYLE_ASSIGNMENT (( #4302 ) ) ;
#3978 = AXIS2_PLACEMENT_3D ( 'NONE', #3160, #453, #780 ) ;
#3979 = MECHANICAL_DESIGN_GEOMETRIC_PRESENTATION_REPRESENTATION (  '', ( #2489 ), #1036 ) ;
#3980 = CARTESIAN_POINT ( 'NONE',  ( 68.94938875305625459, -7.682029339853305494, -24.99999999999999289 ) ) ;
#3981 = DIRECTION ( 'NONE',  ( -0.000000000000000000, 1.000000000000000000, -0.000000000000000000 ) ) ;
#3982 = ORIENTED_EDGE ( 'NONE', *, *, #170, .T. ) ;
#3983 = ORIENTED_EDGE ( 'NONE', *, *, #813, .T. ) ;
#3984 = FACE_OUTER_BOUND ( 'NONE', #1668, .T. ) ;
#3985 = PRESENTATION_STYLE_ASSIGNMENT (( #2395 ) ) ;
#3986 = DIRECTION ( 'NONE',  ( 0.000000000000000000, 0.000000000000000000, -1.000000000000000000 ) ) ;
#3987 = FACE_OUTER_BOUND ( 'NONE', #3799, .T. ) ;
#3988 = EDGE_CURVE ( 'NONE', #609, #955, #4834, .T. ) ;
#3989 = EDGE_LOOP ( 'NONE', ( #4728, #3008, #3107, #2748 ) ) ;
#3990 = ORIENTED_EDGE ( 'NONE', *, *, #753, .T. ) ;
#3991 = DIRECTION ( 'NONE',  ( 0.000000000000000000, 0.000000000000000000, 1.000000000000000000 ) ) ;
#3992 = CARTESIAN_POINT ( 'NONE',  ( -84.90061124694371131, -15.16045646459949303, -71.34999999999999432 ) ) ;
#3993 =( NAMED_UNIT ( * ) PLANE_ANGLE_UNIT ( ) SI_UNIT ( $, .RADIAN. ) );
#3994 = EDGE_CURVE ( 'NONE', #3067, #465, #1422, .T. ) ;
#3995 = COLOUR_RGB ( '',1.000000000000000000, 1.000000000000000000, 1.000000000000000000 ) ;
#3996 =( NAMED_UNIT ( * ) PLANE_ANGLE_UNIT ( ) SI_UNIT ( $, .RADIAN. ) );
#3997 = EDGE_CURVE ( 'NONE', #4681, #3695, #3502, .T. ) ;
#3998 = PRESENTATION_LAYER_ASSIGNMENT (  '', '', ( #3411 ) ) ;
#3999 = DIRECTION ( 'NONE',  ( -1.000000000000000000, 0.000000000000000000, -9.725149129512580722E-17 ) ) ;
#4000 =( LENGTH_UNIT ( ) NAMED_UNIT ( * ) SI_UNIT ( .MILLI., .METRE. ) );
#4001 = ORIENTED_EDGE ( 'NONE', *, *, #4078, .F. ) ;
#4002 = MECHANICAL_DESIGN_GEOMETRIC_PRESENTATION_REPRESENTATION (  '', ( #4258 ), #2511 ) ;
#4003 = CARTESIAN_POINT ( 'NONE',  ( -12.05061124694373120, -9.682029339853301053, 0.000000000000000000 ) ) ;
#4004 = SURFACE_SIDE_STYLE ('',( #2415 ) ) ;
#4005 = STYLED_ITEM ( 'NONE', ( #2043 ), #3677 ) ;
#4006 = DIRECTION ( 'NONE',  ( 0.000000000000000000, 1.000000000000000000, 0.000000000000000000 ) ) ;
#4007 = ORIENTED_EDGE ( 'NONE', *, *, #1800, .T. ) ;
#4008 = FILL_AREA_STYLE_COLOUR ( '', #3312 ) ;
#4009 = VECTOR ( 'NONE', #3347, 1000.000000000000000 ) ;
#4010 = FACE_OUTER_BOUND ( 'NONE', #4111, .T. ) ;
#4011 =( NAMED_UNIT ( * ) SI_UNIT ( $, .STERADIAN. ) SOLID_ANGLE_UNIT ( ) );
#4012 = SURFACE_SIDE_STYLE ('',( #4508 ) ) ;
#4013 = SURFACE_SIDE_STYLE ('',( #2422 ) ) ;
#4014 = COLOUR_RGB ( '',1.000000000000000000, 1.000000000000000000, 1.000000000000000000 ) ;
#4015 = VERTEX_POINT ( 'NONE', #4452 ) ;
#4016 = EDGE_CURVE ( 'NONE', #789, #4844, #4353, .T. ) ;
#4017 = UNCERTAINTY_MEASURE_WITH_UNIT (LENGTH_MEASURE( 1.000000000000000082E-05 ), #4608, 'distance_accuracy_value', 'NONE');
#4018 = LINE ( 'NONE', #866, #35 ) ;
#4019 = DIRECTION ( 'NONE',  ( -1.000000000000000000, 0.000000000000000000, 0.000000000000000000 ) ) ;
#4020 = EDGE_CURVE ( 'NONE', #2543, #90, #3661, .T. ) ;
#4021 = CARTESIAN_POINT ( 'NONE',  ( -86.40061124694372552, -12.68202933985330461, -73.14999999999999147 ) ) ;
#4022 = SURFACE_STYLE_USAGE ( .BOTH. , #186 ) ;
#4023 =( LENGTH_UNIT ( ) NAMED_UNIT ( * ) SI_UNIT ( .MILLI., .METRE. ) );
#4024 = DIRECTION ( 'NONE',  ( -1.387778780781445922E-16, 0.000000000000000000, -1.000000000000000000 ) ) ;
#4025 = EDGE_CURVE ( 'NONE', #2132, #4973, #4997, .T. ) ;
#4026 = CARTESIAN_POINT ( 'NONE',  ( -11.05061124694373120, -8.682029339853306382, 29.00000000000000000 ) ) ;
#4027 = MECHANICAL_DESIGN_GEOMETRIC_PRESENTATION_REPRESENTATION (  '', ( #4365 ), #2438 ) ;
#4028 = SURFACE_SIDE_STYLE ('',( #2493 ) ) ;
#4029 = ORIENTED_EDGE ( 'NONE', *, *, #875, .F. ) ;
#4030 = VERTEX_POINT ( 'NONE', #2260 ) ;
#4031 = LINE ( 'NONE', #1286, #2208 ) ;
#4032 = PLANE ( 'NONE',  #4905 ) ;
#4033 = VECTOR ( 'NONE', #3305, 1000.000000000000000 ) ;
#4034 = FILL_AREA_STYLE_COLOUR ( '', #1687 ) ;
#4035 =( NAMED_UNIT ( * ) PLANE_ANGLE_UNIT ( ) SI_UNIT ( $, .RADIAN. ) );
#4036 = VERTEX_POINT ( 'NONE', #1372 ) ;
#4037 = VECTOR ( 'NONE', #1248, 1000.000000000000000 ) ;
#4038 =( LENGTH_UNIT ( ) NAMED_UNIT ( * ) SI_UNIT ( .MILLI., .METRE. ) );
#4039 = PRESENTATION_LAYER_ASSIGNMENT (  '', '', ( #2018 ) ) ;
#4040 = CIRCLE ( 'NONE', #4797, 3.299999999999997158 ) ;
#4041 = ADVANCED_FACE ( 'NONE', ( #2986 ), #2960, .F. ) ;
#4042 =( GEOMETRIC_REPRESENTATION_CONTEXT ( 3 ) GLOBAL_UNCERTAINTY_ASSIGNED_CONTEXT ( ( #1057 ) ) GLOBAL_UNIT_ASSIGNED_CONTEXT ( ( #468, #1730, #2830 ) ) REPRESENTATION_CONTEXT ( 'NONE', 'WORKASPACE' ) );
#4043 = STYLED_ITEM ( 'NONE', ( #137 ), #1918 ) ;
#4044 = VECTOR ( 'NONE', #1136, 1000.000000000000000 ) ;
#4045 = DIRECTION ( 'NONE',  ( 0.000000000000000000, 0.000000000000000000, -1.000000000000000000 ) ) ;
#4046 =( NAMED_UNIT ( * ) SI_UNIT ( $, .STERADIAN. ) SOLID_ANGLE_UNIT ( ) );
#4047 = EDGE_CURVE ( 'NONE', #4063, #767, #3833, .T. ) ;
#4048 =( GEOMETRIC_REPRESENTATION_CONTEXT ( 3 ) GLOBAL_UNCERTAINTY_ASSIGNED_CONTEXT ( ( #4807 ) ) GLOBAL_UNIT_ASSIGNED_CONTEXT ( ( #2469, #48, #815 ) ) REPRESENTATION_CONTEXT ( 'NONE', 'WORKASPACE' ) );
#4049 = PRESENTATION_LAYER_ASSIGNMENT (  '', '', ( #2214 ) ) ;
#4050 = DIRECTION ( 'NONE',  ( -0.000000000000000000, -1.000000000000000000, -0.000000000000000000 ) ) ;
#4051 = VERTEX_POINT ( 'NONE', #1444 ) ;
#4052 = CIRCLE ( 'NONE', #1301, 5.299999999999998934 ) ;
#4053 = MECHANICAL_DESIGN_GEOMETRIC_PRESENTATION_REPRESENTATION (  '', ( #1133 ), #1475 ) ;
#4054 = SURFACE_STYLE_USAGE ( .BOTH. , #4004 ) ;
#4055 = EDGE_CURVE ( 'NONE', #2471, #3528, #5068, .T. ) ;
#4056 = DIRECTION ( 'NONE',  ( 1.846678351006580810E-16, -0.000000000000000000, 1.000000000000000000 ) ) ;
#4057 = PRESENTATION_LAYER_ASSIGNMENT (  '', '', ( #1045 ) ) ;
#4058 = VECTOR ( 'NONE', #4206, 1000.000000000000000 ) ;
#4059 = ORIENTED_EDGE ( 'NONE', *, *, #1492, .T. ) ;
#4060 =( NAMED_UNIT ( * ) SI_UNIT ( $, .STERADIAN. ) SOLID_ANGLE_UNIT ( ) );
#4061 = SURFACE_STYLE_FILL_AREA ( #3167 ) ;
#4062 = FILL_AREA_STYLE_COLOUR ( '', #3545 ) ;
#4063 = VERTEX_POINT ( 'NONE', #3744 ) ;
#4064 = VERTEX_POINT ( 'NONE', #2604 ) ;
#4065 = DIRECTION ( 'NONE',  ( -0.000000000000000000, 1.000000000000000000, -0.000000000000000000 ) ) ;
#4066 = DIRECTION ( 'NONE',  ( 1.000000000000000000, 0.000000000000000000, 0.000000000000000000 ) ) ;
#4067 = UNCERTAINTY_MEASURE_WITH_UNIT (LENGTH_MEASURE( 1.000000000000000082E-05 ), #4237, 'distance_accuracy_value', 'NONE');
#4068 = PRESENTATION_STYLE_ASSIGNMENT (( #771 ) ) ;
#4069 = PRESENTATION_STYLE_ASSIGNMENT (( #1326 ) ) ;
#4070 = SURFACE_STYLE_FILL_AREA ( #163 ) ;
#4071 = DIRECTION ( 'NONE',  ( -1.000000000000000000, 0.000000000000000000, 0.000000000000000000 ) ) ;
#4072 = DIRECTION ( 'NONE',  ( 0.000000000000000000, 0.000000000000000000, -1.000000000000000000 ) ) ;
#4074 = ORIENTED_EDGE ( 'NONE', *, *, #1967, .T. ) ;
#4073 = COLOUR_RGB ( '',1.000000000000000000, 1.000000000000000000, 1.000000000000000000 ) ;
#4075 = SURFACE_STYLE_USAGE ( .BOTH. , #877 ) ;
#4076 = ORIENTED_EDGE ( 'NONE', *, *, #1556, .F. ) ;
#4077 = DIRECTION ( 'NONE',  ( 0.000000000000000000, 0.000000000000000000, 1.000000000000000000 ) ) ;
#4078 = EDGE_CURVE ( 'NONE', #4190, #2501, #3805, .T. ) ;
#4079 = ORIENTED_EDGE ( 'NONE', *, *, #3863, .T. ) ;
#4080 = SURFACE_STYLE_USAGE ( .BOTH. , #3650 ) ;
#4081 = CARTESIAN_POINT ( 'NONE',  ( 62.44938875305623327, -13.83202933985330318, 27.00000000000000000 ) ) ;
#4082 = CIRCLE ( 'NONE', #2505, 4.799999999999998934 ) ;
#4083 = ORIENTED_EDGE ( 'NONE', *, *, #3269, .T. ) ;
#4084 = EDGE_CURVE ( 'NONE', #1646, #1370, #3010, .T. ) ;
#4085 =( LENGTH_UNIT ( ) NAMED_UNIT ( * ) SI_UNIT ( .MILLI., .METRE. ) );
#4086 = CARTESIAN_POINT ( 'NONE',  ( -11.05061124694373831, -7.682029339853305494, -29.99999999999999645 ) ) ;
#4087 = CARTESIAN_POINT ( 'NONE',  ( 145.5993887530562745, -21.68202933985330461, -68.84999999999999432 ) ) ;
#4088 = ORIENTED_EDGE ( 'NONE', *, *, #2831, .F. ) ;
#4089 = ORIENTED_EDGE ( 'NONE', *, *, #2740, .F. ) ;
#4090 = ORIENTED_EDGE ( 'NONE', *, *, #4951, .T. ) ;
#4091 = CARTESIAN_POINT ( 'NONE',  ( 68.94938875305625459, -7.682029339853305494, 15.75000000000000355 ) ) ;
#4092 = LINE ( 'NONE', #183, #3450 ) ;
#4093 = DIRECTION ( 'NONE',  ( 0.000000000000000000, 0.000000000000000000, 1.000000000000000000 ) ) ;
#4094 = CYLINDRICAL_SURFACE ( 'NONE', #4876, 0.5000000000000004441 ) ;
#4095 = FILL_AREA_STYLE_COLOUR ( '', #992 ) ;
#4096 = FACE_OUTER_BOUND ( 'NONE', #1314, .T. ) ;
#4097 = VERTEX_POINT ( 'NONE', #4614 ) ;
#4098 = LINE ( 'NONE', #550, #171 ) ;
#4099 =( LENGTH_UNIT ( ) NAMED_UNIT ( * ) SI_UNIT ( .MILLI., .METRE. ) );
#4100 = ADVANCED_FACE ( 'NONE', ( #1082 ), #2234, .T. ) ;
#4101 = ORIENTED_EDGE ( 'NONE', *, *, #4724, .T. ) ;
#4102 = CARTESIAN_POINT ( 'NONE',  ( 141.2993887530563200, -21.18202933985330461, 74.65000000000001990 ) ) ;
#4103 = CARTESIAN_POINT ( 'NONE',  ( 141.2993887530563200, -21.18202933985330461, 69.85000000000002274 ) ) ;
#4104 = CARTESIAN_POINT ( 'NONE',  ( -11.05061124694373831, -12.68202933985330461, -31.99999999999999289 ) ) ;
#4105 = DIRECTION ( 'NONE',  ( -1.000000000000000000, -0.000000000000000000, -0.000000000000000000 ) ) ;
#4106 =( GEOMETRIC_REPRESENTATION_CONTEXT ( 3 ) GLOBAL_UNCERTAINTY_ASSIGNED_CONTEXT ( ( #1090 ) ) GLOBAL_UNIT_ASSIGNED_CONTEXT ( ( #4262, #4236, #673 ) ) REPRESENTATION_CONTEXT ( 'NONE', 'WORKASPACE' ) );
#4107 = CARTESIAN_POINT ( 'NONE',  ( 141.2993887530562915, -21.18202933985330461, -69.84999999999999432 ) ) ;
#4108 = ORIENTED_EDGE ( 'NONE', *, *, #4016, .F. ) ;
#4109 = EDGE_CURVE ( 'NONE', #3706, #4681, #4309, .T. ) ;
#4110 = EDGE_LOOP ( 'NONE', ( #1321, #3955, #4281, #606, #4165, #4204, #4869, #3604, #3936, #412, #410, #2629, #666, #2631, #4089, #1916 ) ) ;
#4111 = EDGE_LOOP ( 'NONE', ( #664, #4448, #795, #3354 ) ) ;
#4112 =( LENGTH_UNIT ( ) NAMED_UNIT ( * ) SI_UNIT ( .MILLI., .METRE. ) );
#4113 = PRESENTATION_LAYER_ASSIGNMENT (  '', '', ( #3023 ) ) ;
#4114 = DIRECTION ( 'NONE',  ( -0.000000000000000000, -1.000000000000000000, -0.000000000000000000 ) ) ;
#4115 = LINE ( 'NONE', #2850, #2786 ) ;
#4116 = CYLINDRICAL_SURFACE ( 'NONE', #1708, 2.000000000000001776 ) ;
#4117 = ADVANCED_FACE ( 'NONE', ( #3984 ), #1811, .T. ) ;
#4118 = TOROIDAL_SURFACE ( 'NONE', #1607, 6.999999999999995559, 2.000000000000000000 ) ;
#4119 = VECTOR ( 'NONE', #2998, 1000.000000000000000 ) ;
#4120 = SURFACE_STYLE_FILL_AREA ( #3250 ) ;
#4121 = PRESENTATION_LAYER_ASSIGNMENT (  '', '', ( #4795 ) ) ;
#4122 = DIRECTION ( 'NONE',  ( 0.000000000000000000, 1.000000000000000000, 0.000000000000000000 ) ) ;
#4123 = AXIS2_PLACEMENT_3D ( 'NONE', #3788, #3313, #576 ) ;
#4124 = CARTESIAN_POINT ( 'NONE',  ( 65.94938875305625459, -112.8069513123572278, 28.00000000000000355 ) ) ;
#4125 = VECTOR ( 'NONE', #1183, 1000.000000000000000 ) ;
#4126 = PRESENTATION_STYLE_ASSIGNMENT (( #220 ) ) ;
#4127 = VERTEX_POINT ( 'NONE', #4359 ) ;
#4128 = PRESENTATION_LAYER_ASSIGNMENT (  '', '', ( #4043 ) ) ;
#4129 = SURFACE_STYLE_USAGE ( .BOTH. , #3698 ) ;
#4130 = COLOUR_RGB ( '',1.000000000000000000, 1.000000000000000000, 1.000000000000000000 ) ;
#4131 = COLOUR_RGB ( '',1.000000000000000000, 1.000000000000000000, 1.000000000000000000 ) ;
#4132 =( NAMED_UNIT ( * ) SI_UNIT ( $, .STERADIAN. ) SOLID_ANGLE_UNIT ( ) );
#4133 = AXIS2_PLACEMENT_3D ( 'NONE', #1222, #3460, #1908 ) ;
#4134 = CIRCLE ( 'NONE', #1790, 1.000000000000000888 ) ;
#4135 = ORIENTED_EDGE ( 'NONE', *, *, #323, .F. ) ;
#4136 = CARTESIAN_POINT ( 'NONE',  ( -12.05061124694373120, -9.682029339853301053, 9.699999999999997513 ) ) ;
#4137 =( GEOMETRIC_REPRESENTATION_CONTEXT ( 3 ) GLOBAL_UNCERTAINTY_ASSIGNED_CONTEXT ( ( #467 ) ) GLOBAL_UNIT_ASSIGNED_CONTEXT ( ( #4956, #3316, #4505 ) ) REPRESENTATION_CONTEXT ( 'NONE', 'WORKASPACE' ) );
#4138 = CIRCLE ( 'NONE', #2472, 4.000000000000003553 ) ;
#4139 = CARTESIAN_POINT ( 'NONE',  ( 68.94938875305625459, -12.68202933985330993, -24.99999999999999289 ) ) ;
#4140 = CARTESIAN_POINT ( 'NONE',  ( 65.94938875305625459, -7.682029339853305494, 29.00000000000000000 ) ) ;
#4142 = ORIENTED_EDGE ( 'NONE', *, *, #5043, .F. ) ;
#4141 = AXIS2_PLACEMENT_3D ( 'NONE', #3254, #841, #10 ) ;
#4143 = VECTOR ( 'NONE', #2822, 1000.000000000000000 ) ;
#4144 = ORIENTED_EDGE ( 'NONE', *, *, #3530, .T. ) ;
#4145 = CARTESIAN_POINT ( 'NONE',  ( -7.550611246943700117, -21.68202933985330461, -26.49999999999999645 ) ) ;
#4146 = FILL_AREA_STYLE_COLOUR ( '', #4014 ) ;
#4147 = EDGE_CURVE ( 'NONE', #3089, #4097, #3959, .T. ) ;
#4148 = PRESENTATION_LAYER_ASSIGNMENT (  '', '', ( #3472 ) ) ;
#4149 = UNCERTAINTY_MEASURE_WITH_UNIT (LENGTH_MEASURE( 1.000000000000000082E-05 ), #2332, 'distance_accuracy_value', 'NONE');
#4150 = CARTESIAN_POINT ( 'NONE',  ( 27.44938875305626169, -12.68202933985330461, 0.000000000000000000 ) ) ;
#4151 = SURFACE_STYLE_FILL_AREA ( #3752 ) ;
#4152 = EDGE_CURVE ( 'NONE', #3451, #4153, #4721, .T. ) ;
#4153 = VERTEX_POINT ( 'NONE', #1978 ) ;
#4154 = PLANE ( 'NONE',  #3112 ) ;
#4155 = ORIENTED_EDGE ( 'NONE', *, *, #3837, .F. ) ;
#4156 = DIRECTION ( 'NONE',  ( 0.000000000000000000, 0.000000000000000000, 1.000000000000000000 ) ) ;
#4157 = AXIS2_PLACEMENT_3D ( 'NONE', #1696, #4827, #2053 ) ;
#4158 = FILL_AREA_STYLE ('',( #1744 ) ) ;
#4159 = VERTEX_POINT ( 'NONE', #714 ) ;
#4160 = SURFACE_SIDE_STYLE ('',( #1010 ) ) ;
#4161 =( LENGTH_UNIT ( ) NAMED_UNIT ( * ) SI_UNIT ( .MILLI., .METRE. ) );
#4162 = SURFACE_STYLE_USAGE ( .BOTH. , #2194 ) ;
#4163 =( GEOMETRIC_REPRESENTATION_CONTEXT ( 3 ) GLOBAL_UNCERTAINTY_ASSIGNED_CONTEXT ( ( #2207 ) ) GLOBAL_UNIT_ASSIGNED_CONTEXT ( ( #1466, #659, #1042 ) ) REPRESENTATION_CONTEXT ( 'NONE', 'WORKASPACE' ) );
#4164 = CARTESIAN_POINT ( 'NONE',  ( -11.05061124694373120, -10.68202933985330461, 32.00000000000000000 ) ) ;
#4165 = ORIENTED_EDGE ( 'NONE', *, *, #3416, .T. ) ;
#4166 = VERTEX_POINT ( 'NONE', #5140 ) ;
#4167 = SURFACE_STYLE_USAGE ( .BOTH. , #3861 ) ;
#4168 = CARTESIAN_POINT ( 'NONE',  ( -91.70061124694373689, -14.68202933985330461, -69.84999999999999432 ) ) ;
#4169 = COLOUR_RGB ( '',1.000000000000000000, 1.000000000000000000, 1.000000000000000000 ) ;
#4170 = ADVANCED_FACE ( 'NONE', ( #2316 ), #2680, .F. ) ;
#4171 = CARTESIAN_POINT ( 'NONE',  ( 65.94938875305625459, -8.682029339853306382, -24.99999999999999289 ) ) ;
#4172 = DIRECTION ( 'NONE',  ( -1.000000000000000000, 0.000000000000000000, -0.000000000000000000 ) ) ;
#4173 = CARTESIAN_POINT ( 'NONE',  ( 144.3993887530562574, -20.33202933985330318, 71.35000000000002274 ) ) ;
#4174 = PRESENTATION_LAYER_ASSIGNMENT (  '', '', ( #1587 ) ) ;
#4175 =( NAMED_UNIT ( * ) SI_UNIT ( $, .STERADIAN. ) SOLID_ANGLE_UNIT ( ) );
#4176 =( LENGTH_UNIT ( ) NAMED_UNIT ( * ) SI_UNIT ( .MILLI., .METRE. ) );
#4177 = ORIENTED_EDGE ( 'NONE', *, *, #1472, .T. ) ;
#4178 = SURFACE_STYLE_FILL_AREA ( #2590 ) ;
#4179 = EDGE_CURVE ( 'NONE', #1033, #1530, #411, .T. ) ;
#4180 = ORIENTED_EDGE ( 'NONE', *, *, #2733, .F. ) ;
#4181 = FILL_AREA_STYLE_COLOUR ( '', #2667 ) ;
#4182 = LINE ( 'NONE', #1356, #3723 ) ;
#4183 = DIRECTION ( 'NONE',  ( -9.233391755032904050E-17, 0.000000000000000000, -1.000000000000000000 ) ) ;
#4184 = CARTESIAN_POINT ( 'NONE',  ( -91.70061124694373689, -12.68202933985330461, -69.84999999999999432 ) ) ;
#4185 = EDGE_CURVE ( 'NONE', #1802, #5066, #854, .T. ) ;
#4186 = PLANE ( 'NONE',  #4546 ) ;
#4187 = DIRECTION ( 'NONE',  ( -1.846678351006580810E-16, 0.000000000000000000, -1.000000000000000000 ) ) ;
#4188 = CARTESIAN_POINT ( 'NONE',  ( -86.40061124694372552, -21.68202933985330461, -74.64999999999999147 ) ) ;
#4189 = FILL_AREA_STYLE_COLOUR ( '', #1205 ) ;
#4190 = VERTEX_POINT ( 'NONE', #115 ) ;
#4191 = ORIENTED_EDGE ( 'NONE', *, *, #1565, .F. ) ;
#4192 = ORIENTED_EDGE ( 'NONE', *, *, #1626, .F. ) ;
#4193 = ORIENTED_EDGE ( 'NONE', *, *, #1405, .F. ) ;
#4194 = SURFACE_STYLE_USAGE ( .BOTH. , #1803 ) ;
#4195 = DIRECTION ( 'NONE',  ( 1.000000000000000000, -0.000000000000000000, -0.000000000000000000 ) ) ;
#4196 = SURFACE_SIDE_STYLE ('',( #159 ) ) ;
#4197 = FACE_OUTER_BOUND ( 'NONE', #3373, .T. ) ;
#4198 =( GEOMETRIC_REPRESENTATION_CONTEXT ( 3 ) GLOBAL_UNCERTAINTY_ASSIGNED_CONTEXT ( ( #3073 ) ) GLOBAL_UNIT_ASSIGNED_CONTEXT ( ( #2321, #3517, #76 ) ) REPRESENTATION_CONTEXT ( 'NONE', 'WORKASPACE' ) );
#4199 = FACE_BOUND ( 'NONE', #3989, .T. ) ;
#4200 = DIRECTION ( 'NONE',  ( -9.725149129512581955E-17, -0.000000000000000000, 1.000000000000000000 ) ) ;
#4201 =( NAMED_UNIT ( * ) SI_UNIT ( $, .STERADIAN. ) SOLID_ANGLE_UNIT ( ) );
#4202 = PRESENTATION_LAYER_ASSIGNMENT (  '', '', ( #1276 ) ) ;
#4203 = FACE_OUTER_BOUND ( 'NONE', #1653, .T. ) ;
#4204 = ORIENTED_EDGE ( 'NONE', *, *, #3889, .F. ) ;
#4205 = MECHANICAL_DESIGN_GEOMETRIC_PRESENTATION_REPRESENTATION (  '', ( #3539 ), #3280 ) ;
#4206 = DIRECTION ( 'NONE',  ( 1.000000000000000000, 0.000000000000000000, 0.000000000000000000 ) ) ;
#4207 = EDGE_CURVE ( 'NONE', #4917, #4097, #2892, .T. ) ;
#4208 = AXIS2_PLACEMENT_3D ( 'NONE', #1269, #2935, #545 ) ;
#4209 = CYLINDRICAL_SURFACE ( 'NONE', #2454, 2.000000000000001776 ) ;
#4210 = DIRECTION ( 'NONE',  ( -1.000000000000000000, -0.000000000000000000, -0.000000000000000000 ) ) ;
#4211 = COLOUR_RGB ( '',1.000000000000000000, 1.000000000000000000, 1.000000000000000000 ) ;
#4212 = COLOUR_RGB ( '',1.000000000000000000, 1.000000000000000000, 1.000000000000000000 ) ;
#4213 = MECHANICAL_DESIGN_GEOMETRIC_PRESENTATION_REPRESENTATION (  '', ( #316 ), #1782 ) ;
#4214 = PRESENTATION_LAYER_ASSIGNMENT (  '', '', ( #3547 ) ) ;
#4215 = DIRECTION ( 'NONE',  ( 0.000000000000000000, 0.000000000000000000, -1.000000000000000000 ) ) ;
#4216 = SURFACE_SIDE_STYLE ('',( #4988 ) ) ;
#4217 = EDGE_CURVE ( 'NONE', #1497, #4528, #2519, .T. ) ;
#4218 = CARTESIAN_POINT ( 'NONE',  ( 27.44938875305626169, -12.68202933985330461, 32.00000000000000000 ) ) ;
#4219 = PRESENTATION_LAYER_ASSIGNMENT (  '', '', ( #1381 ) ) ;
#4220 = DIRECTION ( 'NONE',  ( 1.000000000000000000, -0.000000000000000000, 0.000000000000000000 ) ) ;
#4221 = VERTEX_POINT ( 'NONE', #508 ) ;
#4222 = AXIS2_PLACEMENT_3D ( 'NONE', #3034, #4642, #3766 ) ;
#4223 = VERTEX_POINT ( 'NONE', #2030 ) ;
#4224 = ORIENTED_EDGE ( 'NONE', *, *, #3988, .F. ) ;
#4225 = VECTOR ( 'NONE', #3054, 1000.000000000000000 ) ;
#4226 = CIRCLE ( 'NONE', #3627, 1.000000000000000888 ) ;
#4227 =( LENGTH_UNIT ( ) NAMED_UNIT ( * ) SI_UNIT ( .MILLI., .METRE. ) );
#4228 =( GEOMETRIC_REPRESENTATION_CONTEXT ( 3 ) GLOBAL_UNCERTAINTY_ASSIGNED_CONTEXT ( ( #2099 ) ) GLOBAL_UNIT_ASSIGNED_CONTEXT ( ( #3288, #1618, #2865 ) ) REPRESENTATION_CONTEXT ( 'NONE', 'WORKASPACE' ) );
#4229 = DIRECTION ( 'NONE',  ( 0.000000000000000000, 0.000000000000000000, 1.000000000000000000 ) ) ;
#4230 = MECHANICAL_DESIGN_GEOMETRIC_PRESENTATION_REPRESENTATION (  '', ( #3381 ), #2120 ) ;
#4231 = CARTESIAN_POINT ( 'NONE',  ( -7.550611246943734756, -12.68202933985330461, -21.50000000000000000 ) ) ;
#4232 = LINE ( 'NONE', #1809, #660 ) ;
#4233 = STYLED_ITEM ( 'NONE', ( #4273 ), #760 ) ;
#4234 = COLOUR_RGB ( '',1.000000000000000000, 1.000000000000000000, 1.000000000000000000 ) ;
#4235 = SURFACE_STYLE_FILL_AREA ( #3415 ) ;
#4236 =( NAMED_UNIT ( * ) PLANE_ANGLE_UNIT ( ) SI_UNIT ( $, .RADIAN. ) );
#4237 =( LENGTH_UNIT ( ) NAMED_UNIT ( * ) SI_UNIT ( .MILLI., .METRE. ) );
#4238 = FILL_AREA_STYLE ('',( #4659 ) ) ;
#4239 = DIRECTION ( 'NONE',  ( 0.000000000000000000, 0.000000000000000000, 1.000000000000000000 ) ) ;
#4240 = ORIENTED_EDGE ( 'NONE', *, *, #1100, .F. ) ;
#4241 = EDGE_CURVE ( 'NONE', #4250, #1479, #3238, .T. ) ;
#4242 = CARTESIAN_POINT ( 'NONE',  ( -11.05061124694373831, -7.682029339853305494, -24.99999999999999289 ) ) ;
#4243 = CIRCLE ( 'NONE', #2984, 2.999999999999995559 ) ;
#4244 = SURFACE_SIDE_STYLE ('',( #3341 ) ) ;
#4245 = FACE_OUTER_BOUND ( 'NONE', #3506, .T. ) ;
#4246 = PRESENTATION_STYLE_ASSIGNMENT (( #2357 ) ) ;
#4247 =( NAMED_UNIT ( * ) SI_UNIT ( $, .STERADIAN. ) SOLID_ANGLE_UNIT ( ) );
#4248 = ORIENTED_EDGE ( 'NONE', *, *, #3930, .T. ) ;
#4249 =( GEOMETRIC_REPRESENTATION_CONTEXT ( 3 ) GLOBAL_UNCERTAINTY_ASSIGNED_CONTEXT ( ( #1531 ) ) GLOBAL_UNIT_ASSIGNED_CONTEXT ( ( #2083, #3660, #2903 ) ) REPRESENTATION_CONTEXT ( 'NONE', 'WORKASPACE' ) );
#4250 = VERTEX_POINT ( 'NONE', #1315 ) ;
#4251 = ADVANCED_FACE ( 'NONE', ( #3602 ), #3707, .F. ) ;
#4252 = VERTEX_POINT ( 'NONE', #4398 ) ;
#4253 = SURFACE_STYLE_FILL_AREA ( #3431 ) ;
#4254 = DIRECTION ( 'NONE',  ( 1.000000000000000000, 0.000000000000000000, -1.846678351006581796E-16 ) ) ;
#4255 =( NAMED_UNIT ( * ) SI_UNIT ( $, .STERADIAN. ) SOLID_ANGLE_UNIT ( ) );
#4256 = FILL_AREA_STYLE_COLOUR ( '', #2621 ) ;
#4257 = EDGE_CURVE ( 'NONE', #4166, #1497, #886, .T. ) ;
#4258 = STYLED_ITEM ( 'NONE', ( #60 ), #3537 ) ;
#4259 = SURFACE_SIDE_STYLE ('',( #3776 ) ) ;
#4260 =( LENGTH_UNIT ( ) NAMED_UNIT ( * ) SI_UNIT ( .MILLI., .METRE. ) );
#4261 = LINE ( 'NONE', #2175, #4717 ) ;
#4262 =( LENGTH_UNIT ( ) NAMED_UNIT ( * ) SI_UNIT ( .MILLI., .METRE. ) );
#4263 = VECTOR ( 'NONE', #4741, 1000.000000000000000 ) ;
#4264 = PRESENTATION_STYLE_ASSIGNMENT (( #5023 ) ) ;
#4265 = DIRECTION ( 'NONE',  ( -1.768940761992185649E-16, 0.000000000000000000, -1.000000000000000000 ) ) ;
#4266 = COLOUR_RGB ( '',1.000000000000000000, 1.000000000000000000, 1.000000000000000000 ) ;
#4267 = SURFACE_SIDE_STYLE ('',( #2668 ) ) ;
#4268 = PRESENTATION_LAYER_ASSIGNMENT (  '', '', ( #3753 ) ) ;
#4269 = CARTESIAN_POINT ( 'NONE',  ( 65.94938875305625459, -10.68202933985330461, 25.00000000000000000 ) ) ;
#4270 = CARTESIAN_POINT ( 'NONE',  ( -11.05061124694373120, -7.682029339853305494, 25.00000000000000000 ) ) ;
#4271 = CARTESIAN_POINT ( 'NONE',  ( 141.2993887530563200, -21.18202933985330461, 69.85000000000002274 ) ) ;
#4272 = CARTESIAN_POINT ( 'NONE',  ( -85.40061124694372552, -20.33202933985330318, -68.84999999999999432 ) ) ;
#4273 = PRESENTATION_STYLE_ASSIGNMENT (( #4328 ) ) ;
#4274 = PLANE ( 'NONE',  #1280 ) ;
#4275 = ADVANCED_FACE ( 'NONE', ( #1623 ), #2418, .T. ) ;
#4276 = CARTESIAN_POINT ( 'NONE',  ( 68.94938875305625459, -9.982029339853301764, -9.250000000000014211 ) ) ;
#4277 = ORIENTED_EDGE ( 'NONE', *, *, #3248, .T. ) ;
#4278 = UNCERTAINTY_MEASURE_WITH_UNIT (LENGTH_MEASURE( 1.000000000000000082E-05 ), #3071, 'distance_accuracy_value', 'NONE');
#4279 = ORIENTED_EDGE ( 'NONE', *, *, #4625, .T. ) ;
#4280 = VECTOR ( 'NONE', #2104, 1000.000000000000000 ) ;
#4281 = ORIENTED_EDGE ( 'NONE', *, *, #3235, .T. ) ;
#4282 = ORIENTED_EDGE ( 'NONE', *, *, #4497, .T. ) ;
#4283 = DIRECTION ( 'NONE',  ( 0.000000000000000000, 0.000000000000000000, -1.000000000000000000 ) ) ;
#4284 = PRESENTATION_STYLE_ASSIGNMENT (( #4615 ) ) ;
#4285 = FILL_AREA_STYLE ('',( #2753 ) ) ;
#4286 = DIRECTION ( 'NONE',  ( -0.000000000000000000, -1.000000000000000000, -0.000000000000000000 ) ) ;
#4287 = DIRECTION ( 'NONE',  ( 0.000000000000000000, 0.000000000000000000, 1.000000000000000000 ) ) ;
#4288 = UNCERTAINTY_MEASURE_WITH_UNIT (LENGTH_MEASURE( 1.000000000000000082E-05 ), #5020, 'distance_accuracy_value', 'NONE');
#4289 = UNCERTAINTY_MEASURE_WITH_UNIT (LENGTH_MEASURE( 1.000000000000000082E-05 ), #4829, 'distance_accuracy_value', 'NONE');
#4290 = DIRECTION ( 'NONE',  ( -1.000000000000000000, 0.000000000000000000, 0.000000000000000000 ) ) ;
#4291 = EDGE_CURVE ( 'NONE', #1342, #533, #2650, .T. ) ;
#4292 = SURFACE_SIDE_STYLE ('',( #5121 ) ) ;
#4293 = COLOUR_RGB ( '',1.000000000000000000, 1.000000000000000000, 1.000000000000000000 ) ;
#4294 = SURFACE_STYLE_USAGE ( .BOTH. , #1064 ) ;
#4295 = CARTESIAN_POINT ( 'NONE',  ( -14.05061124694373476, -7.682029339853305494, 15.29999999999999716 ) ) ;
#4296 = EDGE_LOOP ( 'NONE', ( #4191, #3018, #4511, #4388 ) ) ;
#4297 = DIRECTION ( 'NONE',  ( 0.000000000000000000, -1.000000000000000000, 0.000000000000000000 ) ) ;
#4298 = FILL_AREA_STYLE ('',( #2693 ) ) ;
#4299 =( GEOMETRIC_REPRESENTATION_CONTEXT ( 3 ) GLOBAL_UNCERTAINTY_ASSIGNED_CONTEXT ( ( #1509 ) ) GLOBAL_UNIT_ASSIGNED_CONTEXT ( ( #5166, #4780, #2683 ) ) REPRESENTATION_CONTEXT ( 'NONE', 'WORKASPACE' ) );
#4300 =( GEOMETRIC_REPRESENTATION_CONTEXT ( 3 ) GLOBAL_UNCERTAINTY_ASSIGNED_CONTEXT ( ( #4908 ) ) GLOBAL_UNIT_ASSIGNED_CONTEXT ( ( #2974, #4974, #2126 ) ) REPRESENTATION_CONTEXT ( 'NONE', 'WORKASPACE' ) );
#4301 = CARTESIAN_POINT ( 'NONE',  ( 70.94938875305625459, -9.982029339853303540, -7.694892314666007599E-15 ) ) ;
#4302 = SURFACE_STYLE_USAGE ( .BOTH. , #2383 ) ;
#4303 = CIRCLE ( 'NONE', #1611, 4.999999999999997335 ) ;
#4304 = ORIENTED_EDGE ( 'NONE', *, *, #1215, .T. ) ;
#4305 = MECHANICAL_DESIGN_GEOMETRIC_PRESENTATION_REPRESENTATION (  '', ( #2635 ), #2375 ) ;
#4306 = ORIENTED_EDGE ( 'NONE', *, *, #1985, .T. ) ;
#4307 = VECTOR ( 'NONE', #3498, 1000.000000000000000 ) ;
#4308 = ORIENTED_EDGE ( 'NONE', *, *, #1615, .T. ) ;
#4309 = LINE ( 'NONE', #1157, #1746 ) ;
#4310 = PRESENTATION_STYLE_ASSIGNMENT (( #2363 ) ) ;
#4311 = AXIS2_PLACEMENT_3D ( 'NONE', #1805, #2681, #1373 ) ;
#4312 = CARTESIAN_POINT ( 'NONE',  ( 68.94938875305625459, -112.8069513123572278, 25.00000000000000000 ) ) ;
#4313 = AXIS2_PLACEMENT_3D ( 'NONE', #3263, #2808, #4877 ) ;
#4314 = STYLED_ITEM ( 'NONE', ( #4310 ), #482 ) ;
#4315 = CYLINDRICAL_SURFACE ( 'NONE', #4584, 5.299999999999998934 ) ;
#4316 = EDGE_CURVE ( 'NONE', #4166, #1213, #1417, .T. ) ;
#4317 =( NAMED_UNIT ( * ) PLANE_ANGLE_UNIT ( ) SI_UNIT ( $, .RADIAN. ) );
#4318 = COLOUR_RGB ( '',1.000000000000000000, 1.000000000000000000, 1.000000000000000000 ) ;
#4319 = PRESENTATION_STYLE_ASSIGNMENT (( #1987 ) ) ;
#4320 =( NAMED_UNIT ( * ) SI_UNIT ( $, .STERADIAN. ) SOLID_ANGLE_UNIT ( ) );
#4321 = CIRCLE ( 'NONE', #3452, 3.299999999999997158 ) ;
#4322 = CIRCLE ( 'NONE', #2042, 4.999999999999997335 ) ;
#4323 = EDGE_CURVE ( 'NONE', #2501, #1348, #4243, .T. ) ;
#4324 = DIRECTION ( 'NONE',  ( -1.000000000000000000, -0.000000000000000000, -0.000000000000000000 ) ) ;
#4325 = ORIENTED_EDGE ( 'NONE', *, *, #3597, .T. ) ;
#4326 = LINE ( 'NONE', #729, #4455 ) ;
#4327 = CARTESIAN_POINT ( 'NONE',  ( -18.05061124694373831, -12.68202933985330461, -24.99999999999999289 ) ) ;
#4328 = SURFACE_STYLE_USAGE ( .BOTH. , #2651 ) ;
#4329 = FILL_AREA_STYLE_COLOUR ( '', #719 ) ;
#4330 = VERTEX_POINT ( 'NONE', #4136 ) ;
#4331 = ORIENTED_EDGE ( 'NONE', *, *, #4992, .T. ) ;
#4332 = VERTEX_POINT ( 'NONE', #661 ) ;
#4333 = EDGE_LOOP ( 'NONE', ( #5081, #1411, #599, #3879 ) ) ;
#4334 =( NAMED_UNIT ( * ) PLANE_ANGLE_UNIT ( ) SI_UNIT ( $, .RADIAN. ) );
#4335 = PRESENTATION_STYLE_ASSIGNMENT (( #1504 ) ) ;
#4336 = CARTESIAN_POINT ( 'NONE',  ( -84.90061124694371131, -16.33202933985330318, 71.35000000000002274 ) ) ;
#4337 = VECTOR ( 'NONE', #2774, 1000.000000000000000 ) ;
#4338 = ORIENTED_EDGE ( 'NONE', *, *, #487, .F. ) ;
#4339 = SURFACE_STYLE_FILL_AREA ( #4758 ) ;
#4340 = AXIS2_PLACEMENT_3D ( 'NONE', #1602, #2290, #4287 ) ;
#4341 = FILL_AREA_STYLE_COLOUR ( '', #1541 ) ;
#4342 = FACE_OUTER_BOUND ( 'NONE', #885, .T. ) ;
#4343 = EDGE_CURVE ( 'NONE', #3621, #2700, #1970, .T. ) ;
#4344 = AXIS2_PLACEMENT_3D ( 'NONE', #5056, #939, #4635 ) ;
#4345 = CARTESIAN_POINT ( 'NONE',  ( 68.94938875305625459, -7.682029339853305494, -2.849999999999999645 ) ) ;
#4346 = ORIENTED_EDGE ( 'NONE', *, *, #3500, .F. ) ;
#4347 = PRESENTATION_STYLE_ASSIGNMENT (( #377 ) ) ;
#4348 = EDGE_CURVE ( 'NONE', #1923, #4064, #558, .T. ) ;
#4349 = CARTESIAN_POINT ( 'NONE',  ( -86.40061124694372552, -14.68202933985330461, -73.14999999999999147 ) ) ;
#4350 = STYLED_ITEM ( 'NONE', ( #4838 ), #3685 ) ;
#4351 = EDGE_LOOP ( 'NONE', ( #1239, #1550, #2259, #534 ) ) ;
#4352 = LINE ( 'NONE', #1168, #3536 ) ;
#4353 = CIRCLE ( 'NONE', #2428, 5.299999999999998934 ) ;
#4354 = DIRECTION ( 'NONE',  ( 0.000000000000000000, -1.000000000000000000, 0.000000000000000000 ) ) ;
#4355 = CARTESIAN_POINT ( 'NONE',  ( 144.3993887530562574, -20.33202933985330318, 71.35000000000002274 ) ) ;
#4356 = ORIENTED_EDGE ( 'NONE', *, *, #2716, .F. ) ;
#4357 = ORIENTED_EDGE ( 'NONE', *, *, #1142, .F. ) ;
#4358 = EDGE_LOOP ( 'NONE', ( #2232, #1291, #172, #4338 ) ) ;
#4359 = CARTESIAN_POINT ( 'NONE',  ( 69.94938875305625459, -7.682029339853305494, -15.75000000000001776 ) ) ;
#4360 = FILL_AREA_STYLE ('',( #3534 ) ) ;
#4361 = ORIENTED_EDGE ( 'NONE', *, *, #3949, .T. ) ;
#4362 = CARTESIAN_POINT ( 'NONE',  ( 140.2993887530563200, -20.33202933985330318, 68.85000000000002274 ) ) ;
#4363 = DIRECTION ( 'NONE',  ( 0.000000000000000000, 0.000000000000000000, -1.000000000000000000 ) ) ;
#4364 = ORIENTED_EDGE ( 'NONE', *, *, #3116, .T. ) ;
#4365 = STYLED_ITEM ( 'NONE', ( #3969 ), #1006 ) ;
#4366 = CARTESIAN_POINT ( 'NONE',  ( 65.94938875305625459, -10.68202933985330461, 32.00000000000000711 ) ) ;
#4367 = FILL_AREA_STYLE ('',( #1225 ) ) ;
#4368 = EDGE_CURVE ( 'NONE', #1342, #1479, #2411, .T. ) ;
#4369 = CARTESIAN_POINT ( 'NONE',  ( 70.94938875305625459, -7.682029339853305494, -24.99999999999999289 ) ) ;
#4370 =( LENGTH_UNIT ( ) NAMED_UNIT ( * ) SI_UNIT ( .MILLI., .METRE. ) );
#4371 = CIRCLE ( 'NONE', #1933, 0.5000000000000004441 ) ;
#4372 = VERTEX_POINT ( 'NONE', #3792 ) ;
#4373 = AXIS2_PLACEMENT_3D ( 'NONE', #3249, #1709, #105 ) ;
#4374 = ORIENTED_EDGE ( 'NONE', *, *, #2291, .T. ) ;
#4375 = COLOUR_RGB ( '',1.000000000000000000, 1.000000000000000000, 1.000000000000000000 ) ;
#4376 = SURFACE_SIDE_STYLE ('',( #4061 ) ) ;
#4377 = AXIS2_PLACEMENT_3D ( 'NONE', #747, #2406, #3175 ) ;
#4378 = ORIENTED_EDGE ( 'NONE', *, *, #1246, .T. ) ;
#4379 = EDGE_CURVE ( 'NONE', #2726, #5010, #3823, .T. ) ;
#4380 =( NAMED_UNIT ( * ) SI_UNIT ( $, .STERADIAN. ) SOLID_ANGLE_UNIT ( ) );
#4381 = AXIS2_PLACEMENT_3D ( 'NONE', #1927, #3192, #811 ) ;
#4382 = UNCERTAINTY_MEASURE_WITH_UNIT (LENGTH_MEASURE( 1.000000000000000082E-05 ), #3465, 'distance_accuracy_value', 'NONE');
#4383 =( NAMED_UNIT ( * ) SI_UNIT ( $, .STERADIAN. ) SOLID_ANGLE_UNIT ( ) );
#4384 = MECHANICAL_DESIGN_GEOMETRIC_PRESENTATION_REPRESENTATION (  '', ( #3547 ), #2636 ) ;
#4385 = CIRCLE ( 'NONE', #4466, 2.000000000000001776 ) ;
#4386 = CIRCLE ( 'NONE', #5064, 5.299999999999998934 ) ;
#4387 = VECTOR ( 'NONE', #3862, 1000.000000000000000 ) ;
#4388 = ORIENTED_EDGE ( 'NONE', *, *, #2080, .F. ) ;
#4389 = SURFACE_SIDE_STYLE ('',( #2451 ) ) ;
#4390 = PRESENTATION_STYLE_ASSIGNMENT (( #1195 ) ) ;
#4391 = COLOUR_RGB ( '',1.000000000000000000, 1.000000000000000000, 1.000000000000000000 ) ;
#4392 = SURFACE_STYLE_USAGE ( .BOTH. , #2797 ) ;
#4393 = SURFACE_STYLE_USAGE ( .BOTH. , #2798 ) ;
#4394 = ORIENTED_EDGE ( 'NONE', *, *, #29, .T. ) ;
#4395 = ADVANCED_FACE ( 'NONE', ( #3395 ), #580, .F. ) ;
#4396 = EDGE_LOOP ( 'NONE', ( #1751, #3355, #4029, #4873 ) ) ;
#4397 = VERTEX_POINT ( 'NONE', #4560 ) ;
#4398 = CARTESIAN_POINT ( 'NONE',  ( -91.70061124694372268, -14.68202933985330461, 69.85000000000002274 ) ) ;
#4399 = ADVANCED_BREP_SHAPE_REPRESENTATION ( '\X2\524d\X0\7', ( #737, #3973 ), #4730 ) ;
#4400 = CARTESIAN_POINT ( 'NONE',  ( -86.40061124694371131, -12.68202933985330461, 73.15000000000001990 ) ) ;
#4401 = DIRECTION ( 'NONE',  ( 1.000000000000000000, 0.000000000000000000, 0.000000000000000000 ) ) ;
#4402 = PLANE ( 'NONE',  #1545 ) ;
#4403 = ORIENTED_EDGE ( 'NONE', *, *, #786, .T. ) ;
#4404 = ADVANCED_FACE ( 'NONE', ( #2250 ), #4186, .F. ) ;
#4405 = ORIENTED_EDGE ( 'NONE', *, *, #4343, .T. ) ;
#4406 = CARTESIAN_POINT ( 'NONE',  ( 66.94938875305625459, -7.682029339853305494, -2.849999999999999201 ) ) ;
#4407 = PRESENTATION_STYLE_ASSIGNMENT (( #3944 ) ) ;
#4408 = PRESENTATION_STYLE_ASSIGNMENT (( #1913 ) ) ;
#4409 = AXIS2_PLACEMENT_3D ( 'NONE', #1363, #1841, #254 ) ;
#4410 = EDGE_CURVE ( 'NONE', #4756, #4159, #1493, .T. ) ;
#4411 = AXIS2_PLACEMENT_3D ( 'NONE', #1654, #52, #4451 ) ;
#4412 = DIRECTION ( 'NONE',  ( 0.000000000000000000, 0.000000000000000000, -1.000000000000000000 ) ) ;
#4413 = DIRECTION ( 'NONE',  ( 0.000000000000000000, 1.000000000000000000, 0.000000000000000000 ) ) ;
#4414 = AXIS2_PLACEMENT_3D ( 'NONE', #4026, #2741, #3158 ) ;
#4415 =( NAMED_UNIT ( * ) PLANE_ANGLE_UNIT ( ) SI_UNIT ( $, .RADIAN. ) );
#4416 = PRESENTATION_STYLE_ASSIGNMENT (( #2820 ) ) ;
#4417 =( GEOMETRIC_REPRESENTATION_CONTEXT ( 3 ) GLOBAL_UNCERTAINTY_ASSIGNED_CONTEXT ( ( #1734 ) ) GLOBAL_UNIT_ASSIGNED_CONTEXT ( ( #2914, #84, #501 ) ) REPRESENTATION_CONTEXT ( 'NONE', 'WORKASPACE' ) );
#4418 =( LENGTH_UNIT ( ) NAMED_UNIT ( * ) SI_UNIT ( .MILLI., .METRE. ) );
#4419 =( LENGTH_UNIT ( ) NAMED_UNIT ( * ) SI_UNIT ( .MILLI., .METRE. ) );
#4420 = AXIS2_PLACEMENT_3D ( 'NONE', #750, #4324, #1586 ) ;
#4421 =( NAMED_UNIT ( * ) SI_UNIT ( $, .STERADIAN. ) SOLID_ANGLE_UNIT ( ) );
#4422 = ORIENTED_EDGE ( 'NONE', *, *, #2957, .F. ) ;
#4423 = CARTESIAN_POINT ( 'NONE',  ( -14.05061124694373476, -7.682029339853305494, -24.99999999999999289 ) ) ;
#4424 = EDGE_CURVE ( 'NONE', #617, #299, #1939, .T. ) ;
#4425 = DIRECTION ( 'NONE',  ( 0.000000000000000000, 0.000000000000000000, 1.000000000000000000 ) ) ;
#4426 = ORIENTED_EDGE ( 'NONE', *, *, #3069, .T. ) ;
#4427 = AXIS2_PLACEMENT_3D ( 'NONE', #3937, #2750, #4752 ) ;
#4428 = ORIENTED_EDGE ( 'NONE', *, *, #1100, .T. ) ;
#4429 = LINE ( 'NONE', #2443, #2258 ) ;
#4430 = UNCERTAINTY_MEASURE_WITH_UNIT (LENGTH_MEASURE( 1.000000000000000082E-05 ), #202, 'distance_accuracy_value', 'NONE');
#4431 = PRESENTATION_STYLE_ASSIGNMENT (( #4485 ) ) ;
#4432 = CARTESIAN_POINT ( 'NONE',  ( 67.94938875305626880, -13.83202933985330318, -21.49999999999996447 ) ) ;
#4433 = DIRECTION ( 'NONE',  ( -1.000000000000000000, -0.000000000000000000, -0.000000000000000000 ) ) ;
#4434 = PLANE ( 'NONE',  #582 ) ;
#4435 = EDGE_CURVE ( 'NONE', #617, #3605, #4303, .T. ) ;
#4436 = LINE ( 'NONE', #451, #5070 ) ;
#4437 = STYLED_ITEM ( 'NONE', ( #4319 ), #1037 ) ;
#4438 = CARTESIAN_POINT ( 'NONE',  ( 67.94938875305626880, -13.83202933985330318, -21.49999999999996092 ) ) ;
#4439 = CARTESIAN_POINT ( 'NONE',  ( 62.44938875305624038, -13.83202933985330318, -26.50000000000000000 ) ) ;
#4440 = CARTESIAN_POINT ( 'NONE',  ( -12.55061124694373298, -12.68202933985330461, -21.49999999999996447 ) ) ;
#4441 = ORIENTED_EDGE ( 'NONE', *, *, #447, .T. ) ;
#4442 = DIRECTION ( 'NONE',  ( 9.233391755032904050E-17, -0.000000000000000000, 1.000000000000000000 ) ) ;
#4443 = SURFACE_SIDE_STYLE ('',( #3637 ) ) ;
#4444 = COLOUR_RGB ( '',1.000000000000000000, 1.000000000000000000, 1.000000000000000000 ) ;
#4445 = COLOUR_RGB ( '',1.000000000000000000, 1.000000000000000000, 1.000000000000000000 ) ;
#4446 = DIRECTION ( 'NONE',  ( 9.725149129512580722E-17, -0.000000000000000000, -1.000000000000000000 ) ) ;
#4447 = CARTESIAN_POINT ( 'NONE',  ( -91.70161124694372745, -9.982029339853303540, 1.487746833262228591E-14 ) ) ;
#4448 = ORIENTED_EDGE ( 'NONE', *, *, #916, .F. ) ;
#4449 = ORIENTED_EDGE ( 'NONE', *, *, #3997, .T. ) ;
#4450 = STYLED_ITEM ( 'NONE', ( #5032 ), #1464 ) ;
#4451 = DIRECTION ( 'NONE',  ( 0.000000000000000000, 0.000000000000000000, -1.000000000000000000 ) ) ;
#4452 = CARTESIAN_POINT ( 'NONE',  ( -13.05061124694373298, -14.33202933985330318, -21.49999999999996092 ) ) ;
#4453 = DIRECTION ( 'NONE',  ( -0.000000000000000000, -1.000000000000000000, -0.000000000000000000 ) ) ;
#4454 = VECTOR ( 'NONE', #1072, 1000.000000000000000 ) ;
#4455 = VECTOR ( 'NONE', #3928, 1000.000000000000000 ) ;
#4456 = EDGE_CURVE ( 'NONE', #609, #4036, #1123, .T. ) ;
#4457 = STYLED_ITEM ( 'NONE', ( #4068 ), #4799 ) ;
#4458 = DIRECTION ( 'NONE',  ( 0.000000000000000000, 1.000000000000000000, 0.000000000000000000 ) ) ;
#4459 = STYLED_ITEM ( 'NONE', ( #981 ), #1961 ) ;
#4460 = SURFACE_SIDE_STYLE ('',( #4151 ) ) ;
#4461 = CIRCLE ( 'NONE', #4634, 5.299999999999998934 ) ;
#4462 = CARTESIAN_POINT ( 'NONE',  ( -12.05061124694373120, -9.682029339853301053, -9.699999999999997513 ) ) ;
#4463 = DIRECTION ( 'NONE',  ( 1.000000000000000000, 0.000000000000000000, -1.387778780781445922E-16 ) ) ;
#4464 = MECHANICAL_DESIGN_GEOMETRIC_PRESENTATION_REPRESENTATION (  '', ( #2107 ), #2380 ) ;
#4465 = EDGE_CURVE ( 'NONE', #2079, #2199, #4352, .T. ) ;
#4466 = AXIS2_PLACEMENT_3D ( 'NONE', #79, #4786, #1755 ) ;
#4467 = COLOUR_RGB ( '',1.000000000000000000, 1.000000000000000000, 1.000000000000000000 ) ;
#4468 = LINE ( 'NONE', #2940, #1897 ) ;
#4469 = AXIS2_PLACEMENT_3D ( 'NONE', #4746, #710, #3909 ) ;
#4470 = VECTOR ( 'NONE', #583, 1000.000000000000000 ) ;
#4471 = FACE_OUTER_BOUND ( 'NONE', #2577, .T. ) ;
#4472 = PRESENTATION_STYLE_ASSIGNMENT (( #3259 ) ) ;
#4473 = VECTOR ( 'NONE', #4771, 1000.000000000000000 ) ;
#4474 = PRESENTATION_LAYER_ASSIGNMENT (  '', '', ( #3816 ) ) ;
#4475 = VERTEX_POINT ( 'NONE', #4327 ) ;
#4476 = SURFACE_STYLE_USAGE ( .BOTH. , #1257 ) ;
#4477 = SURFACE_STYLE_FILL_AREA ( #4504 ) ;
#4478 =( LENGTH_UNIT ( ) NAMED_UNIT ( * ) SI_UNIT ( .MILLI., .METRE. ) );
#4479 = DIRECTION ( 'NONE',  ( 3.227392513445228234E-16, 0.000000000000000000, 1.000000000000000000 ) ) ;
#4480 = PRESENTATION_STYLE_ASSIGNMENT (( #442 ) ) ;
#4481 = ORIENTED_EDGE ( 'NONE', *, *, #3466, .F. ) ;
#4482 = EDGE_LOOP ( 'NONE', ( #2901, #3560, #1322, #3767 ) ) ;
#4483 = FILL_AREA_STYLE ('',( #1729 ) ) ;
#4484 = UNCERTAINTY_MEASURE_WITH_UNIT (LENGTH_MEASURE( 1.000000000000000082E-05 ), #4754, 'distance_accuracy_value', 'NONE');
#4485 = SURFACE_STYLE_USAGE ( .BOTH. , #1658 ) ;
#4486 = CARTESIAN_POINT ( 'NONE',  ( -14.05061124694373476, -21.68202933985330461, 9.699999999999997513 ) ) ;
#4487 =( LENGTH_UNIT ( ) NAMED_UNIT ( * ) SI_UNIT ( .MILLI., .METRE. ) );
#4488 = SURFACE_SIDE_STYLE ('',( #4120 ) ) ;
#4489 = PRESENTATION_STYLE_ASSIGNMENT (( #570 ) ) ;
#4490 = EDGE_CURVE ( 'NONE', #3621, #312, #2278, .T. ) ;
#4491 = DIRECTION ( 'NONE',  ( -0.000000000000000000, 1.000000000000000000, -0.000000000000000000 ) ) ;
#4493 = ORIENTED_EDGE ( 'NONE', *, *, #3177, .F. ) ;
#4492 = VECTOR ( 'NONE', #2226, 1000.000000000000000 ) ;
#4494 = FILL_AREA_STYLE ('',( #4601 ) ) ;
#4495 = MECHANICAL_DESIGN_GEOMETRIC_PRESENTATION_REPRESENTATION (  '', ( #2413 ), #4249 ) ;
#4496 = ORIENTED_EDGE ( 'NONE', *, *, #2927, .F. ) ;
#4497 = EDGE_CURVE ( 'NONE', #114, #2051, #3030, .T. ) ;
#4498 = FACE_OUTER_BOUND ( 'NONE', #2627, .T. ) ;
#4499 = CARTESIAN_POINT ( 'NONE',  ( -12.05061124694373120, -7.682029339853305494, 0.000000000000000000 ) ) ;
#4500 = PRESENTATION_LAYER_ASSIGNMENT (  '', '', ( #3574 ) ) ;
#4501 = ORIENTED_EDGE ( 'NONE', *, *, #1703, .T. ) ;
#4502 = ORIENTED_EDGE ( 'NONE', *, *, #569, .T. ) ;
#4503 =( NAMED_UNIT ( * ) SI_UNIT ( $, .STERADIAN. ) SOLID_ANGLE_UNIT ( ) );
#4504 = FILL_AREA_STYLE ('',( #486 ) ) ;
#4505 =( NAMED_UNIT ( * ) SI_UNIT ( $, .STERADIAN. ) SOLID_ANGLE_UNIT ( ) );
#4506 = ADVANCED_FACE ( 'NONE', ( #3061 ), #3524, .T. ) ;
#4507 = STYLED_ITEM ( 'NONE', ( #141 ), #3342 ) ;
#4508 = SURFACE_STYLE_FILL_AREA ( #2899 ) ;
#4509 = DIRECTION ( 'NONE',  ( -1.387778780781445922E-16, 0.000000000000000000, -1.000000000000000000 ) ) ;
#4510 = EDGE_LOOP ( 'NONE', ( #2802, #1155, #2868, #1595 ) ) ;
#4511 = ORIENTED_EDGE ( 'NONE', *, *, #3659, .F. ) ;
#4512 = VECTOR ( 'NONE', #4764, 1000.000000000000000 ) ;
#4513 = EDGE_LOOP ( 'NONE', ( #107, #4700, #3076, #2589 ) ) ;
#4514 = DIRECTION ( 'NONE',  ( -0.000000000000000000, 1.000000000000000000, -0.000000000000000000 ) ) ;
#4515 = CARTESIAN_POINT ( 'NONE',  ( -7.550611246943686794, -13.83202933985330318, 26.50000000000000000 ) ) ;
#4516 = LINE ( 'NONE', #1298, #2364 ) ;
#4517 = TOROIDAL_SURFACE ( 'NONE', #4851, 3.299999999999999822, 2.000000000000000000 ) ;
#4518 = UNCERTAINTY_MEASURE_WITH_UNIT (LENGTH_MEASURE( 1.000000000000000082E-05 ), #2021, 'distance_accuracy_value', 'NONE');
#4519 = CARTESIAN_POINT ( 'NONE',  ( -11.05061124694373120, -10.68202933985330461, 32.00000000000000000 ) ) ;
#4520 = FILL_AREA_STYLE_COLOUR ( '', #4910 ) ;
#4521 = SURFACE_STYLE_USAGE ( .BOTH. , #3728 ) ;
#4522 = CARTESIAN_POINT ( 'NONE',  ( 142.3993887530562859, -14.33202933985330318, -69.34999999999999432 ) ) ;
#4523 = ORIENTED_EDGE ( 'NONE', *, *, #3949, .F. ) ;
#4524 = LINE ( 'NONE', #2153, #4119 ) ;
#4525 = FILL_AREA_STYLE_COLOUR ( '', #4765 ) ;
#4526 =( NAMED_UNIT ( * ) PLANE_ANGLE_UNIT ( ) SI_UNIT ( $, .RADIAN. ) );
#4527 = EDGE_CURVE ( 'NONE', #20, #2678, #4662, .T. ) ;
#4528 = VERTEX_POINT ( 'NONE', #2671 ) ;
#4529 = DIRECTION ( 'NONE',  ( -0.000000000000000000, -0.000000000000000000, -1.000000000000000000 ) ) ;
#4530 = DIRECTION ( 'NONE',  ( 0.000000000000000000, 0.000000000000000000, 1.000000000000000000 ) ) ;
#4531 = DIRECTION ( 'NONE',  ( 0.000000000000000000, -0.000000000000000000, 1.000000000000000000 ) ) ;
#4532 = AXIS2_PLACEMENT_3D ( 'NONE', #3867, #3669, #292 ) ;
#4533 = CARTESIAN_POINT ( 'NONE',  ( 145.5993887530563029, -21.68202933985330461, 68.85000000000002274 ) ) ;
#4534 = ORIENTED_EDGE ( 'NONE', *, *, #598, .F. ) ;
#4535 = ORIENTED_EDGE ( 'NONE', *, *, #2048, .T. ) ;
#4536 = EDGE_CURVE ( 'NONE', #1530, #73, #5131, .T. ) ;
#4537 = VERTEX_POINT ( 'NONE', #13 ) ;
#4538 = DIRECTION ( 'NONE',  ( 0.000000000000000000, 0.000000000000000000, 1.000000000000000000 ) ) ;
#4539 =( GEOMETRIC_REPRESENTATION_CONTEXT ( 3 ) GLOBAL_UNCERTAINTY_ASSIGNED_CONTEXT ( ( #1243 ) ) GLOBAL_UNIT_ASSIGNED_CONTEXT ( ( #57, #1679, #820 ) ) REPRESENTATION_CONTEXT ( 'NONE', 'WORKASPACE' ) );
#4540 = LINE ( 'NONE', #3247, #587 ) ;
#4541 = DIRECTION ( 'NONE',  ( -1.000000000000000000, -0.000000000000000000, -0.000000000000000000 ) ) ;
#4542 = CARTESIAN_POINT ( 'NONE',  ( -7.550611246943700117, -14.33202933985330318, -27.00000000000000000 ) ) ;
#4543 = AXIS2_PLACEMENT_3D ( 'NONE', #1863, #3467, #5078 ) ;
#4544 = DIRECTION ( 'NONE',  ( -0.000000000000000000, -1.000000000000000000, -0.000000000000000000 ) ) ;
#4545 = DIRECTION ( 'NONE',  ( 0.000000000000000000, -1.000000000000000000, 0.000000000000000000 ) ) ;
#4546 = AXIS2_PLACEMENT_3D ( 'NONE', #3138, #2743, #355 ) ;
#4547 = VECTOR ( 'NONE', #2157, 1000.000000000000000 ) ;
#4548 = ORIENTED_EDGE ( 'NONE', *, *, #2323, .T. ) ;
#4549 = SURFACE_SIDE_STYLE ('',( #4178 ) ) ;
#4550 = AXIS2_PLACEMENT_3D ( 'NONE', #3702, #1008, #3822 ) ;
#4551 = AXIS2_PLACEMENT_3D ( 'NONE', #4816, #1969, #3180 ) ;
#4552 = CARTESIAN_POINT ( 'NONE',  ( -89.70061124694372268, -14.68202933985330461, 69.85000000000002274 ) ) ;
#4553 = STYLED_ITEM ( 'NONE', ( #4828 ), #5116 ) ;
#4554 = DIRECTION ( 'NONE',  ( 0.000000000000000000, -1.000000000000000000, 0.000000000000000000 ) ) ;
#4555 = DIRECTION ( 'NONE',  ( -0.000000000000000000, -1.000000000000000000, -0.000000000000000000 ) ) ;
#4556 =( GEOMETRIC_REPRESENTATION_CONTEXT ( 3 ) GLOBAL_UNCERTAINTY_ASSIGNED_CONTEXT ( ( #55 ) ) GLOBAL_UNIT_ASSIGNED_CONTEXT ( ( #3349, #1374, #2235 ) ) REPRESENTATION_CONTEXT ( 'NONE', 'WORKASPACE' ) );
#4557 = AXIS2_PLACEMENT_3D ( 'NONE', #1797, #1768, #2672 ) ;
#4558 = CIRCLE ( 'NONE', #4469, 1.000000000000000888 ) ;
#4559 = ORIENTED_EDGE ( 'NONE', *, *, #1681, .F. ) ;
#4560 = CARTESIAN_POINT ( 'NONE',  ( -14.05061124694373476, -12.68202933985330993, 25.00000000000000000 ) ) ;
#4561 = FACE_OUTER_BOUND ( 'NONE', #2937, .T. ) ;
#4562 = CARTESIAN_POINT ( 'NONE',  ( -84.90061124694371131, -14.33202933985330318, 71.35000000000002274 ) ) ;
#4563 = EDGE_CURVE ( 'NONE', #4995, #1370, #3609, .T. ) ;
#4564 = CARTESIAN_POINT ( 'NONE',  ( -12.05061124694373120, -7.682029339853305494, 15.29999999999999716 ) ) ;
#4566 = ORIENTED_EDGE ( 'NONE', *, *, #2052, .T. ) ;
#4565 = STYLED_ITEM ( 'NONE', ( #755 ), #2581 ) ;
#4567 = PRESENTATION_LAYER_ASSIGNMENT (  '', '', ( #3900 ) ) ;
#4568 = VECTOR ( 'NONE', #1896, 1000.000000000000000 ) ;
#4569 = VERTEX_POINT ( 'NONE', #3691 ) ;
#4570 = DIRECTION ( 'NONE',  ( -0.000000000000000000, 1.000000000000000000, -0.000000000000000000 ) ) ;
#4571 = DIRECTION ( 'NONE',  ( -0.000000000000000000, -1.000000000000000000, -0.000000000000000000 ) ) ;
#4572 =( NAMED_UNIT ( * ) SI_UNIT ( $, .STERADIAN. ) SOLID_ANGLE_UNIT ( ) );
#4573 = ADVANCED_FACE ( 'NONE', ( #4096 ), #2623, .T. ) ;
#4574 = DIRECTION ( 'NONE',  ( 0.000000000000000000, 0.000000000000000000, -1.000000000000000000 ) ) ;
#4575 = DIRECTION ( 'NONE',  ( 0.000000000000000000, 1.000000000000000000, 0.000000000000000000 ) ) ;
#4576 = FILL_AREA_STYLE ('',( #3414 ) ) ;
#4577 = FILL_AREA_STYLE_COLOUR ( '', #4967 ) ;
#4578 =( NAMED_UNIT ( * ) PLANE_ANGLE_UNIT ( ) SI_UNIT ( $, .RADIAN. ) );
#4579 = ORIENTED_EDGE ( 'NONE', *, *, #4465, .F. ) ;
#4580 = PLANE ( 'NONE',  #1771 ) ;
#4581 = ORIENTED_EDGE ( 'NONE', *, *, #4323, .T. ) ;
#4582 = SURFACE_SIDE_STYLE ('',( #479 ) ) ;
#4583 = FILL_AREA_STYLE ('',( #1794 ) ) ;
#4584 = AXIS2_PLACEMENT_3D ( 'NONE', #4362, #3540, #1508 ) ;
#4585 = DIRECTION ( 'NONE',  ( 0.000000000000000000, 0.000000000000000000, 1.000000000000000000 ) ) ;
#4586 = CIRCLE ( 'NONE', #340, 2.000000000000001776 ) ;
#4587 = VERTEX_POINT ( 'NONE', #4947 ) ;
#4588 = ORIENTED_EDGE ( 'NONE', *, *, #2147, .T. ) ;
#4589 = PRESENTATION_STYLE_ASSIGNMENT (( #4194 ) ) ;
#4590 = PRESENTATION_LAYER_ASSIGNMENT (  '', '', ( #3580 ) ) ;
#4591 = DIRECTION ( 'NONE',  ( 0.000000000000000000, 0.000000000000000000, 1.000000000000000000 ) ) ;
#4592 = CARTESIAN_POINT ( 'NONE',  ( 65.94938875305625459, -12.68202933985330993, -27.99999999999999289 ) ) ;
#4593 = CARTESIAN_POINT ( 'NONE',  ( -7.550611246943686794, -13.83202933985330318, 26.50000000000000000 ) ) ;
#4594 = CIRCLE ( 'NONE', #4420, 0.5000000000000004441 ) ;
#4595 = DIRECTION ( 'NONE',  ( -0.000000000000000000, -1.000000000000000000, -0.000000000000000000 ) ) ;
#4596 = EDGE_CURVE ( 'NONE', #312, #1761, #1369, .T. ) ;
#4597 = CARTESIAN_POINT ( 'NONE',  ( 27.44938875305626169, -16.33202933985330318, -69.34999999999999432 ) ) ;
#4598 = DIRECTION ( 'NONE',  ( 0.000000000000000000, 0.000000000000000000, -1.000000000000000000 ) ) ;
#4599 =( GEOMETRIC_REPRESENTATION_CONTEXT ( 3 ) GLOBAL_UNCERTAINTY_ASSIGNED_CONTEXT ( ( #4749 ) ) GLOBAL_UNIT_ASSIGNED_CONTEXT ( ( #5118, #1216, #1534 ) ) REPRESENTATION_CONTEXT ( 'NONE', 'WORKASPACE' ) );
#4600 = DIRECTION ( 'NONE',  ( 0.000000000000000000, 0.000000000000000000, -1.000000000000000000 ) ) ;
#4601 = FILL_AREA_STYLE_COLOUR ( '', #1292 ) ;
#4602 = ORIENTED_EDGE ( 'NONE', *, *, #2447, .F. ) ;
#4603 = ADVANCED_FACE ( 'NONE', ( #3577 ), #4865, .T. ) ;
#4604 = PRESENTATION_STYLE_ASSIGNMENT (( #3000 ) ) ;
#4605 = CARTESIAN_POINT ( 'NONE',  ( -91.70161124694372745, -7.682029339853305494, -9.249999999999987566 ) ) ;
#4606 =( LENGTH_UNIT ( ) NAMED_UNIT ( * ) SI_UNIT ( .MILLI., .METRE. ) );
#4607 = PRESENTATION_STYLE_ASSIGNMENT (( #1436 ) ) ;
#4608 =( LENGTH_UNIT ( ) NAMED_UNIT ( * ) SI_UNIT ( .MILLI., .METRE. ) );
#4609 = CARTESIAN_POINT ( 'NONE',  ( 143.5709616283100729, -14.33202933985330318, 70.52157287525383822 ) ) ;
#4610 = ORIENTED_EDGE ( 'NONE', *, *, #3435, .T. ) ;
#4611 = VERTEX_POINT ( 'NONE', #2855 ) ;
#4612 = ORIENTED_EDGE ( 'NONE', *, *, #2330, .T. ) ;
#4613 = ORIENTED_EDGE ( 'NONE', *, *, #4316, .F. ) ;
#4614 = CARTESIAN_POINT ( 'NONE',  ( -11.05061124694373120, -10.68202933985330461, 30.00000000000000355 ) ) ;
#4615 = SURFACE_STYLE_USAGE ( .BOTH. , #208 ) ;
#4616 = PRESENTATION_LAYER_ASSIGNMENT (  '', '', ( #2276 ) ) ;
#4617 = LINE ( 'NONE', #2204, #118 ) ;
#4618 = CYLINDRICAL_SURFACE ( 'NONE', #3970, 4.999999999999997335 ) ;
#4619 = SURFACE_STYLE_FILL_AREA ( #3434 ) ;
#4620 =( NAMED_UNIT ( * ) PLANE_ANGLE_UNIT ( ) SI_UNIT ( $, .RADIAN. ) );
#4621 = CARTESIAN_POINT ( 'NONE',  ( 68.94938875305625459, -112.8069513123572278, 2.849999999999973888 ) ) ;
#4622 = MECHANICAL_DESIGN_GEOMETRIC_PRESENTATION_REPRESENTATION (  '', ( #211 ), #1532 ) ;
#4623 =( GEOMETRIC_REPRESENTATION_CONTEXT ( 3 ) GLOBAL_UNCERTAINTY_ASSIGNED_CONTEXT ( ( #147 ) ) GLOBAL_UNIT_ASSIGNED_CONTEXT ( ( #4487, #2907, #471 ) ) REPRESENTATION_CONTEXT ( 'NONE', 'WORKASPACE' ) );
#4624 = CARTESIAN_POINT ( 'NONE',  ( -7.550611246943686794, -12.68202933985330461, 26.50000000000000000 ) ) ;
#4625 = EDGE_CURVE ( 'NONE', #3089, #1256, #3956, .T. ) ;
#4626 = EDGE_LOOP ( 'NONE', ( #1095, #5164, #4559, #682 ) ) ;
#4627 = ORIENTED_EDGE ( 'NONE', *, *, #4456, .F. ) ;
#4628 = MECHANICAL_DESIGN_GEOMETRIC_PRESENTATION_REPRESENTATION (  '', ( #4450 ), #5129 ) ;
#4629 = CARTESIAN_POINT ( 'NONE',  ( 68.94938875305625459, -9.982029339853303540, 1.487746833262228591E-14 ) ) ;
#4630 = CIRCLE ( 'NONE', #218, 5.299999999999998934 ) ;
#4631 =( NAMED_UNIT ( * ) SI_UNIT ( $, .STERADIAN. ) SOLID_ANGLE_UNIT ( ) );
#4632 = ADVANCED_FACE ( 'NONE', ( #496 ), #2066, .F. ) ;
#4633 = CYLINDRICAL_SURFACE ( 'NONE', #3881, 2.000000000000001776 ) ;
#4634 = AXIS2_PLACEMENT_3D ( 'NONE', #1526, #3113, #1598 ) ;
#4635 = DIRECTION ( 'NONE',  ( -1.000000000000000000, 0.000000000000000000, -0.000000000000000000 ) ) ;
#4636 = CARTESIAN_POINT ( 'NONE',  ( -91.70061124694373689, -21.18202933985330461, -75.14999999999999147 ) ) ;
#4637 = AXIS2_PLACEMENT_3D ( 'NONE', #2955, #2195, #3448 ) ;
#4638 = STYLED_ITEM ( 'NONE', ( #4407 ), #33 ) ;
#4639 = CARTESIAN_POINT ( 'NONE',  ( -12.05061124694373120, -7.682029339853305494, -15.29999999999999716 ) ) ;
#4640 = ADVANCED_FACE ( 'NONE', ( #2664 ), #291, .F. ) ;
#4641 =( GEOMETRIC_REPRESENTATION_CONTEXT ( 3 ) GLOBAL_UNCERTAINTY_ASSIGNED_CONTEXT ( ( #3206 ) ) GLOBAL_UNIT_ASSIGNED_CONTEXT ( ( #4161, #2599, #2624 ) ) REPRESENTATION_CONTEXT ( 'NONE', 'WORKASPACE' ) );
#4642 = DIRECTION ( 'NONE',  ( -0.000000000000000000, -1.000000000000000000, -0.000000000000000000 ) ) ;
#4643 = ORIENTED_EDGE ( 'NONE', *, *, #3443, .F. ) ;
#4644 = UNCERTAINTY_MEASURE_WITH_UNIT (LENGTH_MEASURE( 1.000000000000000082E-05 ), #4227, 'distance_accuracy_value', 'NONE');
#4645 = ORIENTED_EDGE ( 'NONE', *, *, #4410, .T. ) ;
#4646 = COLOUR_RGB ( '',1.000000000000000000, 1.000000000000000000, 1.000000000000000000 ) ;
#4647 = ORIENTED_EDGE ( 'NONE', *, *, #4962, .F. ) ;
#4648 = CARTESIAN_POINT ( 'NONE',  ( -85.40061124694368289, -21.68202933985330461, 74.15000000000001990 ) ) ;
#4649 = CARTESIAN_POINT ( 'NONE',  ( 141.2993887530563200, -12.68202933985330461, 75.15000000000001990 ) ) ;
#4650 = COLOUR_RGB ( '',1.000000000000000000, 1.000000000000000000, 1.000000000000000000 ) ;
#4651 = FACE_OUTER_BOUND ( 'NONE', #219, .T. ) ;
#4652 = AXIS2_PLACEMENT_3D ( 'NONE', #364, #2054, #4853 ) ;
#4653 = CARTESIAN_POINT ( 'NONE',  ( -90.70061124694372268, -20.33202933985330318, 68.85000000000002274 ) ) ;
#4654 =( NAMED_UNIT ( * ) SI_UNIT ( $, .STERADIAN. ) SOLID_ANGLE_UNIT ( ) );
#4655 = DIRECTION ( 'NONE',  ( 1.000000000000000000, 0.000000000000000000, 0.000000000000000000 ) ) ;
#4656 = CIRCLE ( 'NONE', #2398, 5.299999999999998934 ) ;
#4657 = SURFACE_SIDE_STYLE ('',( #4896 ) ) ;
#4658 = DIRECTION ( 'NONE',  ( -1.000000000000000000, -0.000000000000000000, -0.000000000000000000 ) ) ;
#4659 = FILL_AREA_STYLE_COLOUR ( '', #3606 ) ;
#4660 = EDGE_CURVE ( 'NONE', #1058, #362, #3611, .T. ) ;
#4661 = PLANE ( 'NONE',  #542 ) ;
#4662 = LINE ( 'NONE', #3501, #4454 ) ;
#4663 = VECTOR ( 'NONE', #4529, 1000.000000000000000 ) ;
#4664 = FILL_AREA_STYLE ('',( #4329 ) ) ;
#4665 = PLANE ( 'NONE',  #4985 ) ;
#4666 = ORIENTED_EDGE ( 'NONE', *, *, #3181, .T. ) ;
#4667 = VECTOR ( 'NONE', #243, 1000.000000000000000 ) ;
#4668 = EDGE_LOOP ( 'NONE', ( #4645, #912, #2778, #1572 ) ) ;
#4669 = EDGE_CURVE ( 'NONE', #635, #4221, #129, .T. ) ;
#4670 = AXIS2_PLACEMENT_3D ( 'NONE', #3223, #4065, #2109 ) ;
#4671 = UNCERTAINTY_MEASURE_WITH_UNIT (LENGTH_MEASURE( 1.000000000000000082E-05 ), #1966, 'distance_accuracy_value', 'NONE');
#4672 = SURFACE_STYLE_USAGE ( .BOTH. , #743 ) ;
#4673 = EDGE_CURVE ( 'NONE', #2140, #2273, #245, .T. ) ;
#4674 = DIRECTION ( 'NONE',  ( 1.000000000000000000, 0.000000000000000000, 0.000000000000000000 ) ) ;
#4675 = DIRECTION ( 'NONE',  ( 0.000000000000000000, -1.000000000000000000, -2.168404344971008868E-16 ) ) ;
#4676 = VECTOR ( 'NONE', #2817, 1000.000000000000000 ) ;
#4677 = CARTESIAN_POINT ( 'NONE',  ( 141.2993887530562915, -21.68202933985330461, -74.64999999999999147 ) ) ;
#4678 = FILL_AREA_STYLE_COLOUR ( '', #457 ) ;
#4679 = CARTESIAN_POINT ( 'NONE',  ( 142.3993887530562574, -16.33202933985330318, 1.117905892437471183E-14 ) ) ;
#4680 = MECHANICAL_DESIGN_GEOMETRIC_PRESENTATION_REPRESENTATION (  '', ( #3753 ), #4599 ) ;
#4681 = VERTEX_POINT ( 'NONE', #320 ) ;
#4682 = DIRECTION ( 'NONE',  ( -0.000000000000000000, 1.000000000000000000, 6.505213034913026604E-16 ) ) ;
#4683 = AXIS2_PLACEMENT_3D ( 'NONE', #2201, #2632, #1752 ) ;
#4684 = LINE ( 'NONE', #1840, #4307 ) ;
#4685 = DIRECTION ( 'NONE',  ( -0.000000000000000000, -1.000000000000000000, -0.000000000000000000 ) ) ;
#4686 = COLOUR_RGB ( '',1.000000000000000000, 1.000000000000000000, 1.000000000000000000 ) ;
#4687 = DIRECTION ( 'NONE',  ( -0.000000000000000000, -1.000000000000000000, -0.000000000000000000 ) ) ;
#4688 = DIRECTION ( 'NONE',  ( 1.000000000000000000, 0.000000000000000000, 0.000000000000000000 ) ) ;
#4689 = DIRECTION ( 'NONE',  ( 1.000000000000000000, 0.000000000000000000, 0.000000000000000000 ) ) ;
#4690 = SURFACE_STYLE_FILL_AREA ( #3065 ) ;
#4691 =( LENGTH_UNIT ( ) NAMED_UNIT ( * ) SI_UNIT ( .MILLI., .METRE. ) );
#4692 = EDGE_LOOP ( 'NONE', ( #3783, #930, #586, #2360 ) ) ;
#4693 = UNCERTAINTY_MEASURE_WITH_UNIT (LENGTH_MEASURE( 1.000000000000000082E-05 ), #4260, 'distance_accuracy_value', 'NONE');
#4694 = EDGE_CURVE ( 'NONE', #2245, #360, #4261, .T. ) ;
#4695 = VERTEX_POINT ( 'NONE', #1812 ) ;
#4696 = ORIENTED_EDGE ( 'NONE', *, *, #821, .T. ) ;
#4697 = ORIENTED_EDGE ( 'NONE', *, *, #161, .T. ) ;
#4698 = SURFACE_STYLE_USAGE ( .BOTH. , #3510 ) ;
#4699 = ADVANCED_FACE ( 'NONE', ( #4702 ), #1111, .F. ) ;
#4700 = ORIENTED_EDGE ( 'NONE', *, *, #2793, .F. ) ;
#4701 = UNCERTAINTY_MEASURE_WITH_UNIT (LENGTH_MEASURE( 1.000000000000000082E-05 ), #3400, 'distance_accuracy_value', 'NONE');
#4702 = FACE_OUTER_BOUND ( 'NONE', #1277, .T. ) ;
#4703 = DIRECTION ( 'NONE',  ( 0.000000000000000000, 0.000000000000000000, -1.000000000000000000 ) ) ;
#4704 = MECHANICAL_DESIGN_GEOMETRIC_PRESENTATION_REPRESENTATION (  '', ( #3023 ), #4539 ) ;
#4705 = FILL_AREA_STYLE ('',( #1067 ) ) ;
#4706 = ORIENTED_EDGE ( 'NONE', *, *, #1345, .F. ) ;
#4707 =( LENGTH_UNIT ( ) NAMED_UNIT ( * ) SI_UNIT ( .MILLI., .METRE. ) );
#4708 = FACE_OUTER_BOUND ( 'NONE', #4482, .T. ) ;
#4709 = CARTESIAN_POINT ( 'NONE',  ( 141.2993887530563200, -12.68202933985330461, 69.85000000000002274 ) ) ;
#4710 = FILL_AREA_STYLE_COLOUR ( '', #3923 ) ;
#4711 = CARTESIAN_POINT ( 'NONE',  ( -11.05061124694373831, -8.682029339853306382, -24.99999999999999289 ) ) ;
#4712 = PRESENTATION_STYLE_ASSIGNMENT (( #4770 ) ) ;
#4713 = SURFACE_SIDE_STYLE ('',( #255 ) ) ;
#4714 = CARTESIAN_POINT ( 'NONE',  ( -14.05061124694373476, -21.68202933985330461, -9.699999999999997513 ) ) ;
#4715 = DIRECTION ( 'NONE',  ( 0.000000000000000000, -1.000000000000000000, 0.000000000000000000 ) ) ;
#4716 = EDGE_LOOP ( 'NONE', ( #4090, #2691, #484, #5139 ) ) ;
#4717 = VECTOR ( 'NONE', #1834, 1000.000000000000000 ) ;
#4718 = PRESENTATION_LAYER_ASSIGNMENT (  '', '', ( #222 ) ) ;
#4719 = EDGE_LOOP ( 'NONE', ( #3912, #4805, #600, #4403 ) ) ;
#4720 = EDGE_LOOP ( 'NONE', ( #1845, #4501, #4928, #1633, #367, #4502, #3282, #5111, #3142, #684, #3827, #2829 ) ) ;
#4721 = LINE ( 'NONE', #3509, #4337 ) ;
#4722 = CARTESIAN_POINT ( 'NONE',  ( -16.05061124694373476, -8.682029339853306382, -24.99999999999999289 ) ) ;
#4723 = DIRECTION ( 'NONE',  ( 0.000000000000000000, 0.000000000000000000, -1.000000000000000000 ) ) ;
#4724 = EDGE_CURVE ( 'NONE', #4221, #2925, #3516, .T. ) ;
#4725 = CARTESIAN_POINT ( 'NONE',  ( -13.05061124694371877, -14.33202933985330318, 21.49999999999996447 ) ) ;
#4726 = VECTOR ( 'NONE', #4509, 1000.000000000000000 ) ;
#4727 = FACE_OUTER_BOUND ( 'NONE', #3084, .T. ) ;
#4728 = ORIENTED_EDGE ( 'NONE', *, *, #3727, .F. ) ;
#4729 = UNCERTAINTY_MEASURE_WITH_UNIT (LENGTH_MEASURE( 1.000000000000000082E-05 ), #817, 'distance_accuracy_value', 'NONE');
#4730 =( GEOMETRIC_REPRESENTATION_CONTEXT ( 3 ) GLOBAL_UNCERTAINTY_ASSIGNED_CONTEXT ( ( #2329 ) ) GLOBAL_UNIT_ASSIGNED_CONTEXT ( ( #1395, #5029, #1518 ) ) REPRESENTATION_CONTEXT ( 'NONE', 'WORKASPACE' ) );
#4731 = SURFACE_STYLE_USAGE ( .BOTH. , #1934 ) ;
#4732 = FILL_AREA_STYLE_COLOUR ( '', #3421 ) ;
#4733 = STYLED_ITEM ( 'NONE', ( #3599 ), #2482 ) ;
#4734 = SURFACE_SIDE_STYLE ('',( #2815 ) ) ;
#4735 = EDGE_CURVE ( 'NONE', #1901, #3736, #2760, .T. ) ;
#4736 = CIRCLE ( 'NONE', #231, 1.000000000000000888 ) ;
#4737 = SURFACE_STYLE_USAGE ( .BOTH. , #3126 ) ;
#4738 = SURFACE_SIDE_STYLE ('',( #1813 ) ) ;
#4739 =( GEOMETRIC_REPRESENTATION_CONTEXT ( 3 ) GLOBAL_UNCERTAINTY_ASSIGNED_CONTEXT ( ( #4382 ) ) GLOBAL_UNIT_ASSIGNED_CONTEXT ( ( #3465, #2269, #4175 ) ) REPRESENTATION_CONTEXT ( 'NONE', 'WORKASPACE' ) );
#4740 = MECHANICAL_DESIGN_GEOMETRIC_PRESENTATION_REPRESENTATION (  '', ( #1307 ), #2810 ) ;
#4741 = DIRECTION ( 'NONE',  ( -1.000000000000000000, 0.000000000000000000, -6.148776166510614988E-17 ) ) ;
#4742 = EDGE_CURVE ( 'NONE', #1553, #43, #399, .T. ) ;
#4743 = DIRECTION ( 'NONE',  ( 0.000000000000000000, 0.000000000000000000, 1.000000000000000000 ) ) ;
#4744 = DIRECTION ( 'NONE',  ( 0.000000000000000000, 0.000000000000000000, 1.000000000000000000 ) ) ;
#4745 = DIRECTION ( 'NONE',  ( 0.000000000000000000, -1.000000000000000000, -1.508455196501572810E-15 ) ) ;
#4746 = CARTESIAN_POINT ( 'NONE',  ( 65.94938875305625459, -8.682029339853306382, -28.99999999999999289 ) ) ;
#4747 = COLOUR_RGB ( '',1.000000000000000000, 1.000000000000000000, 1.000000000000000000 ) ;
#4748 = ORIENTED_EDGE ( 'NONE', *, *, #1596, .F. ) ;
#4749 = UNCERTAINTY_MEASURE_WITH_UNIT (LENGTH_MEASURE( 1.000000000000000082E-05 ), #5118, 'distance_accuracy_value', 'NONE');
#4750 = ORIENTED_EDGE ( 'NONE', *, *, #2447, .T. ) ;
#4751 = ORIENTED_EDGE ( 'NONE', *, *, #1626, .T. ) ;
#4752 = DIRECTION ( 'NONE',  ( 1.000000000000000000, 0.000000000000000000, 0.000000000000000000 ) ) ;
#4753 = CYLINDRICAL_SURFACE ( 'NONE', #3811, 4.999999999999997335 ) ;
#4754 =( LENGTH_UNIT ( ) NAMED_UNIT ( * ) SI_UNIT ( .MILLI., .METRE. ) );
#4755 = STYLED_ITEM ( 'NONE', ( #1669 ), #4275 ) ;
#4756 = VERTEX_POINT ( 'NONE', #724 ) ;
#4757 = EDGE_LOOP ( 'NONE', ( #3513, #515, #1104, #4240 ) ) ;
#4758 = FILL_AREA_STYLE ('',( #421 ) ) ;
#4759 = MECHANICAL_DESIGN_GEOMETRIC_PRESENTATION_REPRESENTATION (  '', ( #2056 ), #738 ) ;
#4760 = UNCERTAINTY_MEASURE_WITH_UNIT (LENGTH_MEASURE( 1.000000000000000082E-05 ), #944, 'distance_accuracy_value', 'NONE');
#4761 =( NAMED_UNIT ( * ) SI_UNIT ( $, .STERADIAN. ) SOLID_ANGLE_UNIT ( ) );
#4762 = DIRECTION ( 'NONE',  ( 0.000000000000000000, 0.000000000000000000, -1.000000000000000000 ) ) ;
#4763 = EDGE_CURVE ( 'NONE', #5010, #4250, #4630, .T. ) ;
#4764 = DIRECTION ( 'NONE',  ( 3.023483182530382183E-16, 0.000000000000000000, 1.000000000000000000 ) ) ;
#4765 = COLOUR_RGB ( '',1.000000000000000000, 1.000000000000000000, 1.000000000000000000 ) ;
#4766 = DIRECTION ( 'NONE',  ( 0.000000000000000000, 0.000000000000000000, 1.000000000000000000 ) ) ;
#4767 = EDGE_CURVE ( 'NONE', #51, #3635, #952, .T. ) ;
#4768 =( NAMED_UNIT ( * ) PLANE_ANGLE_UNIT ( ) SI_UNIT ( $, .RADIAN. ) );
#4769 =( NAMED_UNIT ( * ) SI_UNIT ( $, .STERADIAN. ) SOLID_ANGLE_UNIT ( ) );
#4770 = SURFACE_STYLE_USAGE ( .BOTH. , #3081 ) ;
#4771 = DIRECTION ( 'NONE',  ( 1.000000000000000000, -0.000000000000000000, -1.387778780781445922E-16 ) ) ;
#4772 = COLOUR_RGB ( '',1.000000000000000000, 1.000000000000000000, 1.000000000000000000 ) ;
#4773 = LINE ( 'NONE', #2652, #19 ) ;
#4774 = LINE ( 'NONE', #762, #1630 ) ;
#4775 = ORIENTED_EDGE ( 'NONE', *, *, #5086, .F. ) ;
#4776 = ORIENTED_EDGE ( 'NONE', *, *, #2010, .T. ) ;
#4777 = SURFACE_STYLE_USAGE ( .BOTH. , #3914 ) ;
#4778 = SURFACE_STYLE_FILL_AREA ( #2394 ) ;
#4779 = PRESENTATION_STYLE_ASSIGNMENT (( #72 ) ) ;
#4780 =( NAMED_UNIT ( * ) PLANE_ANGLE_UNIT ( ) SI_UNIT ( $, .RADIAN. ) );
#4781 = VERTEX_POINT ( 'NONE', #1986 ) ;
#4782 = FACE_OUTER_BOUND ( 'NONE', #2580, .T. ) ;
#4783 = PRESENTATION_STYLE_ASSIGNMENT (( #3173 ) ) ;
#4784 = DIRECTION ( 'NONE',  ( -0.000000000000000000, 1.000000000000000000, -0.000000000000000000 ) ) ;
#4785 = ORIENTED_EDGE ( 'NONE', *, *, #452, .F. ) ;
#4786 = DIRECTION ( 'NONE',  ( 1.000000000000000000, 0.000000000000000000, -0.000000000000000000 ) ) ;
#4787 = SURFACE_STYLE_USAGE ( .BOTH. , #81 ) ;
#4788 =( NAMED_UNIT ( * ) PLANE_ANGLE_UNIT ( ) SI_UNIT ( $, .RADIAN. ) );
#4789 = SURFACE_SIDE_STYLE ('',( #3184 ) ) ;
#4790 = CARTESIAN_POINT ( 'NONE',  ( -89.70061124694372268, -12.68202933985330461, 69.85000000000002274 ) ) ;
#4791 = ADVANCED_FACE ( 'NONE', ( #3590 ), #1244, .F. ) ;
#4792 = VECTOR ( 'NONE', #999, 1000.000000000000000 ) ;
#4793 = SURFACE_STYLE_FILL_AREA ( #3189 ) ;
#4794 = ORIENTED_EDGE ( 'NONE', *, *, #1800, .F. ) ;
#4795 = STYLED_ITEM ( 'NONE', ( #4489 ), #4603 ) ;
#4796 = VERTEX_POINT ( 'NONE', #3123 ) ;
#4797 = AXIS2_PLACEMENT_3D ( 'NONE', #552, #3134, #4743 ) ;
#4798 = LINE ( 'NONE', #4722, #4044 ) ;
#4799 = ADVANCED_FACE ( 'NONE', ( #2372 ), #2732, .T. ) ;
#4800 =( NAMED_UNIT ( * ) PLANE_ANGLE_UNIT ( ) SI_UNIT ( $, .RADIAN. ) );
#4801 = AXIS2_PLACEMENT_3D ( 'NONE', #3491, #1858, #2993 ) ;
#4802 = UNCERTAINTY_MEASURE_WITH_UNIT (LENGTH_MEASURE( 1.000000000000000082E-05 ), #2170, 'distance_accuracy_value', 'NONE');
#4803 = VECTOR ( 'NONE', #146, 1000.000000000000000 ) ;
#4804 = PRESENTATION_LAYER_ASSIGNMENT (  '', '', ( #4459 ) ) ;
#4805 = ORIENTED_EDGE ( 'NONE', *, *, #3399, .T. ) ;
#4806 = COLOUR_RGB ( '',1.000000000000000000, 1.000000000000000000, 1.000000000000000000 ) ;
#4807 = UNCERTAINTY_MEASURE_WITH_UNIT (LENGTH_MEASURE( 1.000000000000000082E-05 ), #2469, 'distance_accuracy_value', 'NONE');
#4808 = DIRECTION ( 'NONE',  ( 0.000000000000000000, 0.000000000000000000, 1.000000000000000000 ) ) ;
#4809 = CIRCLE ( 'NONE', #632, 2.000000000000001776 ) ;
#4810 = SURFACE_SIDE_STYLE ('',( #1733 ) ) ;
#4811 = AXIS2_PLACEMENT_3D ( 'NONE', #2963, #4571, #3378 ) ;
#4812 = VECTOR ( 'NONE', #4187, 1000.000000000000000 ) ;
#4813 = CARTESIAN_POINT ( 'NONE',  ( 68.94938875305625459, -112.8069513123572278, -24.99999999999999289 ) ) ;
#4814 = AXIS2_PLACEMENT_3D ( 'NONE', #3367, #3397, #175 ) ;
#4815 = DIRECTION ( 'NONE',  ( 0.000000000000000000, -0.000000000000000000, 1.000000000000000000 ) ) ;
#4816 = CARTESIAN_POINT ( 'NONE',  ( 141.2993887530563200, -12.68202933985330461, 69.85000000000002274 ) ) ;
#4817 =( NAMED_UNIT ( * ) SI_UNIT ( $, .STERADIAN. ) SOLID_ANGLE_UNIT ( ) );
#4818 = CIRCLE ( 'NONE', #3978, 3.000000000000002665 ) ;
#4819 =( GEOMETRIC_REPRESENTATION_CONTEXT ( 3 ) GLOBAL_UNCERTAINTY_ASSIGNED_CONTEXT ( ( #1657 ) ) GLOBAL_UNIT_ASSIGNED_CONTEXT ( ( #663, #3082, #3104 ) ) REPRESENTATION_CONTEXT ( 'NONE', 'WORKASPACE' ) );
#4820 = ADVANCED_FACE ( 'NONE', ( #1678 ), #3662, .F. ) ;
#4821 = TOROIDAL_SURFACE ( 'NONE', #2381, 3.999999999999999112, 1.000000000000000000 ) ;
#4822 = FILL_AREA_STYLE_COLOUR ( '', #2222 ) ;
#4823 = CYLINDRICAL_SURFACE ( 'NONE', #4550, 4.999999999999997335 ) ;
#4824 = EDGE_CURVE ( 'NONE', #1479, #4252, #1351, .T. ) ;
#4825 = VERTEX_POINT ( 'NONE', #4515 ) ;
#4826 = ORIENTED_EDGE ( 'NONE', *, *, #333, .T. ) ;
#4827 = DIRECTION ( 'NONE',  ( 0.000000000000000000, 1.000000000000000000, 0.000000000000000000 ) ) ;
#4828 = PRESENTATION_STYLE_ASSIGNMENT (( #461 ) ) ;
#4829 =( LENGTH_UNIT ( ) NAMED_UNIT ( * ) SI_UNIT ( .MILLI., .METRE. ) );
#4830 = ORIENTED_EDGE ( 'NONE', *, *, #4368, .F. ) ;
#4831 = ORIENTED_EDGE ( 'NONE', *, *, #1615, .F. ) ;
#4832 = EDGE_CURVE ( 'NONE', #1172, #3600, #4115, .T. ) ;
#4833 = FILL_AREA_STYLE ('',( #99 ) ) ;
#4834 = LINE ( 'NONE', #2006, #3931 ) ;
#4835 = CARTESIAN_POINT ( 'NONE',  ( -12.55061124694373298, -21.68202933985330461, -21.49999999999996447 ) ) ;
#4836 = COLOUR_RGB ( '',1.000000000000000000, 1.000000000000000000, 1.000000000000000000 ) ;
#4837 = CARTESIAN_POINT ( 'NONE',  ( 146.0993887530562745, -21.68202933985330461, -69.84999999999999432 ) ) ;
#4838 = PRESENTATION_STYLE_ASSIGNMENT (( #2884 ) ) ;
#4839 = SURFACE_SIDE_STYLE ('',( #1992 ) ) ;
#4840 = SURFACE_STYLE_FILL_AREA ( #3748 ) ;
#4841 = AXIS2_PLACEMENT_3D ( 'NONE', #4270, #1490, #4538 ) ;
#4842 = FILL_AREA_STYLE ('',( #1191 ) ) ;
#4843 = SURFACE_STYLE_FILL_AREA ( #2069 ) ;
#4844 = VERTEX_POINT ( 'NONE', #2905 ) ;
#4845 = SURFACE_STYLE_FILL_AREA ( #4367 ) ;
#4846 = CIRCLE ( 'NONE', #745, 4.999999999999997335 ) ;
#4847 = ORIENTED_EDGE ( 'NONE', *, *, #4147, .F. ) ;
#4848 = CARTESIAN_POINT ( 'NONE',  ( -84.90061124694371131, -14.33202933985330318, 71.35000000000002274 ) ) ;
#4849 = AXIS2_PLACEMENT_3D ( 'NONE', #4597, #4655, #1028 ) ;
#4850 = ORIENTED_EDGE ( 'NONE', *, *, #1777, .F. ) ;
#4851 = AXIS2_PLACEMENT_3D ( 'NONE', #2504, #536, #1704 ) ;
#4852 = FILL_AREA_STYLE ('',( #3239 ) ) ;
#4853 = DIRECTION ( 'NONE',  ( 0.000000000000000000, -0.000000000000000000, 1.000000000000000000 ) ) ;
#4854 = PRESENTATION_STYLE_ASSIGNMENT (( #2499 ) ) ;
#4855 = EDGE_CURVE ( 'NONE', #2700, #1761, #893, .T. ) ;
#4856 = DIRECTION ( 'NONE',  ( 0.000000000000000000, -1.000000000000000000, 0.000000000000000000 ) ) ;
#4857 = ORIENTED_EDGE ( 'NONE', *, *, #671, .F. ) ;
#4858 = PRESENTATION_LAYER_ASSIGNMENT (  '', '', ( #2598 ) ) ;
#4859 = ORIENTED_EDGE ( 'NONE', *, *, #3692, .F. ) ;
#4860 = DIRECTION ( 'NONE',  ( 0.000000000000000000, -1.000000000000000000, 0.000000000000000000 ) ) ;
#4861 = UNCERTAINTY_MEASURE_WITH_UNIT (LENGTH_MEASURE( 1.000000000000000082E-05 ), #4099, 'distance_accuracy_value', 'NONE');
#4862 = EDGE_CURVE ( 'NONE', #1370, #1631, #4092, .T. ) ;
#4863 =( NAMED_UNIT ( * ) PLANE_ANGLE_UNIT ( ) SI_UNIT ( $, .RADIAN. ) );
#4864 = FACE_BOUND ( 'NONE', #98, .T. ) ;
#4865 = CYLINDRICAL_SURFACE ( 'NONE', #2538, 2.000000000000001776 ) ;
#4866 = DIRECTION ( 'NONE',  ( 0.000000000000000000, -6.938893903907221278E-15, 1.000000000000000000 ) ) ;
#4867 = CYLINDRICAL_SURFACE ( 'NONE', #3125, 2.000000000000001776 ) ;
#4868 = FILL_AREA_STYLE_COLOUR ( '', #2205 ) ;
#4869 = ORIENTED_EDGE ( 'NONE', *, *, #3466, .T. ) ;
#4870 = MECHANICAL_DESIGN_GEOMETRIC_PRESENTATION_REPRESENTATION (  '', ( #1682 ), #4106 ) ;
#4871 = DIRECTION ( 'NONE',  ( 0.000000000000000000, 0.000000000000000000, 1.000000000000000000 ) ) ;
#4872 = CARTESIAN_POINT ( 'NONE',  ( -91.70061124694373689, -12.68202933985330461, -75.14999999999999147 ) ) ;
#4873 = ORIENTED_EDGE ( 'NONE', *, *, #2525, .F. ) ;
#4874 = FILL_AREA_STYLE_COLOUR ( '', #3212 ) ;
#4875 =( GEOMETRIC_REPRESENTATION_CONTEXT ( 3 ) GLOBAL_UNCERTAINTY_ASSIGNED_CONTEXT ( ( #4484 ) ) GLOBAL_UNIT_ASSIGNED_CONTEXT ( ( #4754, #2365, #1960 ) ) REPRESENTATION_CONTEXT ( 'NONE', 'WORKASPACE' ) );
#4876 = AXIS2_PLACEMENT_3D ( 'NONE', #3726, #4019, #2065 ) ;
#4877 = DIRECTION ( 'NONE',  ( 0.000000000000000000, 0.000000000000000000, 1.000000000000000000 ) ) ;
#4878 = VERTEX_POINT ( 'NONE', #941 ) ;
#4879 = ORIENTED_EDGE ( 'NONE', *, *, #4694, .F. ) ;
#4880 = VECTOR ( 'NONE', #4585, 1000.000000000000000 ) ;
#4881 = ORIENTED_EDGE ( 'NONE', *, *, #547, .F. ) ;
#4882 = CARTESIAN_POINT ( 'NONE',  ( -11.05061124694373831, -12.68202933985330993, -24.99999999999999289 ) ) ;
#4883 = VECTOR ( 'NONE', #4554, 1000.000000000000000 ) ;
#4884 = EDGE_CURVE ( 'NONE', #5091, #834, #2085, .T. ) ;
#4885 = LINE ( 'NONE', #3224, #436 ) ;
#4886 =( NAMED_UNIT ( * ) PLANE_ANGLE_UNIT ( ) SI_UNIT ( $, .RADIAN. ) );
#4887 = PRESENTATION_LAYER_ASSIGNMENT (  '', '', ( #2635 ) ) ;
#4888 = CARTESIAN_POINT ( 'NONE',  ( -82.90061124694371131, -14.33202933985330318, -1.073170206441713045E-14 ) ) ;
#4889 = AXIS2_PLACEMENT_3D ( 'NONE', #498, #4491, #1712 ) ;
#4890 = MECHANICAL_DESIGN_GEOMETRIC_PRESENTATION_REPRESENTATION (  '', ( #2542 ), #3963 ) ;
#4891 = SURFACE_SIDE_STYLE ('',( #4070 ) ) ;
#4892 = EDGE_CURVE ( 'NONE', #533, #1421, #300, .T. ) ;
#4893 = SURFACE_SIDE_STYLE ('',( #3645 ) ) ;
#4894 = VECTOR ( 'NONE', #4950, 1000.000000000000000 ) ;
#4895 = PRESENTATION_LAYER_ASSIGNMENT (  '', '', ( #3619 ) ) ;
#4896 = SURFACE_STYLE_FILL_AREA ( #3276 ) ;
#4897 = STYLED_ITEM ( 'NONE', ( #4335 ), #5082 ) ;
#4898 = SURFACE_SIDE_STYLE ('',( #2565 ) ) ;
#4899 = ORIENTED_EDGE ( 'NONE', *, *, #687, .F. ) ;
#4900 =( NAMED_UNIT ( * ) PLANE_ANGLE_UNIT ( ) SI_UNIT ( $, .RADIAN. ) );
#4901 = COLOUR_RGB ( '',1.000000000000000000, 1.000000000000000000, 1.000000000000000000 ) ;
#4902 = STYLED_ITEM ( 'NONE', ( #5015 ), #425 ) ;
#4903 = ADVANCED_FACE ( 'NONE', ( #2143 ), #2111, .F. ) ;
#4904 = FILL_AREA_STYLE_COLOUR ( '', #5075 ) ;
#4905 = AXIS2_PLACEMENT_3D ( 'NONE', #151, #1364, #2952 ) ;
#4906 =( LENGTH_UNIT ( ) NAMED_UNIT ( * ) SI_UNIT ( .MILLI., .METRE. ) );
#4907 = CARTESIAN_POINT ( 'NONE',  ( -14.05061124694373476, -112.8069513123572278, -24.99999999999999289 ) ) ;
#4908 = UNCERTAINTY_MEASURE_WITH_UNIT (LENGTH_MEASURE( 1.000000000000000082E-05 ), #2974, 'distance_accuracy_value', 'NONE');
#4909 = TOROIDAL_SURFACE ( 'NONE', #3139, 4.800000000000000711, 0.5000000000000000000 ) ;
#4910 = COLOUR_RGB ( '',1.000000000000000000, 1.000000000000000000, 1.000000000000000000 ) ;
#4911 = ORIENTED_EDGE ( 'NONE', *, *, #1345, .T. ) ;
#4912 = CARTESIAN_POINT ( 'NONE',  ( -91.70061124694373689, -21.18202933985330461, -75.14999999999999147 ) ) ;
#4913 = SURFACE_STYLE_USAGE ( .BOTH. , #1258 ) ;
#4914 = PRESENTATION_STYLE_ASSIGNMENT (( #3296 ) ) ;
#4915 = DIRECTION ( 'NONE',  ( 0.000000000000000000, 1.000000000000000000, 0.000000000000000000 ) ) ;
#4916 = EDGE_LOOP ( 'NONE', ( #443, #731, #4610, #4192 ) ) ;
#4917 = VERTEX_POINT ( 'NONE', #5014 ) ;
#4918 = ORIENTED_EDGE ( 'NONE', *, *, #2585, .T. ) ;
#4919 = LINE ( 'NONE', #3423, #2742 ) ;
#4920 =( NAMED_UNIT ( * ) SI_UNIT ( $, .STERADIAN. ) SOLID_ANGLE_UNIT ( ) );
#4921 = DIRECTION ( 'NONE',  ( 0.000000000000000000, 0.000000000000000000, -1.000000000000000000 ) ) ;
#4922 = FILL_AREA_STYLE ('',( #960 ) ) ;
#4923 = SURFACE_STYLE_USAGE ( .BOTH. , #4488 ) ;
#4924 = FILL_AREA_STYLE_COLOUR ( '', #3614 ) ;
#4925 = EDGE_CURVE ( 'NONE', #1412, #4030, #670, .T. ) ;
#4927 = ORIENTED_EDGE ( 'NONE', *, *, #875, .T. ) ;
#4926 = AXIS2_PLACEMENT_3D ( 'NONE', #3486, #1910, #25 ) ;
#4928 = ORIENTED_EDGE ( 'NONE', *, *, #1142, .T. ) ;
#4929 = FILL_AREA_STYLE_COLOUR ( '', #343 ) ;
#4930 = LINE ( 'NONE', #2916, #4883 ) ;
#4931 = AXIS2_PLACEMENT_3D ( 'NONE', #3022, #3469, #3393 ) ;
#4932 = ORIENTED_EDGE ( 'NONE', *, *, #5110, .T. ) ;
#4933 = CARTESIAN_POINT ( 'NONE',  ( -86.40061124694371131, -21.18202933985330461, 69.85000000000002274 ) ) ;
#4934 = LINE ( 'NONE', #4218, #4280 ) ;
#4935 = ORIENTED_EDGE ( 'NONE', *, *, #4962, .T. ) ;
#4936 = VERTEX_POINT ( 'NONE', #1084 ) ;
#4937 = PRESENTATION_LAYER_ASSIGNMENT (  '', '', ( #4350 ) ) ;
#4938 = DIRECTION ( 'NONE',  ( -1.846678351006580810E-16, 0.000000000000000000, -1.000000000000000000 ) ) ;
#4939 = SURFACE_STYLE_FILL_AREA ( #4483 ) ;
#4940 =( LENGTH_UNIT ( ) NAMED_UNIT ( * ) SI_UNIT ( .MILLI., .METRE. ) );
#4941 = SURFACE_SIDE_STYLE ('',( #286 ) ) ;
#4942 = MECHANICAL_DESIGN_GEOMETRIC_PRESENTATION_REPRESENTATION (  '', ( #92 ), #751 ) ;
#4943 = UNCERTAINTY_MEASURE_WITH_UNIT (LENGTH_MEASURE( 1.000000000000000082E-05 ), #2272, 'distance_accuracy_value', 'NONE');
#4944 =( NAMED_UNIT ( * ) SI_UNIT ( $, .STERADIAN. ) SOLID_ANGLE_UNIT ( ) );
#4945 = ORIENTED_EDGE ( 'NONE', *, *, #4424, .F. ) ;
#4946 = FACE_OUTER_BOUND ( 'NONE', #744, .T. ) ;
#4947 = CARTESIAN_POINT ( 'NONE',  ( 69.94938875305625459, -7.682029339853305494, -24.99999999999999289 ) ) ;
#4948 = CARTESIAN_POINT ( 'NONE',  ( -84.90061124694371131, -16.33202933985330318, 71.35000000000002274 ) ) ;
#4949 = ORIENTED_EDGE ( 'NONE', *, *, #4563, .T. ) ;
#4950 = DIRECTION ( 'NONE',  ( -1.007827727510127436E-16, 0.000000000000000000, -1.000000000000000000 ) ) ;
#4951 = EDGE_CURVE ( 'NONE', #3974, #3741, #2954, .T. ) ;
#4952 = VERTEX_POINT ( 'NONE', #686 ) ;
#4953 = ADVANCED_FACE ( 'NONE', ( #2287 ), #2987, .T. ) ;
#4954 = DIRECTION ( 'NONE',  ( -1.000000000000000000, 0.000000000000000000, 9.233391755032908980E-17 ) ) ;
#4955 =( NAMED_UNIT ( * ) PLANE_ANGLE_UNIT ( ) SI_UNIT ( $, .RADIAN. ) );
#4956 =( LENGTH_UNIT ( ) NAMED_UNIT ( * ) SI_UNIT ( .MILLI., .METRE. ) );
#4957 = PRESENTATION_LAYER_ASSIGNMENT (  '', '', ( #4365 ) ) ;
#4958 = CARTESIAN_POINT ( 'NONE',  ( -16.05061124694373476, -7.682029339853305494, -24.99999999999999289 ) ) ;
#4959 = ORIENTED_EDGE ( 'NONE', *, *, #4884, .F. ) ;
#4960 = ORIENTED_EDGE ( 'NONE', *, *, #2391, .T. ) ;
#4961 = ORIENTED_EDGE ( 'NONE', *, *, #2517, .F. ) ;
#4962 = EDGE_CURVE ( 'NONE', #73, #1899, #1446, .T. ) ;
#4963 = PRESENTATION_LAYER_ASSIGNMENT (  '', '', ( #5126 ) ) ;
#4964 = DIRECTION ( 'NONE',  ( 1.000000000000000000, -0.000000000000000000, -0.000000000000000000 ) ) ;
#4965 = CARTESIAN_POINT ( 'NONE',  ( 68.94938875305625459, -9.982029339853303540, -15.75000000000001421 ) ) ;
#4966 =( NAMED_UNIT ( * ) SI_UNIT ( $, .STERADIAN. ) SOLID_ANGLE_UNIT ( ) );
#4967 = COLOUR_RGB ( '',1.000000000000000000, 1.000000000000000000, 1.000000000000000000 ) ;
#4968 =( NAMED_UNIT ( * ) PLANE_ANGLE_UNIT ( ) SI_UNIT ( $, .RADIAN. ) );
#4969 = PRESENTATION_LAYER_ASSIGNMENT (  '', '', ( #1371 ) ) ;
#4970 = SURFACE_SIDE_STYLE ('',( #2490 ) ) ;
#4971 =( NAMED_UNIT ( * ) SI_UNIT ( $, .STERADIAN. ) SOLID_ANGLE_UNIT ( ) );
#4972 = PRESENTATION_LAYER_ASSIGNMENT (  '', '', ( #4457 ) ) ;
#4973 = VERTEX_POINT ( 'NONE', #4648 ) ;
#4974 =( NAMED_UNIT ( * ) PLANE_ANGLE_UNIT ( ) SI_UNIT ( $, .RADIAN. ) );
#4975 = LINE ( 'NONE', #1459, #4225 ) ;
#4976 = ORIENTED_EDGE ( 'NONE', *, *, #2323, .F. ) ;
#4977 = MECHANICAL_DESIGN_GEOMETRIC_PRESENTATION_REPRESENTATION (  '', ( #476 ), #1957 ) ;
#4978 = PRESENTATION_LAYER_ASSIGNMENT (  '', '', ( #3366 ) ) ;
#4979 = DIRECTION ( 'NONE',  ( -0.000000000000000000, -0.000000000000000000, 1.000000000000000000 ) ) ;
#4980 = PRESENTATION_LAYER_ASSIGNMENT (  '', '', ( #2107 ) ) ;
#4981 = CARTESIAN_POINT ( 'NONE',  ( -16.05061124694372765, -8.682029339853306382, 25.00000000000000000 ) ) ;
#4982 = LINE ( 'NONE', #3734, #3630 ) ;
#4983 = EDGE_CURVE ( 'NONE', #4756, #4587, #3290, .T. ) ;
#4984 = MECHANICAL_DESIGN_GEOMETRIC_PRESENTATION_REPRESENTATION (  '', ( #3131 ), #3376 ) ;
#4985 = AXIS2_PLACEMENT_3D ( 'NONE', #4907, #905, #1312 ) ;
#4986 = PRESENTATION_STYLE_ASSIGNMENT (( #2161 ) ) ;
#4987 = MECHANICAL_DESIGN_GEOMETRIC_PRESENTATION_REPRESENTATION (  '', ( #639 ), #5067 ) ;
#4988 = SURFACE_STYLE_FILL_AREA ( #2521 ) ;
#4989 = DIRECTION ( 'NONE',  ( 0.000000000000000000, 0.000000000000000000, -1.000000000000000000 ) ) ;
#4990 = FACE_OUTER_BOUND ( 'NONE', #4358, .T. ) ;
#4991 = EDGE_LOOP ( 'NONE', ( #1014, #4193, #3210, #3243 ) ) ;
#4992 = EDGE_CURVE ( 'NONE', #2803, #4878, #2605, .T. ) ;
#4993 = AXIS2_PLACEMENT_3D ( 'NONE', #4438, #1199, #3186 ) ;
#4994 = VECTOR ( 'NONE', #3337, 1000.000000000000000 ) ;
#4995 = VERTEX_POINT ( 'NONE', #1054 ) ;
#4996 = ORIENTED_EDGE ( 'NONE', *, *, #2291, .F. ) ;
#4997 = LINE ( 'NONE', #1402, #4009 ) ;
#4998 = FILL_AREA_STYLE_COLOUR ( '', #4806 ) ;
#4999 = CARTESIAN_POINT ( 'NONE',  ( -86.40061124694371131, -21.18202933985330461, 75.15000000000001990 ) ) ;
#5000 = SURFACE_STYLE_FILL_AREA ( #2211 ) ;
#5001 = DIRECTION ( 'NONE',  ( 0.000000000000000000, 1.000000000000000000, 0.000000000000000000 ) ) ;
#5002 =( NAMED_UNIT ( * ) PLANE_ANGLE_UNIT ( ) SI_UNIT ( $, .RADIAN. ) );
#5003 = ORIENTED_EDGE ( 'NONE', *, *, #3363, .F. ) ;
#5004 = SURFACE_STYLE_FILL_AREA ( #601 ) ;
#5005 = CYLINDRICAL_SURFACE ( 'NONE', #1616, 4.999999999999997335 ) ;
#5006 = STYLED_ITEM ( 'NONE', ( #3197 ), #3096 ) ;
#5007 =( NAMED_UNIT ( * ) SI_UNIT ( $, .STERADIAN. ) SOLID_ANGLE_UNIT ( ) );
#5008 = CARTESIAN_POINT ( 'NONE',  ( -14.05061124694373476, -21.68202933985330461, -15.29999999999999716 ) ) ;
#5009 = COLOUR_RGB ( '',1.000000000000000000, 1.000000000000000000, 1.000000000000000000 ) ;
#5010 = VERTEX_POINT ( 'NONE', #2658 ) ;
#5011 = ORIENTED_EDGE ( 'NONE', *, *, #5144, .T. ) ;
#5012 = VERTEX_POINT ( 'NONE', #2202 ) ;
#5013 = CARTESIAN_POINT ( 'NONE',  ( -11.05061124694373831, -112.8069513123572278, -27.99999999999998934 ) ) ;
#5014 = CARTESIAN_POINT ( 'NONE',  ( -16.05061124694372765, -10.68202933985330461, 25.00000000000000000 ) ) ;
#5015 = PRESENTATION_STYLE_ASSIGNMENT (( #1806 ) ) ;
#5016 = ADVANCED_FACE ( 'NONE', ( #3961 ), #2866, .F. ) ;
#5017 = DIRECTION ( 'NONE',  ( -1.000000000000000000, 0.000000000000000000, 0.000000000000000000 ) ) ;
#5018 = PRESENTATION_LAYER_ASSIGNMENT (  '', '', ( #2594 ) ) ;
#5019 = DIRECTION ( 'NONE',  ( 0.000000000000000000, 0.000000000000000000, -1.000000000000000000 ) ) ;
#5020 =( LENGTH_UNIT ( ) NAMED_UNIT ( * ) SI_UNIT ( .MILLI., .METRE. ) );
#5021 = ADVANCED_FACE ( 'NONE', ( #2752 ), #3584, .T. ) ;
#5022 = LINE ( 'NONE', #2072, #1764 ) ;
#5023 = SURFACE_STYLE_USAGE ( .BOTH. , #4738 ) ;
#5024 = ORIENTED_EDGE ( 'NONE', *, *, #4020, .T. ) ;
#5025 = ORIENTED_EDGE ( 'NONE', *, *, #67, .T. ) ;
#5026 =( NAMED_UNIT ( * ) PLANE_ANGLE_UNIT ( ) SI_UNIT ( $, .RADIAN. ) );
#5027 = SURFACE_STYLE_FILL_AREA ( #4158 ) ;
#5028 = FILL_AREA_STYLE ('',( #638 ) ) ;
#5029 =( NAMED_UNIT ( * ) PLANE_ANGLE_UNIT ( ) SI_UNIT ( $, .RADIAN. ) );
#5030 = DIRECTION ( 'NONE',  ( 1.387778780781445922E-16, -2.168404344971008868E-16, 1.000000000000000000 ) ) ;
#5031 = CARTESIAN_POINT ( 'NONE',  ( 144.3993887530562859, -14.33202933985330318, -71.34999999999999432 ) ) ;
#5032 = PRESENTATION_STYLE_ASSIGNMENT (( #4162 ) ) ;
#5033 = LINE ( 'NONE', #1439, #2114 ) ;
#5034 = EDGE_LOOP ( 'NONE', ( #4960, #3855, #206, #3403 ) ) ;
#5035 = ORIENTED_EDGE ( 'NONE', *, *, #1835, .T. ) ;
#5036 = ORIENTED_EDGE ( 'NONE', *, *, #2894, .T. ) ;
#5037 =( NAMED_UNIT ( * ) SI_UNIT ( $, .STERADIAN. ) SOLID_ANGLE_UNIT ( ) );
#5038 = SURFACE_STYLE_FILL_AREA ( #3348 ) ;
#5039 =( NAMED_UNIT ( * ) SI_UNIT ( $, .STERADIAN. ) SOLID_ANGLE_UNIT ( ) );
#5040 = AXIS2_PLACEMENT_3D ( 'NONE', #5151, #4762, #28 ) ;
#5041 = UNCERTAINTY_MEASURE_WITH_UNIT (LENGTH_MEASURE( 1.000000000000000082E-05 ), #2008, 'distance_accuracy_value', 'NONE');
#5042 = CARTESIAN_POINT ( 'NONE',  ( -11.05061124694373120, -7.682029339853305494, 29.00000000000000000 ) ) ;
#5043 = EDGE_CURVE ( 'NONE', #4223, #120, #4461, .T. ) ;
#5044 = CARTESIAN_POINT ( 'NONE',  ( -7.550611246943686794, -13.83202933985330318, 27.00000000000000000 ) ) ;
#5045 =( LENGTH_UNIT ( ) NAMED_UNIT ( * ) SI_UNIT ( .MILLI., .METRE. ) );
#5046 =( NAMED_UNIT ( * ) PLANE_ANGLE_UNIT ( ) SI_UNIT ( $, .RADIAN. ) );
#5047 = CARTESIAN_POINT ( 'NONE',  ( 66.94938875305625459, -9.682029339853304606, 2.849999999999999645 ) ) ;
#5048 =( NAMED_UNIT ( * ) PLANE_ANGLE_UNIT ( ) SI_UNIT ( $, .RADIAN. ) );
#5049 = DIRECTION ( 'NONE',  ( -0.000000000000000000, 1.000000000000000000, -0.000000000000000000 ) ) ;
#5050 =( GEOMETRIC_REPRESENTATION_CONTEXT ( 3 ) GLOBAL_UNCERTAINTY_ASSIGNED_CONTEXT ( ( #2 ) ) GLOBAL_UNIT_ASSIGNED_CONTEXT ( ( #1868, #1542, #4631 ) ) REPRESENTATION_CONTEXT ( 'NONE', 'WORKASPACE' ) );
#5051 = VECTOR ( 'NONE', #2929, 1000.000000000000000 ) ;
#5052 = CARTESIAN_POINT ( 'NONE',  ( -12.05061124694373120, -9.682029339853301053, 0.000000000000000000 ) ) ;
#5053 =( GEOMETRIC_REPRESENTATION_CONTEXT ( 3 ) GLOBAL_UNCERTAINTY_ASSIGNED_CONTEXT ( ( #3589 ) ) GLOBAL_UNIT_ASSIGNED_CONTEXT ( ( #31, #9, #4046 ) ) REPRESENTATION_CONTEXT ( 'NONE', 'WORKASPACE' ) );
#5054 = EDGE_CURVE ( 'NONE', #1700, #617, #4798, .T. ) ;
#5055 = PRESENTATION_LAYER_ASSIGNMENT (  '', '', ( #54 ) ) ;
#5056 = CARTESIAN_POINT ( 'NONE',  ( -7.550611246943700117, -21.68202933985330461, -26.50000000000000000 ) ) ;
#5057 = DIRECTION ( 'NONE',  ( 0.000000000000000000, 0.000000000000000000, 1.000000000000000000 ) ) ;
#5058 = SURFACE_SIDE_STYLE ('',( #604 ) ) ;
#5059 = SURFACE_SIDE_STYLE ('',( #3446 ) ) ;
#5060 = AXIS2_PLACEMENT_3D ( 'NONE', #4103, #3293, #4530 ) ;
#5061 = FILL_AREA_STYLE ('',( #1152 ) ) ;
#5062 = ORIENTED_EDGE ( 'NONE', *, *, #5043, .T. ) ;
#5063 = UNCERTAINTY_MEASURE_WITH_UNIT (LENGTH_MEASURE( 1.000000000000000082E-05 ), #2908, 'distance_accuracy_value', 'NONE');
#5064 = AXIS2_PLACEMENT_3D ( 'NONE', #5162, #4715, #2697 ) ;
#5065 = ORIENTED_EDGE ( 'NONE', *, *, #630, .T. ) ;
#5066 = VERTEX_POINT ( 'NONE', #2805 ) ;
#5067 =( GEOMETRIC_REPRESENTATION_CONTEXT ( 3 ) GLOBAL_UNCERTAINTY_ASSIGNED_CONTEXT ( ( #2444 ) ) GLOBAL_UNIT_ASSIGNED_CONTEXT ( ( #1555, #315, #4255 ) ) REPRESENTATION_CONTEXT ( 'NONE', 'WORKASPACE' ) );
#5068 = LINE ( 'NONE', #261, #1000 ) ;
#5069 = FACE_OUTER_BOUND ( 'NONE', #480, .T. ) ;
#5070 = VECTOR ( 'NONE', #1223, 1000.000000000000000 ) ;
#5071 = MECHANICAL_DESIGN_GEOMETRIC_PRESENTATION_REPRESENTATION (  '', ( #400 ), #4137 ) ;
#5072 = DIRECTION ( 'NONE',  ( -1.000000000000000000, 0.000000000000000000, 0.000000000000000000 ) ) ;
#5073 = UNCERTAINTY_MEASURE_WITH_UNIT (LENGTH_MEASURE( 1.000000000000000082E-05 ), #305, 'distance_accuracy_value', 'NONE');
#5074 = MECHANICAL_DESIGN_GEOMETRIC_PRESENTATION_REPRESENTATION (  '', ( #4233 ), #1558 ) ;
#5075 = COLOUR_RGB ( '',1.000000000000000000, 1.000000000000000000, 1.000000000000000000 ) ;
#5076 = PRESENTATION_STYLE_ASSIGNMENT (( #3842 ) ) ;
#5077 = DIRECTION ( 'NONE',  ( 0.000000000000000000, -1.000000000000000000, 0.000000000000000000 ) ) ;
#5078 = DIRECTION ( 'NONE',  ( -1.000000000000000000, 0.000000000000000000, -0.000000000000000000 ) ) ;
#5079 =( BOUNDED_CURVE ( )  B_SPLINE_CURVE ( 3, ( #3525, #2312, #356, #332 ),
 .UNSPECIFIED., .F., .T. ) 
 B_SPLINE_CURVE_WITH_KNOTS ( ( 4, 4 ),
 ( 3.141592653589793116, 4.712388980384682569 ),
 .UNSPECIFIED. ) 
 CURVE ( )  GEOMETRIC_REPRESENTATION_ITEM ( )  RATIONAL_B_SPLINE_CURVE ( ( 1.000000000000000000, 0.8047378541243667138, 0.8047378541243667138, 1.000000000000000000 ) ) 
 REPRESENTATION_ITEM ( '' )  );
#5080 = CYLINDRICAL_SURFACE ( 'NONE', #1660, 2.000000000000001776 ) ;
#5081 = ORIENTED_EDGE ( 'NONE', *, *, #3064, .T. ) ;
#5082 = ADVANCED_FACE ( 'NONE', ( #4010 ), #441, .T. ) ;
#5083 = CARTESIAN_POINT ( 'NONE',  ( 65.94938875305625459, -112.8069513123572278, 25.00000000000000000 ) ) ;
#5084 = DIRECTION ( 'NONE',  ( -0.000000000000000000, 1.000000000000000000, -0.000000000000000000 ) ) ;
#5085 = AXIS2_PLACEMENT_3D ( 'NONE', #4102, #2804, #3673 ) ;
#5086 = EDGE_CURVE ( 'NONE', #767, #1283, #4031, .T. ) ;
#5087 = PLANE ( 'NONE',  #959 ) ;
#5088 = ORIENTED_EDGE ( 'NONE', *, *, #2848, .F. ) ;
#5089 = ORIENTED_EDGE ( 'NONE', *, *, #1109, .F. ) ;
#5090 = ORIENTED_EDGE ( 'NONE', *, *, #564, .T. ) ;
#5091 = VERTEX_POINT ( 'NONE', #3674 ) ;
#5092 = FILL_AREA_STYLE ('',( #5141 ) ) ;
#5093 = FACE_BOUND ( 'NONE', #752, .T. ) ;
#5094 = AXIS2_PLACEMENT_3D ( 'NONE', #2277, #4938, #304 ) ;
#5095 = VECTOR ( 'NONE', #2666, 1000.000000000000000 ) ;
#5096 = FACE_OUTER_BOUND ( 'NONE', #2337, .T. ) ;
#5097 = CYLINDRICAL_SURFACE ( 'NONE', #2346, 0.5000000000000004441 ) ;
#5098 = MECHANICAL_DESIGN_GEOMETRIC_PRESENTATION_REPRESENTATION (  '', ( #2067 ), #1249 ) ;
#5099 =( LENGTH_UNIT ( ) NAMED_UNIT ( * ) SI_UNIT ( .MILLI., .METRE. ) );
#5100 = FACE_OUTER_BOUND ( 'NONE', #4626, .T. ) ;
#5101 = VECTOR ( 'NONE', #4570, 1000.000000000000000 ) ;
#5102 = SURFACE_STYLE_FILL_AREA ( #4298 ) ;
#5103 = EDGE_CURVE ( 'NONE', #1479, #2925, #3967, .T. ) ;
#5104 = FILL_AREA_STYLE ('',( #3499 ) ) ;
#5105 =( NAMED_UNIT ( * ) SI_UNIT ( $, .STERADIAN. ) SOLID_ANGLE_UNIT ( ) );
#5106 = FACE_OUTER_BOUND ( 'NONE', #1573, .T. ) ;
#5107 = DIRECTION ( 'NONE',  ( 1.387778780781445922E-16, -0.000000000000000000, 1.000000000000000000 ) ) ;
#5108 = EDGE_LOOP ( 'NONE', ( #3820, #3007, #969, #3831 ) ) ;
#5109 = ORIENTED_EDGE ( 'NONE', *, *, #395, .T. ) ;
#5110 = EDGE_CURVE ( 'NONE', #51, #1999, #2546, .T. ) ;
#5111 = ORIENTED_EDGE ( 'NONE', *, *, #1710, .T. ) ;
#5112 = ORIENTED_EDGE ( 'NONE', *, *, #2420, .F. ) ;
#5113 = CARTESIAN_POINT ( 'NONE',  ( -11.05061124694373831, -10.68202933985330461, -24.99999999999999289 ) ) ;
#5114 = CARTESIAN_POINT ( 'NONE',  ( 140.2993887530562631, -20.33202933985330318, -74.14999999999999147 ) ) ;
#5115 = ORIENTED_EDGE ( 'NONE', *, *, #1409, .F. ) ;
#5116 = ADVANCED_FACE ( 'NONE', ( #1233 ), #2216, .T. ) ;
#5117 = FILL_AREA_STYLE_COLOUR ( '', #1487 ) ;
#5118 =( LENGTH_UNIT ( ) NAMED_UNIT ( * ) SI_UNIT ( .MILLI., .METRE. ) );
#5119 = UNCERTAINTY_MEASURE_WITH_UNIT (LENGTH_MEASURE( 1.000000000000000082E-05 ), #3380, 'distance_accuracy_value', 'NONE');
#5120 = PRESENTATION_STYLE_ASSIGNMENT (( #4737 ) ) ;
#5121 = SURFACE_STYLE_FILL_AREA ( #294 ) ;
#5122 = ADVANCED_FACE ( 'NONE', ( #1648 ), #2103, .F. ) ;
#5123 = LINE ( 'NONE', #3152, #4512 ) ;
#5124 = MECHANICAL_DESIGN_GEOMETRIC_PRESENTATION_REPRESENTATION (  '', ( #3106 ), #1112 ) ;
#5125 = VERTEX_POINT ( 'NONE', #2134 ) ;
#5126 = STYLED_ITEM ( 'NONE', ( #2513 ), #2776 ) ;
#5127 = PRESENTATION_STYLE_ASSIGNMENT (( #3420 ) ) ;
#5128 = FILL_AREA_STYLE_COLOUR ( '', #1378 ) ;
#5129 =( GEOMETRIC_REPRESENTATION_CONTEXT ( 3 ) GLOBAL_UNCERTAINTY_ASSIGNED_CONTEXT ( ( #4430 ) ) GLOBAL_UNIT_ASSIGNED_CONTEXT ( ( #202, #3825, #3368 ) ) REPRESENTATION_CONTEXT ( 'NONE', 'WORKASPACE' ) );
#5130 = SURFACE_SIDE_STYLE ('',( #4845 ) ) ;
#5131 = CIRCLE ( 'NONE', #1282, 5.299999999999998934 ) ;
#5132 = PLANE ( 'NONE',  #2881 ) ;
#5133 = CARTESIAN_POINT ( 'NONE',  ( -86.40061124694371131, -21.68202933985330461, 74.65000000000001990 ) ) ;
#5134 = ORIENTED_EDGE ( 'NONE', *, *, #1565, .T. ) ;
#5135 = MECHANICAL_DESIGN_GEOMETRIC_PRESENTATION_REPRESENTATION (  '', ( #4457 ), #4042 ) ;
#5136 = VECTOR ( 'NONE', #1354, 1000.000000000000000 ) ;
#5137 = ORIENTED_EDGE ( 'NONE', *, *, #3127, .T. ) ;
#5138 = AXIS2_PLACEMENT_3D ( 'NONE', #1004, #3693, #2533 ) ;
#5139 = ORIENTED_EDGE ( 'NONE', *, *, #3871, .F. ) ;
#5140 = CARTESIAN_POINT ( 'NONE',  ( 70.94938875305625459, -8.682029339853306382, -9.250000000000010658 ) ) ;
#5141 = FILL_AREA_STYLE_COLOUR ( '', #1784 ) ;
#5142 = PRESENTATION_STYLE_ASSIGNMENT (( #1505 ) ) ;
#5143 = AXIS2_PLACEMENT_3D ( 'NONE', #4933, #931, #3636 ) ;
#5144 = EDGE_CURVE ( 'NONE', #396, #2749, #199, .T. ) ;
#5145 = VECTOR ( 'NONE', #3826, 1000.000000000000000 ) ;
#5146 =( GEOMETRIC_REPRESENTATION_CONTEXT ( 3 ) GLOBAL_UNCERTAINTY_ASSIGNED_CONTEXT ( ( #3543 ) ) GLOBAL_UNIT_ASSIGNED_CONTEXT ( ( #1507, #4035, #1065 ) ) REPRESENTATION_CONTEXT ( 'NONE', 'WORKASPACE' ) );
#5147 = ORIENTED_EDGE ( 'NONE', *, *, #1080, .F. ) ;
#5148 = DIRECTION ( 'NONE',  ( -0.000000000000000000, 1.000000000000000000, -0.000000000000000000 ) ) ;
#5149 = DIRECTION ( 'NONE',  ( 0.000000000000000000, -1.000000000000000000, 0.000000000000000000 ) ) ;
#5150 = CIRCLE ( 'NONE', #3136, 4.999999999999997335 ) ;
#5151 = CARTESIAN_POINT ( 'NONE',  ( -85.40061124694372552, -20.33202933985330318, -74.14999999999999147 ) ) ;
#5152 = ADVANCED_FACE ( 'NONE', ( #3062 ), #1046, .T. ) ;
#5153 = STYLED_ITEM ( 'NONE', ( #1074 ), #737 ) ;
#5154 =( NAMED_UNIT ( * ) SI_UNIT ( $, .STERADIAN. ) SOLID_ANGLE_UNIT ( ) );
#5155 = ORIENTED_EDGE ( 'NONE', *, *, #2335, .T. ) ;
#5156 = DIRECTION ( 'NONE',  ( 1.387778780781445922E-16, -0.000000000000000000, 1.000000000000000000 ) ) ;
#5157 = DIRECTION ( 'NONE',  ( 0.000000000000000000, 0.000000000000000000, 1.000000000000000000 ) ) ;
#5158 = DIRECTION ( 'NONE',  ( 1.000000000000000000, -0.000000000000000000, -0.000000000000000000 ) ) ;
#5159 = DIRECTION ( 'NONE',  ( 0.000000000000000000, 0.000000000000000000, -1.000000000000000000 ) ) ;
#5160 = SURFACE_SIDE_STYLE ('',( #3557 ) ) ;
#5161 = DIRECTION ( 'NONE',  ( 1.387778780781445922E-16, -1.508455196501572810E-15, 1.000000000000000000 ) ) ;
#5162 = CARTESIAN_POINT ( 'NONE',  ( -85.40061124694369710, -21.68202933985330461, 68.85000000000002274 ) ) ;
#5163 = VERTEX_POINT ( 'NONE', #2191 ) ;
#5164 = ORIENTED_EDGE ( 'NONE', *, *, #2159, .F. ) ;
#5165 = SURFACE_STYLE_USAGE ( .BOTH. , #1574 ) ;
#5166 =( LENGTH_UNIT ( ) NAMED_UNIT ( * ) SI_UNIT ( .MILLI., .METRE. ) );
#5167 = VECTOR ( 'NONE', #810, 1000.000000000000000 ) ;
#5168 = VERTEX_POINT ( 'NONE', #965 ) ;
#5169 = SURFACE_STYLE_FILL_AREA ( #420 ) ;
#5170 = ADVANCED_FACE ( 'NONE', ( #232 ), #1073, .F. ) ;
#5171 = DIRECTION ( 'NONE',  ( 0.000000000000000000, 0.000000000000000000, -1.000000000000000000 ) ) ;
ENDSEC;
END-ISO-10303-21;
