ISO-10303-21;
HEADER;
FILE_DESCRIPTION (( 'STEP AP214' ),
    '1' );
FILE_NAME ('ºó8.0.STEP',
    '2026-09-18T01:49:14',
    ( 'Windows User' ),
    ( 'P R C' ),
    'SwSTEP 2.0',
    'SolidWorks 2023',
    '' );
FILE_SCHEMA (( 'AUTOMOTIVE_DESIGN' ));
ENDSEC;

DATA;
#1 = CIRCLE ( 'NONE', #3615, 1.000000000000000000 ) ;
#2 = LINE ( 'NONE', #1924, #229 ) ;
#3 = EDGE_CURVE ( 'NONE', #3931, #3860, #4928, .T. ) ;
#4 = EDGE_LOOP ( 'NONE', ( #3170, #3646, #6181, #6025 ) ) ;
#5 = CARTESIAN_POINT ( 'NONE',  ( 55.85349847498640230, 5.317970660146690065, 0.000000000000000000 ) ) ;
#6 = CARTESIAN_POINT ( 'NONE',  ( 70.94938875305629722, -7.682029339853309935, -9.449999999999999289 ) ) ;
#7 = CARTESIAN_POINT ( 'NONE',  ( 68.64938875305628585, -9.782029339853300698, 15.54999999999999893 ) ) ;
#8 = ORIENTED_EDGE ( 'NONE', *, *, #4183, .F. ) ;
#9 = CARTESIAN_POINT ( 'NONE',  ( 68.64938875305628585, -9.782029339853300698, -15.54999999999999893 ) ) ;
#10 = EDGE_LOOP ( 'NONE', ( #6130, #5647, #4915, #3580 ) ) ;
#11 = CARTESIAN_POINT ( 'NONE',  ( -2.150611246943755273, -4.582029339853310290, -23.30000000000000071 ) ) ;
#12 = DIRECTION ( 'NONE',  ( 0.000000000000000000, 0.000000000000000000, -1.000000000000000000 ) ) ;
#13 = FACE_BOUND ( 'NONE', #4204, .T. ) ;
#14 = DIRECTION ( 'NONE',  ( 0.000000000000000000, 0.000000000000000000, -1.000000000000000000 ) ) ;
#15 = FACE_OUTER_BOUND ( 'NONE', #5980, .T. ) ;
#16 = EDGE_CURVE ( 'NONE', #4837, #5635, #335, .T. ) ;
#17 = ORIENTED_EDGE ( 'NONE', *, *, #1991, .F. ) ;
#18 = PLANE ( 'NONE',  #2466 ) ;
#19 = CARTESIAN_POINT ( 'NONE',  ( 70.94938875305629722, -8.782029339853300698, -9.449999999999999289 ) ) ;
#20 = EDGE_CURVE ( 'NONE', #3518, #6012, #921, .T. ) ;
#21 = ORIENTED_EDGE ( 'NONE', *, *, #6055, .T. ) ;
#22 = AXIS2_PLACEMENT_3D ( 'NONE', #5849, #4385, #1543 ) ;
#23 = CARTESIAN_POINT ( 'NONE',  ( 63.84938875305628869, -4.582029339853310290, 22.70000000000000284 ) ) ;
#24 = VERTEX_POINT ( 'NONE', #1426 ) ;
#25 = CARTESIAN_POINT ( 'NONE',  ( 41.00876143713075095, 2.317970660146694950, -10.95125337509577967 ) ) ;
#26 = CARTESIAN_POINT ( 'NONE',  ( 44.15495211150989263, 5.317970660146690065, -25.94512806027880103 ) ) ;
#27 = VECTOR ( 'NONE', #3612, 1000.000000000000000 ) ;
#28 = CARTESIAN_POINT ( 'NONE',  ( 53.06673996170920304, 4.017970660146695572, -2.951253375095760134 ) ) ;
#29 = VERTEX_POINT ( 'NONE', #484 ) ;
#30 = VECTOR ( 'NONE', #5233, 1000.000000000000000 ) ;
#31 = CARTESIAN_POINT ( 'NONE',  ( 63.84938875305628869, -3.982029339853304872, -23.30000000000000071 ) ) ;
#32 = LINE ( 'NONE', #2931, #5384 ) ;
#33 = LINE ( 'NONE', #2025, #2297 ) ;
#34 = VERTEX_POINT ( 'NONE', #5705 ) ;
#35 = DIRECTION ( 'NONE',  ( 0.000000000000000000, 0.000000000000000000, -1.000000000000000000 ) ) ;
#36 = VECTOR ( 'NONE', #2340, 1000.000000000000000 ) ;
#37 = ORIENTED_EDGE ( 'NONE', *, *, #3670, .F. ) ;
#38 = ORIENTED_EDGE ( 'NONE', *, *, #2517, .T. ) ;
#39 = LINE ( 'NONE', #962, #3239 ) ;
#40 = ORIENTED_EDGE ( 'NONE', *, *, #2213, .T. ) ;
#41 = DIRECTION ( 'NONE',  ( 1.000000000000000000, 0.000000000000000000, 0.000000000000000000 ) ) ;
#42 = DIRECTION ( 'NONE',  ( 0.000000000000000000, 0.000000000000000000, -1.000000000000000000 ) ) ;
#43 = EDGE_CURVE ( 'NONE', #2059, #4933, #3327, .T. ) ;
#44 = AXIS2_PLACEMENT_3D ( 'NONE', #3343, #3374, #4818 ) ;
#45 = LINE ( 'NONE', #1973, #55 ) ;
#46 = DIRECTION ( 'NONE',  ( 0.000000000000000000, 1.000000000000000000, 0.000000000000000000 ) ) ;
#47 = EDGE_CURVE ( 'NONE', #3950, #5686, #3342, .T. ) ;
#48 = ORIENTED_EDGE ( 'NONE', *, *, #1203, .T. ) ;
#49 = ADVANCED_FACE ( 'NONE', ( #1398 ), #2346, .F. ) ;
#50 = VECTOR ( 'NONE', #2899, 1000.000000000000000 ) ;
#51 = AXIS2_PLACEMENT_3D ( 'NONE', #345, #2268, #523 ) ;
#52 = EDGE_LOOP ( 'NONE', ( #3308, #289, #2506, #5627 ) ) ;
#53 = ORIENTED_EDGE ( 'NONE', *, *, #2132, .T. ) ;
#54 = EDGE_CURVE ( 'NONE', #5596, #1934, #2437, .T. ) ;
#55 = VECTOR ( 'NONE', #5362, 1000.000000000000000 ) ;
#56 = CARTESIAN_POINT ( 'NONE',  ( 63.84938875305628869, 4.017970660146695572, -21.89999999999999858 ) ) ;
#57 = FACE_OUTER_BOUND ( 'NONE', #3606, .T. ) ;
#58 = ORIENTED_EDGE ( 'NONE', *, *, #5405, .T. ) ;
#59 = EDGE_CURVE ( 'NONE', #2673, #3389, #924, .T. ) ;
#60 = DIRECTION ( 'NONE',  ( 0.000000000000000000, -1.000000000000000000, 0.000000000000000000 ) ) ;
#61 = ORIENTED_EDGE ( 'NONE', *, *, #5544, .F. ) ;
#62 = FACE_OUTER_BOUND ( 'NONE', #5041, .T. ) ;
#63 = VECTOR ( 'NONE', #4942, 1000.000000000000000 ) ;
#64 = CARTESIAN_POINT ( 'NONE',  ( 61.34938875305630290, -3.982029339853304872, 22.70000000000000284 ) ) ;
#65 = ADVANCED_FACE ( 'NONE', ( #2812 ), #1969, .F. ) ;
#66 = VECTOR ( 'NONE', #3108, 1000.000000000000000 ) ;
#67 = DIRECTION ( 'NONE',  ( 0.000000000000000000, -1.000000000000000000, 0.000000000000000000 ) ) ;
#68 = ORIENTED_EDGE ( 'NONE', *, *, #5847, .F. ) ;
#69 = CARTESIAN_POINT ( 'NONE',  ( 67.34938875305628869, -2.582029339853309846, 18.23512053801294996 ) ) ;
#70 = DIRECTION ( 'NONE',  ( 0.000000000000000000, 0.000000000000000000, -1.000000000000000000 ) ) ;
#71 = CYLINDRICAL_SURFACE ( 'NONE', #475, 0.5000000000000004441 ) ;
#72 = VERTEX_POINT ( 'NONE', #4260 ) ;
#73 = AXIS2_PLACEMENT_3D ( 'NONE', #5491, #2686, #5550 ) ;
#74 = ORIENTED_EDGE ( 'NONE', *, *, #4316, .F. ) ;
#75 = DIRECTION ( 'NONE',  ( 0.000000000000000000, 0.000000000000000000, -1.000000000000000000 ) ) ;
#76 = VERTEX_POINT ( 'NONE', #4363 ) ;
#77 = DIRECTION ( 'NONE',  ( 0.000000000000000000, 0.000000000000000000, -1.000000000000000000 ) ) ;
#78 = DIRECTION ( 'NONE',  ( 0.000000000000000000, 0.000000000000000000, -1.000000000000000000 ) ) ;
#79 = FACE_OUTER_BOUND ( 'NONE', #4278, .T. ) ;
#80 = VERTEX_POINT ( 'NONE', #896 ) ;
#81 = ORIENTED_EDGE ( 'NONE', *, *, #2131, .T. ) ;
#82 = VERTEX_POINT ( 'NONE', #1870 ) ;
#83 = EDGE_CURVE ( 'NONE', #93, #4546, #4939, .T. ) ;
#84 = EDGE_CURVE ( 'NONE', #1835, #4609, #5177, .T. ) ;
#85 = PLANE ( 'NONE',  #1965 ) ;
#86 = CARTESIAN_POINT ( 'NONE',  ( 65.94938875305629722, -12.68202933985330105, 26.39999999999999858 ) ) ;
#87 = ORIENTED_EDGE ( 'NONE', *, *, #2635, .T. ) ;
#88 = CYLINDRICAL_SURFACE ( 'NONE', #2743, 1.399999999999998579 ) ;
#89 = DIRECTION ( 'NONE',  ( 0.000000000000000000, 1.000000000000000000, 0.000000000000000000 ) ) ;
#90 = CARTESIAN_POINT ( 'NONE',  ( 60.25442965260419470, -3.564322777930264863, -27.69999999999999929 ) ) ;
#91 = EDGE_CURVE ( 'NONE', #477, #288, #828, .T. ) ;
#92 = DIRECTION ( 'NONE',  ( 1.387778780781445922E-16, -1.156482317317869950E-15, 1.000000000000000000 ) ) ;
#93 = VERTEX_POINT ( 'NONE', #2843 ) ;
#94 = DIRECTION ( 'NONE',  ( 0.000000000000000000, 0.000000000000000000, 1.000000000000000000 ) ) ;
#95 = CARTESIAN_POINT ( 'NONE',  ( 57.06673996170920304, 5.317970660146690065, -7.951253375095769016 ) ) ;
#96 = DIRECTION ( 'NONE',  ( 0.000000000000000000, 0.000000000000000000, 1.000000000000000000 ) ) ;
#97 = ORIENTED_EDGE ( 'NONE', *, *, #1438, .T. ) ;
#98 = AXIS2_PLACEMENT_3D ( 'NONE', #877, #2180, #6059 ) ;
#99 = APPLICATION_PROTOCOL_DEFINITION ( 'draft international standard', 'automotive_design', 1998, #937 ) ;
#100 = ORIENTED_EDGE ( 'NONE', *, *, #1810, .F. ) ;
#101 = DIRECTION ( 'NONE',  ( 1.000000000000000000, 0.000000000000000000, 0.000000000000000000 ) ) ;
#102 = ORIENTED_EDGE ( 'NONE', *, *, #2097, .F. ) ;
#103 = VECTOR ( 'NONE', #5327, 1000.000000000000000 ) ;
#104 = DIRECTION ( 'NONE',  ( 0.000000000000000000, 0.000000000000000000, 1.000000000000000000 ) ) ;
#105 = LINE ( 'NONE', #2846, #6183 ) ;
#106 = DIRECTION ( 'NONE',  ( 1.000000000000000000, 0.000000000000000000, -1.387778780781445922E-16 ) ) ;
#107 = DIRECTION ( 'NONE',  ( 0.000000000000000000, 0.000000000000000000, -1.000000000000000000 ) ) ;
#108 = ORIENTED_EDGE ( 'NONE', *, *, #5080, .T. ) ;
#109 = ORIENTED_EDGE ( 'NONE', *, *, #2891, .T. ) ;
#110 = ORIENTED_EDGE ( 'NONE', *, *, #5580, .F. ) ;
#111 = ORIENTED_EDGE ( 'NONE', *, *, #3206, .F. ) ;
#112 = DIRECTION ( 'NONE',  ( 0.000000000000000000, 0.000000000000000000, 1.000000000000000000 ) ) ;
#113 = EDGE_CURVE ( 'NONE', #4814, #34, #39, .T. ) ;
#114 = DIRECTION ( 'NONE',  ( 0.000000000000000000, 0.000000000000000000, -1.000000000000000000 ) ) ;
#115 = CARTESIAN_POINT ( 'NONE',  ( 69.94938875305629722, -9.782029339853300698, 15.54999999999999893 ) ) ;
#116 = ORIENTED_EDGE ( 'NONE', *, *, #4439, .T. ) ;
#117 = ORIENTED_EDGE ( 'NONE', *, *, #3672, .T. ) ;
#118 = DIRECTION ( 'NONE',  ( 0.000000000000000000, -1.000000000000000000, 1.156482317317869950E-15 ) ) ;
#119 = VECTOR ( 'NONE', #3124, 1000.000000000000000 ) ;
#120 = CARTESIAN_POINT ( 'NONE',  ( 63.84938875305628869, -4.582029339853310290, 20.19999999999999929 ) ) ;
#121 = EDGE_CURVE ( 'NONE', #5108, #1817, #5672, .T. ) ;
#122 = CARTESIAN_POINT ( 'NONE',  ( -13.75061124694371983, 5.317970660146690065, 25.00000000000000000 ) ) ;
#123 = EDGE_CURVE ( 'NONE', #3977, #961, #3294, .T. ) ;
#124 = AXIS2_PLACEMENT_3D ( 'NONE', #2370, #2803, #4317 ) ;
#125 = CARTESIAN_POINT ( 'NONE',  ( -11.05061124694374008, 5.317970660146690065, -25.00000000000000000 ) ) ;
#126 = VERTEX_POINT ( 'NONE', #4295 ) ;
#127 = LINE ( 'NONE', #2992, #3261 ) ;
#128 = DIRECTION ( 'NONE',  ( -0.000000000000000000, 1.000000000000000000, 0.000000000000000000 ) ) ;
#129 = VECTOR ( 'NONE', #4717, 1000.000000000000000 ) ;
#130 = PLANE ( 'NONE',  #5304 ) ;
#131 = EDGE_CURVE ( 'NONE', #932, #391, #5207, .T. ) ;
#132 = PRODUCT_CONTEXT ( 'NONE', #184, 'mechanical' ) ;
#133 = ADVANCED_FACE ( 'NONE', ( #2785 ), #3817, .T. ) ;
#134 = ORIENTED_EDGE ( 'NONE', *, *, #3682, .T. ) ;
#135 = LINE ( 'NONE', #3978, #2727 ) ;
#136 = ORIENTED_EDGE ( 'NONE', *, *, #244, .T. ) ;
#137 = VERTEX_POINT ( 'NONE', #4705 ) ;
#138 = DIRECTION ( 'NONE',  ( 0.000000000000000000, -1.000000000000000000, 0.000000000000000000 ) ) ;
#139 = DIRECTION ( 'NONE',  ( 0.000000000000000000, 1.000000000000000000, 0.000000000000000000 ) ) ;
#140 = DIRECTION ( 'NONE',  ( -1.000000000000000000, 0.000000000000000000, 0.000000000000000000 ) ) ;
#141 = LINE ( 'NONE', #705, #1680 ) ;
#142 = AXIS2_PLACEMENT_3D ( 'NONE', #5569, #1761, #5600 ) ;
#143 = ADVANCED_FACE ( 'NONE', ( #2320, #4803 ), #4329, .T. ) ;
#144 = EDGE_CURVE ( 'NONE', #5216, #4133, #1030, .T. ) ;
#145 = ORIENTED_EDGE ( 'NONE', *, *, #5181, .F. ) ;
#146 = EDGE_LOOP ( 'NONE', ( #1249, #3563, #2583, #2061 ) ) ;
#147 = VECTOR ( 'NONE', #1339, 1000.000000000000000 ) ;
#148 = CIRCLE ( 'NONE', #44, 2.499999999999998668 ) ;
#149 = CARTESIAN_POINT ( 'NONE',  ( -11.05061124694374008, 4.017970660146695572, -26.39999999999999858 ) ) ;
#150 = FACE_OUTER_BOUND ( 'NONE', #2326, .T. ) ;
#151 = AXIS2_PLACEMENT_3D ( 'NONE', #1417, #2831, #4384 ) ;
#152 = CARTESIAN_POINT ( 'NONE',  ( 55.04969678325399940, -3.564322777930264863, -27.69999999999999929 ) ) ;
#153 = VECTOR ( 'NONE', #587, 1000.000000000000000 ) ;
#154 = ORIENTED_EDGE ( 'NONE', *, *, #1692, .T. ) ;
#155 = AXIS2_PLACEMENT_3D ( 'NONE', #965, #14, #1939 ) ;
#156 = CARTESIAN_POINT ( 'NONE',  ( 55.54969678325399940, -3.064322777930264863, 27.69999999999999929 ) ) ;
#157 = DIRECTION ( 'NONE',  ( 0.000000000000000000, 1.000000000000000000, -1.652117596168390123E-15 ) ) ;
#158 = CARTESIAN_POINT ( 'NONE',  ( 55.54969678325399940, -4.567657337583459487, 26.39999999999999858 ) ) ;
#159 = ADVANCED_FACE ( 'NONE', ( #5358 ), #1015, .F. ) ;
#160 = AXIS2_PLACEMENT_3D ( 'NONE', #175, #2066, #1119 ) ;
#161 = EDGE_CURVE ( 'NONE', #1651, #6005, #5392, .T. ) ;
#162 = FACE_OUTER_BOUND ( 'NONE', #222, .T. ) ;
#163 = ORIENTED_EDGE ( 'NONE', *, *, #5891, .T. ) ;
#164 = EDGE_CURVE ( 'NONE', #708, #302, #3638, .T. ) ;
#165 = CIRCLE ( 'NONE', #4080, 2.000000000000000000 ) ;
#166 = CARTESIAN_POINT ( 'NONE',  ( 53.06673996170920304, 2.317970660146694950, -13.45125337509577967 ) ) ;
#167 = CARTESIAN_POINT ( 'NONE',  ( 47.22812697155030293, 2.317970660146694950, 11.27786854606429934 ) ) ;
#168 = EDGE_CURVE ( 'NONE', #5635, #3977, #2630, .T. ) ;
#169 = CARTESIAN_POINT ( 'NONE',  ( 59.75442965260419470, -3.064322777930264863, -75.14999999999999147 ) ) ;
#170 = VECTOR ( 'NONE', #3608, 1000.000000000000000 ) ;
#171 = ORIENTED_EDGE ( 'NONE', *, *, #6002, .F. ) ;
#172 = CARTESIAN_POINT ( 'NONE',  ( 67.34938875305628869, -2.582029339853309846, 19.23512053801294996 ) ) ;
#173 = ORIENTED_EDGE ( 'NONE', *, *, #4025, .F. ) ;
#174 = CARTESIAN_POINT ( 'NONE',  ( 60.25442965260419470, -3.564322777930264863, -75.14999999999999147 ) ) ;
#175 = CARTESIAN_POINT ( 'NONE',  ( -11.05061124694371877, 5.317970660146690065, 25.00000000000000000 ) ) ;
#176 = VECTOR ( 'NONE', #5334, 1000.000000000000000 ) ;
#177 = CARTESIAN_POINT ( 'NONE',  ( 55.85349847498640230, 5.317970660146690065, 11.27786854606429934 ) ) ;
#178 = EDGE_CURVE ( 'NONE', #4498, #1315, #3835, .T. ) ;
#179 = VECTOR ( 'NONE', #5762, 1000.000000000000000 ) ;
#180 = ORIENTED_EDGE ( 'NONE', *, *, #3106, .F. ) ;
#181 = ORIENTED_EDGE ( 'NONE', *, *, #1673, .T. ) ;
#182 = VERTEX_POINT ( 'NONE', #3508 ) ;
#183 = ORIENTED_EDGE ( 'NONE', *, *, #1355, .F. ) ;
#184 = APPLICATION_CONTEXT ( 'automotive_design' ) ;
#185 = DIRECTION ( 'NONE',  ( -1.000000000000000000, 0.000000000000000000, 0.000000000000000000 ) ) ;
#186 = CYLINDRICAL_SURFACE ( 'NONE', #5787, 2.000000000000000000 ) ;
#187 = LINE ( 'NONE', #5373, #5029 ) ;
#188 = EDGE_CURVE ( 'NONE', #802, #4711, #4648, .T. ) ;
#189 = EDGE_LOOP ( 'NONE', ( #2742, #4103 ) ) ;
#190 = ORIENTED_EDGE ( 'NONE', *, *, #1932, .F. ) ;
#191 = DIRECTION ( 'NONE',  ( 0.000000000000000000, 0.000000000000000000, 1.000000000000000000 ) ) ;
#192 = DIRECTION ( 'NONE',  ( 1.000000000000000000, 0.000000000000000000, 0.000000000000000000 ) ) ;
#193 = CARTESIAN_POINT ( 'NONE',  ( 59.75442965260419470, -3.064322777930264863, 26.39999999999999858 ) ) ;
#194 = DIRECTION ( 'NONE',  ( 0.000000000000000000, 1.000000000000000000, 0.000000000000000000 ) ) ;
#195 = ORIENTED_EDGE ( 'NONE', *, *, #5617, .F. ) ;
#196 = CARTESIAN_POINT ( 'NONE',  ( 41.00876143713075095, 4.017970660146695572, -11.45125337509577967 ) ) ;
#197 = CARTESIAN_POINT ( 'NONE',  ( 68.64938875305628585, -7.682029339853309935, -15.54999999999999893 ) ) ;
#198 = DIRECTION ( 'NONE',  ( -1.000000000000000000, 0.000000000000000000, 0.000000000000000000 ) ) ;
#199 = EDGE_CURVE ( 'NONE', #773, #495, #637, .T. ) ;
#200 = VERTEX_POINT ( 'NONE', #543 ) ;
#201 = DIRECTION ( 'NONE',  ( 0.000000000000000000, 1.000000000000000000, 0.000000000000000000 ) ) ;
#202 = ORIENTED_EDGE ( 'NONE', *, *, #5633, .T. ) ;
#203 = DIRECTION ( 'NONE',  ( 0.000000000000000000, 1.000000000000000000, 0.000000000000000000 ) ) ;
#204 = CARTESIAN_POINT ( 'NONE',  ( 0.3493887530562490018, -3.982029339853304872, -23.30000000000000071 ) ) ;
#205 = FACE_OUTER_BOUND ( 'NONE', #327, .T. ) ;
#206 = AXIS2_PLACEMENT_3D ( 'NONE', #115, #1064, #2012 ) ;
#207 = ORIENTED_EDGE ( 'NONE', *, *, #91, .T. ) ;
#208 = VERTEX_POINT ( 'NONE', #1114 ) ;
#209 = EDGE_LOOP ( 'NONE', ( #311, #3611, #3411, #3897 ) ) ;
#210 = DIRECTION ( 'NONE',  ( 0.000000000000000000, 0.000000000000000000, -1.000000000000000000 ) ) ;
#211 = DIRECTION ( 'NONE',  ( -1.000000000000000000, 0.000000000000000000, 0.000000000000000000 ) ) ;
#212 = VECTOR ( 'NONE', #5734, 1000.000000000000000 ) ;
#213 = LINE ( 'NONE', #4961, #909 ) ;
#214 = ORIENTED_EDGE ( 'NONE', *, *, #1945, .F. ) ;
#215 = VERTEX_POINT ( 'NONE', #3446 ) ;
#216 = LINE ( 'NONE', #6057, #1640 ) ;
#217 = CARTESIAN_POINT ( 'NONE',  ( 45.00876143713070121, 4.017970660146695572, -0.9512533750957660184 ) ) ;
#218 = DIRECTION ( 'NONE',  ( 0.000000000000000000, 1.000000000000000000, 0.000000000000000000 ) ) ;
#219 = EDGE_CURVE ( 'NONE', #2222, #1307, #1936, .T. ) ;
#220 = EDGE_CURVE ( 'NONE', #208, #2008, #1552, .T. ) ;
#221 = DIRECTION ( 'NONE',  ( 0.000000000000000000, -1.000000000000000000, 0.000000000000000000 ) ) ;
#222 = EDGE_LOOP ( 'NONE', ( #4422, #560, #5083, #4811 ) ) ;
#223 = CYLINDRICAL_SURFACE ( 'NONE', #142, 1.000000000000000888 ) ;
#224 = DIRECTION ( 'NONE',  ( 0.000000000000000000, 0.000000000000000000, 1.000000000000000000 ) ) ;
#225 = DIRECTION ( 'NONE',  ( 0.000000000000000000, 0.000000000000000000, 1.000000000000000000 ) ) ;
#226 = EDGE_LOOP ( 'NONE', ( #6154, #4745, #5676, #5737, #2842 ) ) ;
#227 = CARTESIAN_POINT ( 'NONE',  ( 63.84938875305628869, -4.582029339853310290, -23.30000000000000071 ) ) ;
#228 = ORIENTED_EDGE ( 'NONE', *, *, #2555, .T. ) ;
#229 = VECTOR ( 'NONE', #3836, 1000.000000000000000 ) ;
#230 = LINE ( 'NONE', #2159, #5560 ) ;
#231 = DIRECTION ( 'NONE',  ( -1.000000000000000000, 0.000000000000000000, 0.000000000000000000 ) ) ;
#232 = DIRECTION ( 'NONE',  ( 0.000000000000000000, 0.000000000000000000, -1.000000000000000000 ) ) ;
#233 = VECTOR ( 'NONE', #337, 1000.000000000000000 ) ;
#234 = CIRCLE ( 'NONE', #3749, 2.499999999999998668 ) ;
#235 = ORIENTED_EDGE ( 'NONE', *, *, #3568, .T. ) ;
#236 = ORIENTED_EDGE ( 'NONE', *, *, #1528, .T. ) ;
#237 = ORIENTED_EDGE ( 'NONE', *, *, #836, .T. ) ;
#238 = EDGE_LOOP ( 'NONE', ( #2835, #2135, #1683, #1596, #1626, #3640 ) ) ;
#239 = VECTOR ( 'NONE', #6111, 1000.000000000000000 ) ;
#240 = ADVANCED_FACE ( 'NONE', ( #2499 ), #2526, .F. ) ;
#241 = AXIS2_PLACEMENT_3D ( 'NONE', #1707, #5135, #3627 ) ;
#242 = DIRECTION ( 'NONE',  ( 0.000000000000000000, -1.000000000000000000, 0.000000000000000000 ) ) ;
#243 = FACE_OUTER_BOUND ( 'NONE', #4981, .T. ) ;
#244 = EDGE_CURVE ( 'NONE', #1315, #302, #4482, .T. ) ;
#245 = PLANE ( 'NONE',  #3333 ) ;
#246 = AXIS2_PLACEMENT_3D ( 'NONE', #4254, #4223, #4320 ) ;
#247 = ORIENTED_EDGE ( 'NONE', *, *, #6076, .F. ) ;
#248 = VERTEX_POINT ( 'NONE', #3536 ) ;
#249 = CARTESIAN_POINT ( 'NONE',  ( 41.00876143713075095, 5.317970660146690065, -6.451253375095769904 ) ) ;
#250 = CARTESIAN_POINT ( 'NONE',  ( 43.00876143713070121, 4.017970660146695572, -3.451253375095765019 ) ) ;
#251 = AXIS2_PLACEMENT_3D ( 'NONE', #3552, #3613, #6029 ) ;
#252 = DIRECTION ( 'NONE',  ( 0.000000000000000000, 0.000000000000000000, -1.000000000000000000 ) ) ;
#253 = CIRCLE ( 'NONE', #3767, 0.5000000000000004441 ) ;
#254 = AXIS2_PLACEMENT_3D ( 'NONE', #4181, #1785, #3336 ) ;
#255 = DIRECTION ( 'NONE',  ( 0.000000000000000000, 0.000000000000000000, -1.000000000000000000 ) ) ;
#256 = ORIENTED_EDGE ( 'NONE', *, *, #876, .F. ) ;
#257 = ORIENTED_EDGE ( 'NONE', *, *, #466, .F. ) ;
#258 = DIRECTION ( 'NONE',  ( 0.000000000000000000, -1.000000000000000000, 0.000000000000000000 ) ) ;
#259 = DIRECTION ( 'NONE',  ( -1.000000000000000000, 0.000000000000000000, 0.000000000000000000 ) ) ;
#260 = CARTESIAN_POINT ( 'NONE',  ( 63.84938875305628869, 4.017970660146695572, 21.30000000000000071 ) ) ;
#261 = EDGE_CURVE ( 'NONE', #3632, #2598, #4741, .T. ) ;
#262 = VECTOR ( 'NONE', #1890, 1000.000000000000000 ) ;
#263 = DIRECTION ( 'NONE',  ( 0.000000000000000000, 0.000000000000000000, 1.000000000000000000 ) ) ;
#264 = VECTOR ( 'NONE', #3158, 1000.000000000000000 ) ;
#265 = EDGE_LOOP ( 'NONE', ( #1901, #4905, #5820, #3091 ) ) ;
#266 = DIRECTION ( 'NONE',  ( 0.000000000000000000, 0.000000000000000000, -1.000000000000000000 ) ) ;
#267 = ORIENTED_EDGE ( 'NONE', *, *, #585, .F. ) ;
#268 = DIRECTION ( 'NONE',  ( 0.000000000000000000, 0.000000000000000000, -1.000000000000000000 ) ) ;
#269 = DIRECTION ( 'NONE',  ( 0.000000000000000000, 0.000000000000000000, 1.000000000000000000 ) ) ;
#270 = PLANE ( 'NONE',  #3889 ) ;
#271 = AXIS2_PLACEMENT_3D ( 'NONE', #2055, #4534, #4031 ) ;
#272 = ORIENTED_EDGE ( 'NONE', *, *, #1168, .F. ) ;
#273 = EDGE_LOOP ( 'NONE', ( #3204, #5931, #342, #5026, #1885, #615, #1343, #4860 ) ) ;
#274 = ORIENTED_EDGE ( 'NONE', *, *, #2603, .F. ) ;
#275 = VECTOR ( 'NONE', #4428, 1000.000000000000000 ) ;
#276 = CARTESIAN_POINT ( 'NONE',  ( 1.154952111509895962, 2.317970660146694950, -25.94512806027880103 ) ) ;
#277 = CARTESIAN_POINT ( 'NONE',  ( -11.05061124694371877, -4.567657337583459487, 26.39999999999999858 ) ) ;
#278 = DIRECTION ( 'NONE',  ( 0.000000000000000000, 0.000000000000000000, -1.000000000000000000 ) ) ;
#279 = AXIS2_PLACEMENT_3D ( 'NONE', #2464, #1995, #3414 ) ;
#280 = VERTEX_POINT ( 'NONE', #4947 ) ;
#281 = ORIENTED_EDGE ( 'NONE', *, *, #1954, .T. ) ;
#282 = EDGE_CURVE ( 'NONE', #4177, #3125, #925, .T. ) ;
#283 = VERTEX_POINT ( 'NONE', #172 ) ;
#284 = CARTESIAN_POINT ( 'NONE',  ( -12.45061124694374044, -7.372953488125739696, -25.00000000000000000 ) ) ;
#285 = DIRECTION ( 'NONE',  ( 0.000000000000000000, 1.000000000000000000, 0.000000000000000000 ) ) ;
#286 = FACE_OUTER_BOUND ( 'NONE', #2105, .T. ) ;
#287 = CARTESIAN_POINT ( 'NONE',  ( 47.52818463161129614, 5.317970660146690065, 12.84922043697280181 ) ) ;
#288 = VERTEX_POINT ( 'NONE', #4450 ) ;
#289 = ORIENTED_EDGE ( 'NONE', *, *, #510, .T. ) ;
#290 = CARTESIAN_POINT ( 'NONE',  ( 55.04969678325399940, 5.317970660146690065, -26.39999999999999858 ) ) ;
#291 = CARTESIAN_POINT ( 'NONE',  ( 44.15495211150989263, 2.317970660146694950, -25.94512806027880103 ) ) ;
#292 = DIRECTION ( 'NONE',  ( -1.387778780781445922E-16, 0.000000000000000000, -1.000000000000000000 ) ) ;
#293 = CARTESIAN_POINT ( 'NONE',  ( 0.3493887530562619914, -3.982029339853304872, -23.30000000000000071 ) ) ;
#294 = EDGE_CURVE ( 'NONE', #655, #6062, #135, .T. ) ;
#295 = EDGE_CURVE ( 'NONE', #5085, #2615, #2095, .T. ) ;
#296 = DIRECTION ( 'NONE',  ( 0.000000000000000000, 1.000000000000000000, 0.000000000000000000 ) ) ;
#297 = ORIENTED_EDGE ( 'NONE', *, *, #3071, .F. ) ;
#298 = PLANE ( 'NONE',  #1744 ) ;
#299 = DIRECTION ( 'NONE',  ( -1.000000000000000000, 0.000000000000000000, 0.000000000000000000 ) ) ;
#300 = DIRECTION ( 'NONE',  ( 0.000000000000000000, 1.000000000000000000, 0.000000000000000000 ) ) ;
#301 = ORIENTED_EDGE ( 'NONE', *, *, #3949, .T. ) ;
#302 = VERTEX_POINT ( 'NONE', #2125 ) ;
#303 = ORIENTED_EDGE ( 'NONE', *, *, #3161, .F. ) ;
#304 = EDGE_CURVE ( 'NONE', #5086, #2495, #5948, .T. ) ;
#305 = ORIENTED_EDGE ( 'NONE', *, *, #1978, .T. ) ;
#306 = CARTESIAN_POINT ( 'NONE',  ( -11.05061124694371877, 4.017970660146695572, 26.39999999999999858 ) ) ;
#307 = DIRECTION ( 'NONE',  ( 0.000000000000000000, -1.000000000000000000, 0.000000000000000000 ) ) ;
#308 = AXIS2_PLACEMENT_3D ( 'NONE', #2857, #3801, #2890 ) ;
#309 = ORIENTED_EDGE ( 'NONE', *, *, #1641, .F. ) ;
#310 = ORIENTED_EDGE ( 'NONE', *, *, #5492, .F. ) ;
#311 = ORIENTED_EDGE ( 'NONE', *, *, #356, .T. ) ;
#312 = DIRECTION ( 'NONE',  ( 0.000000000000000000, 0.000000000000000000, -1.000000000000000000 ) ) ;
#313 = VECTOR ( 'NONE', #35, 1000.000000000000000 ) ;
#314 = LINE ( 'NONE', #4053, #2656 ) ;
#315 = CARTESIAN_POINT ( 'NONE',  ( -10.75061124694373937, -7.372953488125739696, -15.65000000000000036 ) ) ;
#316 = FACE_OUTER_BOUND ( 'NONE', #1968, .T. ) ;
#317 = ORIENTED_EDGE ( 'NONE', *, *, #3718, .T. ) ;
#318 = EDGE_CURVE ( 'NONE', #1659, #391, #5517, .T. ) ;
#319 = DIRECTION ( 'NONE',  ( 0.000000000000000000, 0.000000000000000000, 1.000000000000000000 ) ) ;
#320 = FACE_OUTER_BOUND ( 'NONE', #2330, .T. ) ;
#322 = ADVANCED_FACE ( 'NONE', ( #5488 ), #700, .F. ) ;
#321 = CARTESIAN_POINT ( 'NONE',  ( -11.05061124694371877, 5.317970660146690065, 27.69999999999999929 ) ) ;
#323 = LINE ( 'NONE', #4157, #4771 ) ;
#324 = EDGE_CURVE ( 'NONE', #3116, #3842, #4664, .T. ) ;
#325 = DIRECTION ( 'NONE',  ( 0.000000000000000000, 0.000000000000000000, 1.000000000000000000 ) ) ;
#326 = ADVANCED_FACE ( 'NONE', ( #3154 ), #1302, .F. ) ;
#327 = EDGE_LOOP ( 'NONE', ( #6137, #4304 ) ) ;
#328 = DIRECTION ( 'NONE',  ( 0.000000000000000000, 0.000000000000000000, 1.000000000000000000 ) ) ;
#329 = EDGE_CURVE ( 'NONE', #5115, #3335, #6039, .T. ) ;
#330 = DIRECTION ( 'NONE',  ( 0.000000000000000000, 0.000000000000000000, -1.000000000000000000 ) ) ;
#331 = VECTOR ( 'NONE', #4230, 1000.000000000000000 ) ;
#332 = FACE_OUTER_BOUND ( 'NONE', #4794, .T. ) ;
#333 = VECTOR ( 'NONE', #2489, 1000.000000000000000 ) ;
#334 = ORIENTED_EDGE ( 'NONE', *, *, #2196, .T. ) ;
#335 = LINE ( 'NONE', #1776, #4541 ) ;
#336 = ORIENTED_EDGE ( 'NONE', *, *, #3403, .T. ) ;
#337 = DIRECTION ( 'NONE',  ( 0.000000000000000000, 5.782411586589360597E-16, -1.000000000000000000 ) ) ;
#338 = CARTESIAN_POINT ( 'NONE',  ( 0.3493887530562465038, -3.982029339853304872, 22.70000000000000284 ) ) ;
#339 = VECTOR ( 'NONE', #2544, 1000.000000000000000 ) ;
#340 = ADVANCED_FACE ( 'NONE', ( #1645 ), #3219, .F. ) ;
#341 = ORIENTED_EDGE ( 'NONE', *, *, #261, .T. ) ;
#342 = ORIENTED_EDGE ( 'NONE', *, *, #3029, .F. ) ;
#343 = PRESENTATION_LAYER_ASSIGNMENT (  '', '', ( #743 ) ) ;
#344 = LINE ( 'NONE', #6209, #1037 ) ;
#345 = CARTESIAN_POINT ( 'NONE',  ( 47.52818463161129614, 2.317970660146694950, 14.84922043697280181 ) ) ;
#346 = DIRECTION ( 'NONE',  ( 0.000000000000000000, 0.000000000000000000, -1.000000000000000000 ) ) ;
#347 = CIRCLE ( 'NONE', #949, 2.499999999999998668 ) ;
#348 = ORIENTED_EDGE ( 'NONE', *, *, #6076, .T. ) ;
#349 = DIRECTION ( 'NONE',  ( 0.000000000000000000, 0.000000000000000000, -1.000000000000000000 ) ) ;
#350 = AXIS2_PLACEMENT_3D ( 'NONE', #25, #5192, #4245 ) ;
#351 = LINE ( 'NONE', #3620, #6060 ) ;
#352 = CARTESIAN_POINT ( 'NONE',  ( -10.75061124694373937, -10.37295348812573970, 9.350000000000001421 ) ) ;
#353 = LINE ( 'NONE', #6008, #2177 ) ;
#354 = DIRECTION ( 'NONE',  ( 0.000000000000000000, 1.000000000000000000, 0.000000000000000000 ) ) ;
#355 = AXIS2_PLACEMENT_3D ( 'NONE', #5817, #2403, #3376 ) ;
#356 = EDGE_CURVE ( 'NONE', #1818, #3470, #2247, .T. ) ;
#357 = FACE_OUTER_BOUND ( 'NONE', #4119, .T. ) ;
#358 = ORIENTED_EDGE ( 'NONE', *, *, #3186, .T. ) ;
#359 = ADVANCED_FACE ( 'NONE', ( #1676, #1768 ), #1206, .T. ) ;
#360 = VECTOR ( 'NONE', #1020, 1000.000000000000000 ) ;
#361 = DIRECTION ( 'NONE',  ( 1.000000000000000000, 0.000000000000000000, 9.606410117365558543E-17 ) ) ;
#362 = PLANE ( 'NONE',  #3976 ) ;
#363 = DIRECTION ( 'NONE',  ( 0.000000000000000000, 0.000000000000000000, -1.000000000000000000 ) ) ;
#364 = VERTEX_POINT ( 'NONE', #2221 ) ;
#365 = AXIS2_PLACEMENT_3D ( 'NONE', #5822, #5324, #536 ) ;
#366 = ORIENTED_EDGE ( 'NONE', *, *, #5602, .T. ) ;
#367 = ORIENTED_EDGE ( 'NONE', *, *, #3283, .T. ) ;
#368 = AXIS2_PLACEMENT_3D ( 'NONE', #3972, #128, #5973 ) ;
#369 = CYLINDRICAL_SURFACE ( 'NONE', #6179, 0.5000000000000004441 ) ;
#370 = DIRECTION ( 'NONE',  ( 1.000000000000000000, 0.000000000000000000, 0.000000000000000000 ) ) ;
#371 = ADVANCED_FACE ( 'NONE', ( #5107 ), #4126, .F. ) ;
#372 = ORIENTED_EDGE ( 'NONE', *, *, #5493, .F. ) ;
#373 = ORIENTED_EDGE ( 'NONE', *, *, #123, .F. ) ;
#374 = CARTESIAN_POINT ( 'NONE',  ( 27.44938875305625103, 5.317970660146690065, 12.84922043697280181 ) ) ;
#375 = VECTOR ( 'NONE', #829, 1000.000000000000000 ) ;
#376 = CARTESIAN_POINT ( 'NONE',  ( 45.00876143713070121, 4.017970660146695572, -15.45125337509579921 ) ) ;
#377 = EDGE_CURVE ( 'NONE', #638, #2760, #4608, .T. ) ;
#378 = EDGE_CURVE ( 'NONE', #4371, #2610, #526, .T. ) ;
#379 = ORIENTED_EDGE ( 'NONE', *, *, #2323, .T. ) ;
#380 = VECTOR ( 'NONE', #3060, 1000.000000000000000 ) ;
#381 = DIRECTION ( 'NONE',  ( 0.000000000000000000, 1.000000000000000000, 0.000000000000000000 ) ) ;
#382 = CARTESIAN_POINT ( 'NONE',  ( 59.75442965260419470, -4.567657337583459487, -75.14999999999999147 ) ) ;
#383 = FACE_OUTER_BOUND ( 'NONE', #2288, .T. ) ;
#384 = CARTESIAN_POINT ( 'NONE',  ( 65.94938875305629722, 4.317970660146690065, 25.00000000000000000 ) ) ;
#385 = FACE_OUTER_BOUND ( 'NONE', #4309, .T. ) ;
#386 = DIRECTION ( 'NONE',  ( -1.000000000000000000, 0.000000000000000000, 0.000000000000000000 ) ) ;
#387 = ORIENTED_EDGE ( 'NONE', *, *, #2323, .F. ) ;
#388 = DIRECTION ( 'NONE',  ( 0.000000000000000000, 1.000000000000000000, 0.000000000000000000 ) ) ;
#389 = CARTESIAN_POINT ( 'NONE',  ( -11.05061124694371877, 5.317970660146690065, 26.39999999999999858 ) ) ;
#390 = CARTESIAN_POINT ( 'NONE',  ( 47.52818463161129614, 4.017970660146695572, 6.777868546064289568 ) ) ;
#391 = VERTEX_POINT ( 'NONE', #4573 ) ;
#392 = LINE ( 'NONE', #3254, #4026 ) ;
#393 = ORIENTED_EDGE ( 'NONE', *, *, #4791, .F. ) ;
#394 = ORIENTED_EDGE ( 'NONE', *, *, #144, .F. ) ;
#395 = DIRECTION ( 'NONE',  ( 0.000000000000000000, 0.000000000000000000, -1.000000000000000000 ) ) ;
#396 = ADVANCED_FACE ( 'NONE', ( #3653 ), #5074, .T. ) ;
#397 = CARTESIAN_POINT ( 'NONE',  ( 77.40074519957200039, -7.682029339853309935, 15.54999999999999893 ) ) ;
#398 = LINE ( 'NONE', #3263, #2579 ) ;
#399 = ORIENTED_EDGE ( 'NONE', *, *, #5911, .F. ) ;
#400 = ORIENTED_EDGE ( 'NONE', *, *, #4336, .F. ) ;
#401 = LINE ( 'NONE', #434, #2967 ) ;
#402 = DIRECTION ( 'NONE',  ( 0.000000000000000000, -1.000000000000000000, 0.000000000000000000 ) ) ;
#403 = ORIENTED_EDGE ( 'NONE', *, *, #2823, .F. ) ;
#404 = EDGE_CURVE ( 'NONE', #1603, #461, #823, .T. ) ;
#405 = ORIENTED_EDGE ( 'NONE', *, *, #2851, .F. ) ;
#406 = VECTOR ( 'NONE', #402, 1000.000000000000000 ) ;
#407 = CARTESIAN_POINT ( 'NONE',  ( 69.53517519068319075, -8.782029339853300698, 15.54999999999999893 ) ) ;
#408 = EDGE_LOOP ( 'NONE', ( #5955, #503, #2112, #3765 ) ) ;
#409 = DIRECTION ( 'NONE',  ( 0.000000000000000000, 1.000000000000000000, 0.000000000000000000 ) ) ;
#410 = DIRECTION ( 'NONE',  ( 1.000000000000000000, 0.000000000000000000, 0.000000000000000000 ) ) ;
#411 = EDGE_CURVE ( 'NONE', #137, #5182, #795, .T. ) ;
#412 = CARTESIAN_POINT ( 'NONE',  ( 53.06673996170920304, 5.317970660146690065, -12.95125337509577967 ) ) ;
#413 = DIRECTION ( 'NONE',  ( 0.000000000000000000, 1.000000000000000000, 0.000000000000000000 ) ) ;
#414 = ADVANCED_FACE ( 'NONE', ( #357 ), #5575, .F. ) ;
#415 = LINE ( 'NONE', #2834, #2739 ) ;
#416 = ORIENTED_EDGE ( 'NONE', *, *, #4558, .T. ) ;
#417 = CARTESIAN_POINT ( 'NONE',  ( 68.64938875305628585, -7.682029339853309935, 15.54999999999999893 ) ) ;
#418 = CARTESIAN_POINT ( 'NONE',  ( 65.64938875305630006, -3.782029339853310024, 6.942407052354219843 ) ) ;
#419 = CARTESIAN_POINT ( 'NONE',  ( -2.150611246943755273, -4.582029339853310290, 22.70000000000000284 ) ) ;
#420 = CARTESIAN_POINT ( 'NONE',  ( 55.06673996170920304, 4.017970660146695572, -10.45125337509577967 ) ) ;
#421 = ORIENTED_EDGE ( 'NONE', *, *, #1483, .F. ) ;
#422 = CARTESIAN_POINT ( 'NONE',  ( -10.75061124694373937, -7.372953488125739696, -9.350000000000001421 ) ) ;
#423 = AXIS2_PLACEMENT_3D ( 'NONE', #670, #4034, #2060 ) ;
#424 = ORIENTED_EDGE ( 'NONE', *, *, #1090, .F. ) ;
#425 = FACE_OUTER_BOUND ( 'NONE', #1910, .T. ) ;
#426 = CARTESIAN_POINT ( 'NONE',  ( -11.05061124694371877, 4.317970660146690065, 26.70000000000000284 ) ) ;
#427 = ADVANCED_FACE ( 'NONE', ( #5012, #5979, #6129, #476, #1326, #4285, #5257, #5662, #1418, #5696, #1452, #5166 ), #1860, .F. ) ;
#428 = VECTOR ( 'NONE', #194, 1000.000000000000000 ) ;
#429 = EDGE_LOOP ( 'NONE', ( #1160, #1878 ) ) ;
#430 = EDGE_CURVE ( 'NONE', #2168, #5322, #6104, .T. ) ;
#431 = ORIENTED_EDGE ( 'NONE', *, *, #2658, .T. ) ;
#432 = EDGE_CURVE ( 'NONE', #6214, #4519, #2, .T. ) ;
#433 = AXIS2_PLACEMENT_3D ( 'NONE', #5001, #5028, #5998 ) ;
#434 = CARTESIAN_POINT ( 'NONE',  ( 77.40074519957200039, -9.782029339853300698, 15.54999999999999893 ) ) ;
#435 = FACE_BOUND ( 'NONE', #4318, .T. ) ;
#436 = CIRCLE ( 'NONE', #842, 2.700000000000001066 ) ;
#437 = VERTEX_POINT ( 'NONE', #4822 ) ;
#438 = DIRECTION ( 'NONE',  ( 0.000000000000000000, 1.000000000000000000, 0.000000000000000000 ) ) ;
#439 = ORIENTED_EDGE ( 'NONE', *, *, #894, .T. ) ;
#440 = CYLINDRICAL_SURFACE ( 'NONE', #2854, 2.499999999999998668 ) ;
#441 = PLANE ( 'NONE',  #4491 ) ;
#442 = LINE ( 'NONE', #4247, #758 ) ;
#443 = CIRCLE ( 'NONE', #5364, 2.499999999999998668 ) ;
#444 = DIRECTION ( 'NONE',  ( 0.000000000000000000, 1.000000000000000000, 0.000000000000000000 ) ) ;
#445 = VECTOR ( 'NONE', #4001, 1000.000000000000000 ) ;
#446 = LINE ( 'NONE', #4695, #733 ) ;
#447 = ORIENTED_EDGE ( 'NONE', *, *, #520, .F. ) ;
#448 = DIRECTION ( 'NONE',  ( 0.000000000000000000, 0.000000000000000000, -1.000000000000000000 ) ) ;
#449 = DIRECTION ( 'NONE',  ( 1.000000000000000000, 0.000000000000000000, 0.000000000000000000 ) ) ;
#450 = AXIS2_PLACEMENT_3D ( 'NONE', #2220, #4125, #6038 ) ;
#451 = PLANE ( 'NONE',  #279 ) ;
#452 = CIRCLE ( 'NONE', #251, 2.499999999999998668 ) ;
#453 = LINE ( 'NONE', #1867, #4731 ) ;
#454 = VECTOR ( 'NONE', #4734, 1000.000000000000000 ) ;
#455 = DIRECTION ( 'NONE',  ( 1.000000000000000000, 0.000000000000000000, 0.000000000000000000 ) ) ;
#456 = CARTESIAN_POINT ( 'NONE',  ( 65.64938875305630006, -3.782029339853310024, 5.942407052354219843 ) ) ;
#457 = DIRECTION ( 'NONE',  ( 1.000000000000000000, 0.000000000000000000, 0.000000000000000000 ) ) ;
#458 = CARTESIAN_POINT ( 'NONE',  ( 68.64938875305628585, -4.782029339853309580, -6.357018755447420233 ) ) ;
#459 = DIRECTION ( 'NONE',  ( 0.000000000000000000, 1.000000000000000000, 0.000000000000000000 ) ) ;
#460 = VECTOR ( 'NONE', #5950, 1000.000000000000000 ) ;
#461 = VERTEX_POINT ( 'NONE', #1893 ) ;
#462 = AXIS2_PLACEMENT_3D ( 'NONE', #5691, #4434, #618 ) ;
#463 = DIRECTION ( 'NONE',  ( -1.000000000000000000, 0.000000000000000000, 0.000000000000000000 ) ) ;
#464 = DIRECTION ( 'NONE',  ( -1.000000000000000000, 0.000000000000000000, 0.000000000000000000 ) ) ;
#465 = VECTOR ( 'NONE', #4301, 1000.000000000000000 ) ;
#466 = EDGE_CURVE ( 'NONE', #5747, #5085, #4354, .T. ) ;
#467 = EDGE_LOOP ( 'NONE', ( #4565, #5842, #491, #5746 ) ) ;
#468 = EDGE_LOOP ( 'NONE', ( #3265, #272, #6033, #5986, #872, #111, #6172, #1083 ) ) ;
#469 = CARTESIAN_POINT ( 'NONE',  ( 63.84938875305628869, -4.582029339853310290, -20.80000000000000071 ) ) ;
#470 = ORIENTED_EDGE ( 'NONE', *, *, #1711, .F. ) ;
#471 = CARTESIAN_POINT ( 'NONE',  ( 43.00876143713070121, 2.317970660146694950, -13.95125337509577967 ) ) ;
#472 = CARTESIAN_POINT ( 'NONE',  ( 51.06673996170919594, 4.017970660146695572, -0.4512533750957660184 ) ) ;
#473 = DIRECTION ( 'NONE',  ( 1.000000000000000000, 0.000000000000000000, 0.000000000000000000 ) ) ;
#474 = PLANE ( 'NONE',  #355 ) ;
#475 = AXIS2_PLACEMENT_3D ( 'NONE', #5354, #5823, #5731 ) ;
#476 = FACE_BOUND ( 'NONE', #2453, .T. ) ;
#477 = VERTEX_POINT ( 'NONE', #2405 ) ;
#478 = CARTESIAN_POINT ( 'NONE',  ( 57.06673996170920304, 2.317970660146694950, -8.951253375095769016 ) ) ;
#479 = CARTESIAN_POINT ( 'NONE',  ( 63.84938875305628869, 4.017970660146695572, -24.69999999999999929 ) ) ;
#480 = LINE ( 'NONE', #4323, #179 ) ;
#481 = ORIENTED_EDGE ( 'NONE', *, *, #2929, .T. ) ;
#482 = EDGE_CURVE ( 'NONE', #5018, #5102, #5634, .T. ) ;
#483 = EDGE_LOOP ( 'NONE', ( #2254, #3338, #3131, #1419, #2352, #4672 ) ) ;
#484 = CARTESIAN_POINT ( 'NONE',  ( 55.54969678325399940, -3.064322777930264863, -27.69999999999999929 ) ) ;
#485 = CARTESIAN_POINT ( 'NONE',  ( 53.06673996170920304, 5.317970660146690065, -3.951253375095765463 ) ) ;
#486 = PLANE ( 'NONE',  #4480 ) ;
#487 = DIRECTION ( 'NONE',  ( 0.000000000000000000, 0.000000000000000000, 1.000000000000000000 ) ) ;
#488 = DIRECTION ( 'NONE',  ( 0.000000000000000000, 0.000000000000000000, 1.000000000000000000 ) ) ;
#489 = ADVANCED_FACE ( 'NONE', ( #1360 ), #3285, .F. ) ;
#490 = VERTEX_POINT ( 'NONE', #6161 ) ;
#491 = ORIENTED_EDGE ( 'NONE', *, *, #318, .T. ) ;
#492 = CARTESIAN_POINT ( 'NONE',  ( 51.06673996170919594, 5.317970660146690065, -15.95125337509580099 ) ) ;
#493 = DIRECTION ( 'NONE',  ( 0.000000000000000000, -1.000000000000000000, 0.000000000000000000 ) ) ;
#494 = ORIENTED_EDGE ( 'NONE', *, *, #4382, .F. ) ;
#495 = VERTEX_POINT ( 'NONE', #916 ) ;
#496 = CYLINDRICAL_SURFACE ( 'NONE', #2446, 2.499999999999998668 ) ;
#497 = ORIENTED_EDGE ( 'NONE', *, *, #4184, .F. ) ;
#498 = LINE ( 'NONE', #382, #5073 ) ;
#499 = CARTESIAN_POINT ( 'NONE',  ( 65.64938875305630006, 0.2179706601466920024, -5.857018755447420233 ) ) ;
#500 = AXIS2_PLACEMENT_3D ( 'NONE', #5809, #1846, #5215 ) ;
#501 = EDGE_CURVE ( 'NONE', #80, #3507, #1734, .T. ) ;
#502 = CARTESIAN_POINT ( 'NONE',  ( 65.94938875305629722, 5.317970660146690065, -26.39999999999999858 ) ) ;
#503 = ORIENTED_EDGE ( 'NONE', *, *, #3908, .F. ) ;
#504 = EDGE_CURVE ( 'NONE', #5115, #24, #3247, .T. ) ;
#505 = CARTESIAN_POINT ( 'NONE',  ( -12.45061124694371912, -10.37295348812573970, 9.350000000000001421 ) ) ;
#506 = LINE ( 'NONE', #479, #1873 ) ;
#507 = ADVANCED_FACE ( 'NONE', ( #4793, #3378 ), #3784, .T. ) ;
#508 = CARTESIAN_POINT ( 'NONE',  ( 61.34938875305630290, -3.982029339853304872, 26.39999999999999858 ) ) ;
#509 = ORIENTED_EDGE ( 'NONE', *, *, #5493, .T. ) ;
#510 = EDGE_CURVE ( 'NONE', #4134, #5656, #1826, .T. ) ;
#511 = ORIENTED_EDGE ( 'NONE', *, *, #673, .F. ) ;
#512 = DIRECTION ( 'NONE',  ( -1.000000000000000000, 0.000000000000000000, 1.387778780781445922E-16 ) ) ;
#513 = ORIENTED_EDGE ( 'NONE', *, *, #5712, .T. ) ;
#514 = CARTESIAN_POINT ( 'NONE',  ( 68.64938875305628585, -3.782029339853310024, -2.057592947645780157 ) ) ;
#515 = FACE_OUTER_BOUND ( 'NONE', #750, .T. ) ;
#516 = CARTESIAN_POINT ( 'NONE',  ( 39.00876143713075095, 2.317970660146694950, -8.951253375095769016 ) ) ;
#517 = DIRECTION ( 'NONE',  ( 0.000000000000000000, -1.000000000000000000, 0.000000000000000000 ) ) ;
#518 = EDGE_LOOP ( 'NONE', ( #2030, #5565, #3733, #608 ) ) ;
#519 = EDGE_CURVE ( 'NONE', #5102, #4338, #415, .T. ) ;
#520 = EDGE_CURVE ( 'NONE', #5495, #4867, #4755, .T. ) ;
#521 = ORIENTED_EDGE ( 'NONE', *, *, #2516, .F. ) ;
#522 = EDGE_CURVE ( 'NONE', #1599, #1818, #446, .T. ) ;
#523 = DIRECTION ( 'NONE',  ( 0.000000000000000000, 0.000000000000000000, 1.000000000000000000 ) ) ;
#524 = CARTESIAN_POINT ( 'NONE',  ( -4.650611246943759269, -3.982029339853304872, 22.70000000000000284 ) ) ;
#525 = ORIENTED_EDGE ( 'NONE', *, *, #2619, .F. ) ;
#526 = CIRCLE ( 'NONE', #1633, 0.5000000000000001110 ) ;
#527 = LINE ( 'NONE', #1479, #5059 ) ;
#528 = ORIENTED_EDGE ( 'NONE', *, *, #4120, .T. ) ;
#529 = CARTESIAN_POINT ( 'NONE',  ( 43.00876143713070121, 2.317970660146694950, -2.951253375095765019 ) ) ;
#530 = CARTESIAN_POINT ( 'NONE',  ( -12.45061124694374044, -7.372953488125739696, -15.65000000000000036 ) ) ;
#531 = AXIS2_PLACEMENT_3D ( 'NONE', #1129, #1663, #3582 ) ;
#532 = LINE ( 'NONE', #3501, #4949 ) ;
#533 = ORIENTED_EDGE ( 'NONE', *, *, #2404, .F. ) ;
#534 = AXIS2_PLACEMENT_3D ( 'NONE', #3794, #4365, #2844 ) ;
#535 = DIRECTION ( 'NONE',  ( 0.000000000000000000, 1.000000000000000000, 0.000000000000000000 ) ) ;
#536 = DIRECTION ( 'NONE',  ( 0.000000000000000000, 0.000000000000000000, 1.000000000000000000 ) ) ;
#537 = CARTESIAN_POINT ( 'NONE',  ( 41.00876143713075095, 5.317970660146690065, -5.951253375095760134 ) ) ;
#538 = VERTEX_POINT ( 'NONE', #2311 ) ;
#539 = LINE ( 'NONE', #1518, #4728 ) ;
#540 = VECTOR ( 'NONE', #1420, 1000.000000000000000 ) ;
#541 = ADVANCED_FACE ( 'NONE', ( #4221 ), #3747, .F. ) ;
#542 = ORIENTED_EDGE ( 'NONE', *, *, #5619, .T. ) ;
#543 = CARTESIAN_POINT ( 'NONE',  ( 67.34938875305628869, -4.782029339853309580, -18.35701875544739892 ) ) ;
#544 = VERTEX_POINT ( 'NONE', #3410 ) ;
#545 = DIRECTION ( 'NONE',  ( -1.387778780781445922E-16, 0.000000000000000000, -1.000000000000000000 ) ) ;
#546 = DIRECTION ( 'NONE',  ( 0.000000000000000000, -1.000000000000000000, 0.000000000000000000 ) ) ;
#547 = CIRCLE ( 'NONE', #1260, 0.5000000000000001110 ) ;
#548 = FACE_BOUND ( 'NONE', #5717, .T. ) ;
#549 = DIRECTION ( 'NONE',  ( 0.000000000000000000, 0.000000000000000000, 1.000000000000000000 ) ) ;
#550 = VECTOR ( 'NONE', #2547, 1000.000000000000000 ) ;
#551 = CIRCLE ( 'NONE', #2863, 1.399999999999998579 ) ;
#552 = ORIENTED_EDGE ( 'NONE', *, *, #3110, .T. ) ;
#553 = ORIENTED_EDGE ( 'NONE', *, *, #893, .F. ) ;
#554 = VECTOR ( 'NONE', #5070, 1000.000000000000000 ) ;
#555 = DIRECTION ( 'NONE',  ( 0.000000000000000000, 0.000000000000000000, 1.000000000000000000 ) ) ;
#556 = ADVANCED_FACE ( 'NONE', ( #2990 ), #4910, .F. ) ;
#557 = DIRECTION ( 'NONE',  ( 0.000000000000000000, -1.000000000000000000, 0.000000000000000000 ) ) ;
#558 = VERTEX_POINT ( 'NONE', #28 ) ;
#559 = VECTOR ( 'NONE', #4068, 1000.000000000000000 ) ;
#560 = ORIENTED_EDGE ( 'NONE', *, *, #3487, .T. ) ;
#561 = CARTESIAN_POINT ( 'NONE',  ( 27.44938875305625103, 2.317970660146694950, 11.27786854606429934 ) ) ;
#562 = DIRECTION ( 'NONE',  ( 0.000000000000000000, 0.000000000000000000, -1.000000000000000000 ) ) ;
#563 = CIRCLE ( 'NONE', #5187, 1.399999999999998579 ) ;
#564 = CARTESIAN_POINT ( 'NONE',  ( 47.52818463161129614, 2.317970660146694950, 12.84922043697280181 ) ) ;
#565 = AXIS2_PLACEMENT_3D ( 'NONE', #4233, #3796, #1286 ) ;
#566 = FACE_OUTER_BOUND ( 'NONE', #4594, .T. ) ;
#567 = EDGE_LOOP ( 'NONE', ( #6054, #5357, #1320, #373 ) ) ;
#568 = DIRECTION ( 'NONE',  ( 0.000000000000000000, 0.000000000000000000, -1.000000000000000000 ) ) ;
#569 = DIRECTION ( 'NONE',  ( 0.000000000000000000, -1.000000000000000000, 0.000000000000000000 ) ) ;
#570 = DIRECTION ( 'NONE',  ( -8.024708101613479802E-32, 1.000000000000000000, -5.782411586589360597E-16 ) ) ;
#571 = VERTEX_POINT ( 'NONE', #1039 ) ;
#572 = DIRECTION ( 'NONE',  ( 1.000000000000000000, 0.000000000000000000, 0.000000000000000000 ) ) ;
#573 = AXIS2_PLACEMENT_3D ( 'NONE', #4131, #1743, #5579 ) ;
#574 = ORIENTED_EDGE ( 'NONE', *, *, #5065, .T. ) ;
#575 = ORIENTED_EDGE ( 'NONE', *, *, #2163, .T. ) ;
#576 = ADVANCED_FACE ( 'NONE', ( #2518 ), #2444, .T. ) ;
#577 = DIRECTION ( 'NONE',  ( 0.000000000000000000, 0.000000000000000000, 1.000000000000000000 ) ) ;
#578 = VERTEX_POINT ( 'NONE', #1574 ) ;
#579 = LINE ( 'NONE', #1905, #5681 ) ;
#580 = LINE ( 'NONE', #1558, #3871 ) ;
#581 = DIRECTION ( 'NONE',  ( 0.000000000000000000, -1.000000000000000000, 0.000000000000000000 ) ) ;
#582 = VERTEX_POINT ( 'NONE', #3930 ) ;
#583 = ORIENTED_EDGE ( 'NONE', *, *, #4593, .F. ) ;
#584 = ORIENTED_EDGE ( 'NONE', *, *, #1978, .F. ) ;
#585 = EDGE_CURVE ( 'NONE', #4827, #5765, #5455, .T. ) ;
#586 = EDGE_CURVE ( 'NONE', #6062, #200, #3746, .T. ) ;
#587 = DIRECTION ( 'NONE',  ( 1.000000000000000000, 0.000000000000000000, 0.000000000000000000 ) ) ;
#588 = LINE ( 'NONE', #883, #5088 ) ;
#589 = LINE ( 'NONE', #5840, #1807 ) ;
#590 = ORIENTED_EDGE ( 'NONE', *, *, #3360, .T. ) ;
#591 = ORIENTED_EDGE ( 'NONE', *, *, #2014, .T. ) ;
#592 = EDGE_CURVE ( 'NONE', #4584, #824, #4746, .T. ) ;
#593 = LINE ( 'NONE', #1950, #2841 ) ;
#594 = CARTESIAN_POINT ( 'NONE',  ( -13.75061124694374115, -10.37295348812573970, -15.65000000000000036 ) ) ;
#595 = LINE ( 'NONE', #4442, #4116 ) ;
#596 = ADVANCED_FACE ( 'NONE', ( #566 ), #5819, .T. ) ;
#597 = DIRECTION ( 'NONE',  ( 0.000000000000000000, 0.000000000000000000, -1.000000000000000000 ) ) ;
#598 = EDGE_CURVE ( 'NONE', #772, #5033, #532, .T. ) ;
#599 = EDGE_LOOP ( 'NONE', ( #3416, #5454, #3005, #901 ) ) ;
#600 = DIRECTION ( 'NONE',  ( 0.000000000000000000, 0.000000000000000000, 1.000000000000000000 ) ) ;
#601 = LINE ( 'NONE', #197, #1371 ) ;
#602 = CARTESIAN_POINT ( 'NONE',  ( 63.84938875305628869, -4.582029339853310290, -23.30000000000000071 ) ) ;
#603 = ORIENTED_EDGE ( 'NONE', *, *, #5468, .F. ) ;
#604 = EDGE_CURVE ( 'NONE', #4118, #6050, #5347, .T. ) ;
#605 = AXIS2_PLACEMENT_3D ( 'NONE', #5502, #2953, #3494 ) ;
#606 = ORIENTED_EDGE ( 'NONE', *, *, #3487, .F. ) ;
#607 = CARTESIAN_POINT ( 'NONE',  ( 69.53517519068319075, -8.782029339853300698, 9.449999999999999289 ) ) ;
#608 = ORIENTED_EDGE ( 'NONE', *, *, #2131, .F. ) ;
#609 = VERTEX_POINT ( 'NONE', #2927 ) ;
#610 = CARTESIAN_POINT ( 'NONE',  ( 61.34938875305630290, -3.982029339853304872, 22.70000000000000284 ) ) ;
#611 = CYLINDRICAL_SURFACE ( 'NONE', #3281, 2.499999999999998668 ) ;
#612 = PLANE ( 'NONE',  #2071 ) ;
#613 = CARTESIAN_POINT ( 'NONE',  ( -13.75061124694374115, -7.372953488125739696, -15.65000000000000036 ) ) ;
#614 = VERTEX_POINT ( 'NONE', #5413 ) ;
#615 = ORIENTED_EDGE ( 'NONE', *, *, #294, .F. ) ;
#616 = EDGE_CURVE ( 'NONE', #571, #1675, #2051, .T. ) ;
#617 = DIRECTION ( 'NONE',  ( 0.000000000000000000, 0.000000000000000000, -1.000000000000000000 ) ) ;
#618 = DIRECTION ( 'NONE',  ( 0.000000000000000000, -1.000000000000000000, 0.000000000000000000 ) ) ;
#619 = DIRECTION ( 'NONE',  ( 0.000000000000000000, 0.000000000000000000, 1.000000000000000000 ) ) ;
#620 = EDGE_CURVE ( 'NONE', #2293, #4519, #5382, .T. ) ;
#621 = VECTOR ( 'NONE', #6173, 1000.000000000000000 ) ;
#622 = ADVANCED_FACE ( 'NONE', ( #162 ), #662, .F. ) ;
#623 = EDGE_CURVE ( 'NONE', #4039, #4465, #2459, .T. ) ;
#624 = ORIENTED_EDGE ( 'NONE', *, *, #5167, .T. ) ;
#625 = CARTESIAN_POINT ( 'NONE',  ( -13.75061124694374115, -12.68202933985330105, -25.00000000000000000 ) ) ;
#626 = CARTESIAN_POINT ( 'NONE',  ( 67.34938875305628869, -3.782029339853310024, 5.942407052354219843 ) ) ;
#627 = DIRECTION ( 'NONE',  ( 0.000000000000000000, -1.000000000000000000, 0.000000000000000000 ) ) ;
#628 = VECTOR ( 'NONE', #2869, 1000.000000000000000 ) ;
#629 = CARTESIAN_POINT ( 'NONE',  ( 1.138336177318524101, 5.317970660146690065, 20.34441820468924789 ) ) ;
#630 = ORIENTED_EDGE ( 'NONE', *, *, #3810, .T. ) ;
#631 = CARTESIAN_POINT ( 'NONE',  ( 27.44938875305625103, 2.317970660146694950, 6.777868546064289568 ) ) ;
#632 = DIRECTION ( 'NONE',  ( 0.000000000000000000, 0.000000000000000000, -1.000000000000000000 ) ) ;
#633 = VECTOR ( 'NONE', #3995, 1000.000000000000000 ) ;
#634 = CARTESIAN_POINT ( 'NONE',  ( 41.00876143713075095, 5.317970660146690065, -5.451253375095759246 ) ) ;
#635 = VECTOR ( 'NONE', #328, 1000.000000000000000 ) ;
#636 = EDGE_LOOP ( 'NONE', ( #3461, #4327, #5757, #5797 ) ) ;
#637 = LINE ( 'NONE', #2561, #1831 ) ;
#638 = VERTEX_POINT ( 'NONE', #1076 ) ;
#639 = SURFACE_STYLE_USAGE ( .BOTH. , #1052 ) ;
#640 = LINE ( 'NONE', #3512, #5882 ) ;
#641 = CARTESIAN_POINT ( 'NONE',  ( -11.05061124694371877, 4.017970660146695572, 26.39999999999999858 ) ) ;
#642 = AXIS2_PLACEMENT_3D ( 'NONE', #3838, #5759, #2054 ) ;
#643 = ORIENTED_EDGE ( 'NONE', *, *, #1047, .F. ) ;
#644 = ORIENTED_EDGE ( 'NONE', *, *, #482, .F. ) ;
#645 = ORIENTED_EDGE ( 'NONE', *, *, #3409, .F. ) ;
#646 = ORIENTED_EDGE ( 'NONE', *, *, #3543, .T. ) ;
#647 = VECTOR ( 'NONE', #3867, 1000.000000000000000 ) ;
#648 = VERTEX_POINT ( 'NONE', #1107 ) ;
#649 = CARTESIAN_POINT ( 'NONE',  ( -2.150611246943755273, -4.582029339853310290, 22.70000000000000284 ) ) ;
#650 = DIRECTION ( 'NONE',  ( 0.000000000000000000, 0.000000000000000000, 1.000000000000000000 ) ) ;
#651 = EDGE_CURVE ( 'NONE', #24, #1650, #2551, .T. ) ;
#652 = AXIS2_PLACEMENT_3D ( 'NONE', #2958, #4880, #4411 ) ;
#653 = DIRECTION ( 'NONE',  ( 1.000000000000000000, 0.000000000000000000, 0.000000000000000000 ) ) ;
#654 = VECTOR ( 'NONE', #2169, 1000.000000000000000 ) ;
#655 = VERTEX_POINT ( 'NONE', #5443 ) ;
#656 = TOROIDAL_SURFACE ( 'NONE', #1662, 1.699999999999999956, 1.000000000000000000 ) ;
#657 = CARTESIAN_POINT ( 'NONE',  ( 47.52818463161129614, 5.317970660146690065, 10.77786854606430111 ) ) ;
#658 = DIRECTION ( 'NONE',  ( 0.000000000000000000, 1.000000000000000000, 0.000000000000000000 ) ) ;
#659 = CARTESIAN_POINT ( 'NONE',  ( -11.05061124694374008, -12.68202933985330105, -25.00000000000000000 ) ) ;
#660 = EDGE_CURVE ( 'NONE', #5199, #1476, #5788, .T. ) ;
#661 = AXIS2_PLACEMENT_3D ( 'NONE', #1938, #1465, #2941 ) ;
#662 = PLANE ( 'NONE',  #4249 ) ;
#663 = ORIENTED_EDGE ( 'NONE', *, *, #3719, .F. ) ;
#664 = VECTOR ( 'NONE', #4060, 1000.000000000000000 ) ;
#665 = CARTESIAN_POINT ( 'NONE',  ( 68.64938875305628585, 4.317970660146690065, 25.00000000000000000 ) ) ;
#666 = CARTESIAN_POINT ( 'NONE',  ( 27.44938875305625103, 2.317970660146694950, 10.77786854606430111 ) ) ;
#667 = PLANE ( 'NONE',  #2091 ) ;
#668 = AXIS2_PLACEMENT_3D ( 'NONE', #426, #5644, #5180 ) ;
#669 = ORIENTED_EDGE ( 'NONE', *, *, #54, .F. ) ;
#670 = CARTESIAN_POINT ( 'NONE',  ( 55.06673996170920304, 5.317970660146690065, -10.95125337509577967 ) ) ;
#671 = CARTESIAN_POINT ( 'NONE',  ( 67.34938875305628869, -2.582029339853309846, 10.23512053801293931 ) ) ;
#672 = FACE_OUTER_BOUND ( 'NONE', #4828, .T. ) ;
#673 = EDGE_CURVE ( 'NONE', #391, #2183, #1602, .T. ) ;
#674 = CIRCLE ( 'NONE', #3793, 2.499999999999998668 ) ;
#675 = DIRECTION ( 'NONE',  ( 0.000000000000000000, 0.000000000000000000, -1.000000000000000000 ) ) ;
#676 = AXIS2_PLACEMENT_3D ( 'NONE', #4914, #1080, #5975 ) ;
#677 = ORIENTED_EDGE ( 'NONE', *, *, #5437, .T. ) ;
#678 = EDGE_LOOP ( 'NONE', ( #3406, #3935, #4324, #190 ) ) ;
#679 = VERTEX_POINT ( 'NONE', #4117 ) ;
#680 = ORIENTED_EDGE ( 'NONE', *, *, #813, .F. ) ;
#681 = ADVANCED_FACE ( 'NONE', ( #5032 ), #1667, .T. ) ;
#682 = PLANE ( 'NONE',  #3866 ) ;
#683 = CARTESIAN_POINT ( 'NONE',  ( 65.94938875305629722, -3.064322777930264863, -26.39999999999999858 ) ) ;
#684 = CARTESIAN_POINT ( 'NONE',  ( -2.150611246943755273, 4.017970660146695572, -23.30000000000000071 ) ) ;
#685 = EDGE_CURVE ( 'NONE', #1603, #2716, #6003, .T. ) ;
#686 = ORIENTED_EDGE ( 'NONE', *, *, #1828, .T. ) ;
#687 = VERTEX_POINT ( 'NONE', #3617 ) ;
#688 = ORIENTED_EDGE ( 'NONE', *, *, #5540, .T. ) ;
#689 = LINE ( 'NONE', #4595, #839 ) ;
#690 = CARTESIAN_POINT ( 'NONE',  ( 45.00876143713070121, 5.317970660146690065, -15.45125337509579921 ) ) ;
#691 = DIRECTION ( 'NONE',  ( 0.000000000000000000, 0.000000000000000000, 1.000000000000000000 ) ) ;
#692 = FACE_OUTER_BOUND ( 'NONE', #2894, .T. ) ;
#693 = ORIENTED_EDGE ( 'NONE', *, *, #1470, .T. ) ;
#694 = CARTESIAN_POINT ( 'NONE',  ( -12.45061124694374044, -3.958100679666319621, -25.00000000000000000 ) ) ;
#695 = LINE ( 'NONE', #5852, #5985 ) ;
#696 = CARTESIAN_POINT ( 'NONE',  ( 70.24228197186970135, -9.489136121039839722, -15.54999999999999893 ) ) ;
#697 = EDGE_CURVE ( 'NONE', #1425, #985, #3642, .T. ) ;
#698 = EDGE_CURVE ( 'NONE', #6163, #6087, #5538, .T. ) ;
#699 = ORIENTED_EDGE ( 'NONE', *, *, #6128, .T. ) ;
#700 = PLANE ( 'NONE',  #1630 ) ;
#701 = ORIENTED_EDGE ( 'NONE', *, *, #4291, .T. ) ;
#702 = EDGE_CURVE ( 'NONE', #2938, #1842, #5125, .T. ) ;
#703 = LINE ( 'NONE', #4950, #4461 ) ;
#704 = CYLINDRICAL_SURFACE ( 'NONE', #3575, 1.399999999999998579 ) ;
#705 = CARTESIAN_POINT ( 'NONE',  ( 70.94938875305629722, -8.782029339853300698, -25.00000000000000000 ) ) ;
#706 = EDGE_CURVE ( 'NONE', #1651, #2044, #788, .T. ) ;
#707 = CIRCLE ( 'NONE', #1407, 0.5000000000000004441 ) ;
#708 = VERTEX_POINT ( 'NONE', #287 ) ;
#709 = ORIENTED_EDGE ( 'NONE', *, *, #5349, .F. ) ;
#710 = ORIENTED_EDGE ( 'NONE', *, *, #4472, .F. ) ;
#711 = ORIENTED_EDGE ( 'NONE', *, *, #3027, .T. ) ;
#712 = PLANE ( 'NONE',  #1057 ) ;
#713 = CARTESIAN_POINT ( 'NONE',  ( 66.34938875305628869, -3.982029339853304872, 22.70000000000000284 ) ) ;
#714 = DIRECTION ( 'NONE',  ( 0.000000000000000000, 0.000000000000000000, 1.000000000000000000 ) ) ;
#715 = ADVANCED_FACE ( 'NONE', ( #4531 ), #4056, .T. ) ;
#716 = ORIENTED_EDGE ( 'NONE', *, *, #3947, .T. ) ;
#717 = ORIENTED_EDGE ( 'NONE', *, *, #4439, .F. ) ;
#718 = EDGE_CURVE ( 'NONE', #4096, #4783, #2216, .T. ) ;
#719 = CARTESIAN_POINT ( 'NONE',  ( -11.05061124694371877, 5.317970660146690065, 25.00000000000000000 ) ) ;
#720 = CARTESIAN_POINT ( 'NONE',  ( 1.138336177318524101, 5.317970660146690065, 20.34441820468924789 ) ) ;
#721 = CARTESIAN_POINT ( 'NONE',  ( -11.05061124694371877, -12.68202933985330105, 27.69999999999999929 ) ) ;
#722 = VECTOR ( 'NONE', #296, 1000.000000000000000 ) ;
#723 = DIRECTION ( 'NONE',  ( 0.000000000000000000, 0.000000000000000000, 1.000000000000000000 ) ) ;
#724 = DIRECTION ( 'NONE',  ( 1.000000000000000000, 0.000000000000000000, 0.000000000000000000 ) ) ;
#725 = FACE_OUTER_BOUND ( 'NONE', #6201, .T. ) ;
#726 = DIRECTION ( 'NONE',  ( 0.000000000000000000, -1.000000000000000000, 0.000000000000000000 ) ) ;
#727 = DIRECTION ( 'NONE',  ( 1.000000000000000000, 0.000000000000000000, 0.000000000000000000 ) ) ;
#728 = VECTOR ( 'NONE', #2909, 1000.000000000000000 ) ;
#729 = ORIENTED_EDGE ( 'NONE', *, *, #4624, .F. ) ;
#730 = CARTESIAN_POINT ( 'NONE',  ( 43.00876143713070121, 2.317970660146694950, -3.451253375095765019 ) ) ;
#731 = VECTOR ( 'NONE', #2231, 1000.000000000000000 ) ;
#732 = VERTEX_POINT ( 'NONE', #1197 ) ;
#733 = VECTOR ( 'NONE', #386, 1000.000000000000000 ) ;
#734 = DIRECTION ( 'NONE',  ( 0.000000000000000000, 0.000000000000000000, -1.000000000000000000 ) ) ;
#735 = CARTESIAN_POINT ( 'NONE',  ( 0.3493887530562619914, -3.982029339853304872, -26.39999999999999858 ) ) ;
#736 = CARTESIAN_POINT ( 'NONE',  ( 55.06673996170920304, 5.317970660146690065, -11.45125337509577967 ) ) ;
#737 = EDGE_CURVE ( 'NONE', #2938, #4584, #3146, .T. ) ;
#738 = CIRCLE ( 'NONE', #5064, 0.5000000000000004441 ) ;
#739 = ORIENTED_EDGE ( 'NONE', *, *, #3661, .T. ) ;
#740 = ORIENTED_EDGE ( 'NONE', *, *, #5511, .F. ) ;
#741 = VERTEX_POINT ( 'NONE', #2182 ) ;
#742 = VECTOR ( 'NONE', #4232, 1000.000000000000000 ) ;
#743 = STYLED_ITEM ( 'NONE', ( #3943 ), #1382 ) ;
#744 = LINE ( 'NONE', #4550, #4674 ) ;
#745 = DIRECTION ( 'NONE',  ( 1.000000000000000000, 0.000000000000000000, 0.000000000000000000 ) ) ;
#746 = FACE_OUTER_BOUND ( 'NONE', #4845, .T. ) ;
#747 = AXIS2_PLACEMENT_3D ( 'NONE', #3093, #2611, #3647 ) ;
#748 = EDGE_LOOP ( 'NONE', ( #5583, #3639, #4481, #17 ) ) ;
#749 = EDGE_LOOP ( 'NONE', ( #341, #3524 ) ) ;
#750 = EDGE_LOOP ( 'NONE', ( #4012, #5995, #1788, #202 ) ) ;
#751 = LINE ( 'NONE', #4527, #3550 ) ;
#752 = EDGE_CURVE ( 'NONE', #3387, #4344, #2698, .T. ) ;
#753 = VECTOR ( 'NONE', #1665, 1000.000000000000000 ) ;
#754 = DIRECTION ( 'NONE',  ( 0.000000000000000000, 0.000000000000000000, 1.000000000000000000 ) ) ;
#755 = CIRCLE ( 'NONE', #4871, 0.5000000000000000000 ) ;
#756 = LINE ( 'NONE', #1317, #904 ) ;
#757 = ORIENTED_EDGE ( 'NONE', *, *, #2602, .T. ) ;
#758 = VECTOR ( 'NONE', #6126, 1000.000000000000000 ) ;
#759 = DIRECTION ( 'NONE',  ( -1.000000000000000000, 0.000000000000000000, 0.000000000000000000 ) ) ;
#760 = ORIENTED_EDGE ( 'NONE', *, *, #4969, .T. ) ;
#761 = FACE_OUTER_BOUND ( 'NONE', #2613, .T. ) ;
#762 = FACE_OUTER_BOUND ( 'NONE', #3541, .T. ) ;
#763 = CARTESIAN_POINT ( 'NONE',  ( 65.64938875305630006, -3.782029339853310024, 11.23512053801293931 ) ) ;
#764 = VECTOR ( 'NONE', #1053, 1000.000000000000000 ) ;
#765 = DIRECTION ( 'NONE',  ( 0.000000000000000000, 0.000000000000000000, -1.000000000000000000 ) ) ;
#766 = CARTESIAN_POINT ( 'NONE',  ( 55.54969678325399940, -4.567657337583459487, -75.14999999999999147 ) ) ;
#767 = ORIENTED_EDGE ( 'NONE', *, *, #244, .F. ) ;
#768 = CYLINDRICAL_SURFACE ( 'NONE', #4661, 2.499999999999998668 ) ;
#769 = CARTESIAN_POINT ( 'NONE',  ( 66.34938875305628869, 4.017970660146695572, -23.30000000000000071 ) ) ;
#770 = CARTESIAN_POINT ( 'NONE',  ( -2.150611246943755273, -4.582029339853310290, 22.70000000000000284 ) ) ;
#771 = VECTOR ( 'NONE', #5872, 999.9999999999998863 ) ;
#772 = VERTEX_POINT ( 'NONE', #5970 ) ;
#773 = VERTEX_POINT ( 'NONE', #2118 ) ;
#774 = ORIENTED_EDGE ( 'NONE', *, *, #1301, .T. ) ;
#775 = AXIS2_PLACEMENT_3D ( 'NONE', #2539, #3312, #5220 ) ;
#776 = VERTEX_POINT ( 'NONE', #3555 ) ;
#777 = LINE ( 'NONE', #1251, #1359 ) ;
#778 = CARTESIAN_POINT ( 'NONE',  ( -12.45061124694374044, -10.37295348812573970, -25.00000000000000000 ) ) ;
#779 = AXIS2_PLACEMENT_3D ( 'NONE', #2593, #3601, #4516 ) ;
#780 = ADVANCED_FACE ( 'NONE', ( #3590 ), #1295, .F. ) ;
#781 = EDGE_LOOP ( 'NONE', ( #927, #6099, #399, #1841 ) ) ;
#782 = ADVANCED_FACE ( 'NONE', ( #692 ), #3546, .T. ) ;
#783 = ORIENTED_EDGE ( 'NONE', *, *, #836, .F. ) ;
#784 = DIRECTION ( 'NONE',  ( 0.000000000000000000, 1.000000000000000000, 0.000000000000000000 ) ) ;
#785 = DIRECTION ( 'NONE',  ( -1.000000000000000000, 0.000000000000000000, 9.606410117365558543E-17 ) ) ;
#786 = CARTESIAN_POINT ( 'NONE',  ( 45.00876143713070121, 5.317970660146690065, -15.95125337509580099 ) ) ;
#787 = EDGE_CURVE ( 'NONE', #809, #2792, #2634, .T. ) ;
#788 = LINE ( 'NONE', #3115, #4552 ) ;
#789 = ORIENTED_EDGE ( 'NONE', *, *, #6075, .T. ) ;
#790 = CARTESIAN_POINT ( 'NONE',  ( 69.53517519068319075, -8.782029339853300698, 15.54999999999999893 ) ) ;
#791 = AXIS2_PLACEMENT_3D ( 'NONE', #397, #2847, #5144 ) ;
#792 = DIRECTION ( 'NONE',  ( 0.000000000000000000, -1.000000000000000000, 0.000000000000000000 ) ) ;
#793 = CARTESIAN_POINT ( 'NONE',  ( 66.34938875305628869, -3.982029339853304872, -23.30000000000000071 ) ) ;
#794 = CYLINDRICAL_SURFACE ( 'NONE', #4066, 1.399999999999998579 ) ;
#795 = LINE ( 'NONE', #2680, #5949 ) ;
#796 = ORIENTED_EDGE ( 'NONE', *, *, #5622, .T. ) ;
#797 = ADVANCED_FACE ( 'NONE', ( #316 ), #1760, .F. ) ;
#798 = CARTESIAN_POINT ( 'NONE',  ( 65.64938875305630006, -1.582029339853310068, -1.057592947645777715 ) ) ;
#799 = CARTESIAN_POINT ( 'NONE',  ( 67.64938875305628585, 5.317970660146690065, -25.00000000000000000 ) ) ;
#800 = ADVANCED_FACE ( 'NONE', ( #4503 ), #4028, .T. ) ;
#801 = CARTESIAN_POINT ( 'NONE',  ( 41.00876143713075095, 2.317970660146694950, -5.451253375095769904 ) ) ;
#802 = VERTEX_POINT ( 'NONE', #4213 ) ;
#803 = EDGE_LOOP ( 'NONE', ( #4172, #5850, #301, #2284 ) ) ;
#804 = EDGE_LOOP ( 'NONE', ( #3591, #4592, #195, #173 ) ) ;
#805 = VERTEX_POINT ( 'NONE', #2767 ) ;
#806 = CARTESIAN_POINT ( 'NONE',  ( 65.64938875305630006, -4.282029339853305139, -18.85701875544739892 ) ) ;
#807 = LINE ( 'NONE', #5587, #3292 ) ;
#808 = CIRCLE ( 'NONE', #4832, 1.000000000000000888 ) ;
#809 = VERTEX_POINT ( 'NONE', #6122 ) ;
#810 = ORIENTED_EDGE ( 'NONE', *, *, #5235, .T. ) ;
#811 = CARTESIAN_POINT ( 'NONE',  ( 47.52818463161129614, -1.682029339853305050, 14.84922043697280181 ) ) ;
#812 = DIRECTION ( 'NONE',  ( 0.000000000000000000, 1.000000000000000000, 0.000000000000000000 ) ) ;
#813 = EDGE_CURVE ( 'NONE', #5051, #4933, #4310, .T. ) ;
#814 = CARTESIAN_POINT ( 'NONE',  ( 68.64938875305628585, -3.782029339853310024, 5.942407052354219843 ) ) ;
#815 = EDGE_CURVE ( 'NONE', #961, #4837, #6151, .T. ) ;
#816 = ADVANCED_FACE ( 'NONE', ( #2796 ), #6153, .F. ) ;
#817 = VECTOR ( 'NONE', #869, 1000.000000000000000 ) ;
#818 = CARTESIAN_POINT ( 'NONE',  ( 67.34938875305628869, -10.08346369748242033, -3.149999999999999911 ) ) ;
#819 = LINE ( 'NONE', #6006, #3465 ) ;
#820 = LINE ( 'NONE', #5129, #2378 ) ;
#821 = CYLINDRICAL_SURFACE ( 'NONE', #1967, 0.9999999999999991118 ) ;
#822 = CARTESIAN_POINT ( 'NONE',  ( 55.06673996170920304, 2.317970660146694950, -11.45125337509577967 ) ) ;
#823 = LINE ( 'NONE', #766, #5648 ) ;
#824 = VERTEX_POINT ( 'NONE', #5217 ) ;
#825 = DIRECTION ( 'NONE',  ( -0.000000000000000000, 1.000000000000000000, 0.000000000000000000 ) ) ;
#826 = CARTESIAN_POINT ( 'NONE',  ( 61.34938875305630290, -3.982029339853304872, -23.30000000000000071 ) ) ;
#827 = ADVANCED_FACE ( 'NONE', ( #2861 ), #4187, .F. ) ;
#828 = CIRCLE ( 'NONE', #4141, 2.499999999999998668 ) ;
#829 = DIRECTION ( 'NONE',  ( 0.000000000000000000, 1.000000000000000000, 0.000000000000000000 ) ) ;
#830 = ORIENTED_EDGE ( 'NONE', *, *, #2358, .F. ) ;
#831 = AXIS2_PLACEMENT_3D ( 'NONE', #5756, #1390, #3809 ) ;
#832 = VERTEX_POINT ( 'NONE', #6221 ) ;
#833 = ORIENTED_EDGE ( 'NONE', *, *, #2914, .T. ) ;
#834 = VERTEX_POINT ( 'NONE', #3774 ) ;
#835 = EDGE_CURVE ( 'NONE', #2820, #772, #4243, .T. ) ;
#836 = EDGE_CURVE ( 'NONE', #4737, #4490, #5189, .T. ) ;
#837 = DIRECTION ( 'NONE',  ( 0.000000000000000000, 1.000000000000000000, 0.000000000000000000 ) ) ;
#838 = LINE ( 'NONE', #6177, #1475 ) ;
#839 = VECTOR ( 'NONE', #2577, 1000.000000000000000 ) ;
#840 = ORIENTED_EDGE ( 'NONE', *, *, #1619, .F. ) ;
#841 = EDGE_LOOP ( 'NONE', ( #5642, #4581, #4208, #1453 ) ) ;
#842 = AXIS2_PLACEMENT_3D ( 'NONE', #5922, #1146, #3067 ) ;
#843 = FACE_OUTER_BOUND ( 'NONE', #2620, .T. ) ;
#844 = CARTESIAN_POINT ( 'NONE',  ( 55.54969678325399940, -3.564322777930264863, -75.14999999999999147 ) ) ;
#845 = VECTOR ( 'NONE', #3503, 1000.000000000000000 ) ;
#846 = EDGE_LOOP ( 'NONE', ( #1392, #2291, #1207, #5231, #3906, #2280 ) ) ;
#847 = DIRECTION ( 'NONE',  ( 0.000000000000000000, 1.000000000000000000, 0.000000000000000000 ) ) ;
#848 = ORIENTED_EDGE ( 'NONE', *, *, #1450, .F. ) ;
#849 = CIRCLE ( 'NONE', #4376, 0.5000000000000004441 ) ;
#850 = LINE ( 'NONE', #2364, #2758 ) ;
#851 = CARTESIAN_POINT ( 'NONE',  ( 65.64938875305630006, -1.582029339853310068, 11.23512053801293931 ) ) ;
#852 = CYLINDRICAL_SURFACE ( 'NONE', #3273, 2.499999999999998668 ) ;
#853 = CARTESIAN_POINT ( 'NONE',  ( 66.34938875305628869, 4.017970660146695572, 26.34164078649989804 ) ) ;
#854 = VECTOR ( 'NONE', #5440, 1000.000000000000000 ) ;
#855 = VECTOR ( 'NONE', #5838, 1000.000000000000000 ) ;
#856 = ADVANCED_FACE ( 'NONE', ( #1384 ), #6098, .F. ) ;
#857 = DIRECTION ( 'NONE',  ( 0.000000000000000000, 0.000000000000000000, 1.000000000000000000 ) ) ;
#858 = VERTEX_POINT ( 'NONE', #469 ) ;
#859 = VECTOR ( 'NONE', #837, 1000.000000000000000 ) ;
#860 = DIRECTION ( 'NONE',  ( 0.000000000000000000, 0.000000000000000000, 1.000000000000000000 ) ) ;
#861 = DIRECTION ( 'NONE',  ( 0.000000000000000000, 0.000000000000000000, -1.000000000000000000 ) ) ;
#862 = DIRECTION ( 'NONE',  ( 0.000000000000000000, 0.000000000000000000, -1.000000000000000000 ) ) ;
#863 = ORIENTED_EDGE ( 'NONE', *, *, #5725, .F. ) ;
#864 = CARTESIAN_POINT ( 'NONE',  ( 39.00876143713075095, 2.317970660146694950, -8.451253375095769016 ) ) ;
#865 = AXIS2_PLACEMENT_3D ( 'NONE', #5332, #546, #4366 ) ;
#866 = ORIENTED_EDGE ( 'NONE', *, *, #4055, .F. ) ;
#867 = CARTESIAN_POINT ( 'NONE',  ( 69.53517519068319075, -9.782029339853300698, 15.54999999999999893 ) ) ;
#868 = VECTOR ( 'NONE', #1079, 1000.000000000000000 ) ;
#869 = DIRECTION ( 'NONE',  ( 1.000000000000000000, 0.000000000000000000, 0.000000000000000000 ) ) ;
#870 = DIRECTION ( 'NONE',  ( 0.000000000000000000, 1.000000000000000000, 0.000000000000000000 ) ) ;
#871 = VECTOR ( 'NONE', #2691, 1000.000000000000000 ) ;
#872 = ORIENTED_EDGE ( 'NONE', *, *, #1434, .F. ) ;
#873 = EDGE_CURVE ( 'NONE', #5962, #1032, #4747, .T. ) ;
#874 = ORIENTED_EDGE ( 'NONE', *, *, #2296, .T. ) ;
#875 = CARTESIAN_POINT ( 'NONE',  ( -11.05061124694374008, 5.317970660146690065, -26.70000000000000284 ) ) ;
#876 = EDGE_CURVE ( 'NONE', #6147, #802, #5625, .T. ) ;
#877 = CARTESIAN_POINT ( 'NONE',  ( 63.84938875305628869, -4.582029339853310290, -23.30000000000000071 ) ) ;
#878 = VERTEX_POINT ( 'NONE', #3829 ) ;
#879 = ORIENTED_EDGE ( 'NONE', *, *, #5091, .T. ) ;
#880 = DIRECTION ( 'NONE',  ( 1.146386871659040042E-30, -1.734723475976805122E-15, 1.000000000000000000 ) ) ;
#881 = ORIENTED_EDGE ( 'NONE', *, *, #974, .T. ) ;
#882 = CARTESIAN_POINT ( 'NONE',  ( 55.06673996170920304, 4.017970660146695572, -5.451253375095759246 ) ) ;
#883 = CARTESIAN_POINT ( 'NONE',  ( -12.45061124694374044, 5.317970660146680295, -9.350000000000001421 ) ) ;
#884 = DIRECTION ( 'NONE',  ( -1.000000000000000000, 0.000000000000000000, 0.000000000000000000 ) ) ;
#885 = DIRECTION ( 'NONE',  ( 0.000000000000000000, -1.000000000000000000, 0.000000000000000000 ) ) ;
#886 = DIRECTION ( 'NONE',  ( 1.000000000000000000, 0.000000000000000000, 0.000000000000000000 ) ) ;
#887 = EDGE_LOOP ( 'NONE', ( #4773, #5204, #3256, #1930 ) ) ;
#888 = DIRECTION ( 'NONE',  ( 1.000000000000000000, 0.000000000000000000, 0.000000000000000000 ) ) ;
#889 = CARTESIAN_POINT ( 'NONE',  ( -11.05061124694371877, 4.017970660146695572, 6.277868546064289568 ) ) ;
#890 = CARTESIAN_POINT ( 'NONE',  ( -13.75061124694374115, -7.372953488125739696, -9.350000000000001421 ) ) ;
#891 = ORIENTED_EDGE ( 'NONE', *, *, #3947, .F. ) ;
#892 = DIRECTION ( 'NONE',  ( 0.000000000000000000, -1.000000000000000000, 0.000000000000000000 ) ) ;
#893 = EDGE_CURVE ( 'NONE', #5988, #5616, #4277, .T. ) ;
#894 = EDGE_CURVE ( 'NONE', #4109, #1614, #3645, .T. ) ;
#895 = ORIENTED_EDGE ( 'NONE', *, *, #2211, .T. ) ;
#896 = CARTESIAN_POINT ( 'NONE',  ( -2.150611246943755273, 4.017970660146695572, 24.10000000000000142 ) ) ;
#897 = DIRECTION ( 'NONE',  ( 0.000000000000000000, 0.000000000000000000, 1.000000000000000000 ) ) ;
#898 = CARTESIAN_POINT ( 'NONE',  ( 67.34938875305628869, -3.782029339853310024, 19.23512053801294996 ) ) ;
#899 = ORIENTED_EDGE ( 'NONE', *, *, #3302, .F. ) ;
#900 = ORIENTED_EDGE ( 'NONE', *, *, #3379, .T. ) ;
#901 = ORIENTED_EDGE ( 'NONE', *, *, #3853, .F. ) ;
#902 = EDGE_LOOP ( 'NONE', ( #2475, #3994, #1205, #5524, #5246, #3854 ) ) ;
#903 = CARTESIAN_POINT ( 'NONE',  ( 27.44938875305625103, 2.317970660146694950, 6.277868546064289568 ) ) ;
#904 = VECTOR ( 'NONE', #4148, 1000.000000000000000 ) ;
#905 = CARTESIAN_POINT ( 'NONE',  ( 45.00876143713070121, 5.317970660146690065, -1.451253375095766129 ) ) ;
#906 = PRODUCT_RELATED_PRODUCT_CATEGORY ( 'part', '', ( #3299 ) ) ;
#907 = EDGE_CURVE ( 'NONE', #1085, #5656, #3370, .T. ) ;
#908 = ORIENTED_EDGE ( 'NONE', *, *, #2968, .F. ) ;
#909 = VECTOR ( 'NONE', #2138, 1000.000000000000000 ) ;
#910 = DIRECTION ( 'NONE',  ( 0.000000000000000000, -1.000000000000000000, 0.000000000000000000 ) ) ;
#911 = VERTEX_POINT ( 'NONE', #2305 ) ;
#912 = CARTESIAN_POINT ( 'NONE',  ( -11.05061124694371877, 4.017970660146695572, -10.45125337509577967 ) ) ;
#913 = CARTESIAN_POINT ( 'NONE',  ( 70.24228197186970135, -9.489136121039839722, -15.54999999999999893 ) ) ;
#914 = DIRECTION ( 'NONE',  ( 0.000000000000000000, 0.000000000000000000, 1.000000000000000000 ) ) ;
#915 = CARTESIAN_POINT ( 'NONE',  ( -13.75061124694374115, -3.958100679666319621, -20.00000000000000000 ) ) ;
#916 = CARTESIAN_POINT ( 'NONE',  ( -4.650611246943759269, 4.017970660146695572, 26.39999999999999858 ) ) ;
#917 = EDGE_LOOP ( 'NONE', ( #1318, #116, #6191, #1469 ) ) ;
#918 = LINE ( 'NONE', #5227, #3954 ) ;
#919 = DIRECTION ( 'NONE',  ( 1.000000000000000000, 0.000000000000000000, 0.000000000000000000 ) ) ;
#920 = DIRECTION ( 'NONE',  ( 0.000000000000000000, -1.000000000000000000, 0.000000000000000000 ) ) ;
#921 = CIRCLE ( 'NONE', #5239, 0.5000000000000004441 ) ;
#922 = LINE ( 'NONE', #4762, #3022 ) ;
#923 = VERTEX_POINT ( 'NONE', #1412 ) ;
#924 = LINE ( 'NONE', #1370, #621 ) ;
#925 = CIRCLE ( 'NONE', #6144, 0.5000000000000004441 ) ;
#926 = DIRECTION ( 'NONE',  ( 0.000000000000000000, 0.000000000000000000, -1.000000000000000000 ) ) ;
#927 = ORIENTED_EDGE ( 'NONE', *, *, #4217, .T. ) ;
#928 = CYLINDRICAL_SURFACE ( 'NONE', #967, 2.499999999999998668 ) ;
#929 = CARTESIAN_POINT ( 'NONE',  ( 55.85349847498640230, 2.317970660146694950, 11.27786854606429934 ) ) ;
#930 = CARTESIAN_POINT ( 'NONE',  ( -11.05061124694371877, -12.68202933985330105, 25.00000000000000000 ) ) ;
#931 = ADVANCED_FACE ( 'NONE', ( #3340 ), #5249, .F. ) ;
#932 = VERTEX_POINT ( 'NONE', #818 ) ;
#933 = VERTEX_POINT ( 'NONE', #2728 ) ;
#934 = AXIS2_PLACEMENT_3D ( 'NONE', #5815, #977, #5377 ) ;
#935 = DIRECTION ( 'NONE',  ( 0.000000000000000000, -1.000000000000000000, 0.000000000000000000 ) ) ;
#936 = LINE ( 'NONE', #6185, #4429 ) ;
#937 = APPLICATION_CONTEXT ( 'automotive_design' ) ;
#938 = ORIENTED_EDGE ( 'NONE', *, *, #1434, .T. ) ;
#939 = VECTOR ( 'NONE', #2223, 1000.000000000000000 ) ;
#940 = ORIENTED_EDGE ( 'NONE', *, *, #501, .T. ) ;
#941 = EDGE_CURVE ( 'NONE', #6147, #1599, #1839, .T. ) ;
#942 = ORIENTED_EDGE ( 'NONE', *, *, #3122, .F. ) ;
#943 = CARTESIAN_POINT ( 'NONE',  ( 66.64938875305630006, -7.237112297184710386, -3.149999999999999911 ) ) ;
#944 = VERTEX_POINT ( 'NONE', #5910 ) ;
#945 = EDGE_CURVE ( 'NONE', #2142, #978, #527, .T. ) ;
#946 = CARTESIAN_POINT ( 'NONE',  ( 1.138336177318524101, 4.017970660146695572, 25.00000000000000000 ) ) ;
#947 = DIRECTION ( 'NONE',  ( 0.000000000000000000, 0.000000000000000000, -1.000000000000000000 ) ) ;
#948 = LINE ( 'NONE', #3807, #1061 ) ;
#949 = AXIS2_PLACEMENT_3D ( 'NONE', #3348, #1487, #1896 ) ;
#950 = PLANE ( 'NONE',  #3965 ) ;
#951 = VECTOR ( 'NONE', #157, 1000.000000000000000 ) ;
#952 = CARTESIAN_POINT ( 'NONE',  ( 65.94938875305629722, 4.317970660146690065, -27.69999999999999929 ) ) ;
#953 = ORIENTED_EDGE ( 'NONE', *, *, #5983, .F. ) ;
#954 = LINE ( 'NONE', #5791, #2050 ) ;
#955 = DIRECTION ( 'NONE',  ( 0.000000000000000000, 0.000000000000000000, 1.000000000000000000 ) ) ;
#956 = AXIS2_PLACEMENT_3D ( 'NONE', #4693, #885, #4219 ) ;
#957 = CARTESIAN_POINT ( 'NONE',  ( 51.06673996170919594, 2.317970660146694950, -1.451253375095766129 ) ) ;
#958 = ORIENTED_EDGE ( 'NONE', *, *, #3634, .F. ) ;
#959 = AXIS2_PLACEMENT_3D ( 'NONE', #4077, #2690, #3078 ) ;
#960 = VECTOR ( 'NONE', #4895, 1000.000000000000000 ) ;
#961 = VERTEX_POINT ( 'NONE', #3405 ) ;
#962 = CARTESIAN_POINT ( 'NONE',  ( 65.64938875305630006, 0.7179706601466929738, -18.35701875544739892 ) ) ;
#963 = DIRECTION ( 'NONE',  ( 0.000000000000000000, 1.000000000000000000, 0.000000000000000000 ) ) ;
#964 = CARTESIAN_POINT ( 'NONE',  ( 65.64938875305630006, -4.782029339853309580, 5.942407052354219843 ) ) ;
#965 = CARTESIAN_POINT ( 'NONE',  ( 59.75442965260419470, -4.067657337583460375, 26.39999999999999858 ) ) ;
#966 = CARTESIAN_POINT ( 'NONE',  ( 1.138336177318524101, 2.317970660146694950, 26.14441820468924860 ) ) ;
#967 = AXIS2_PLACEMENT_3D ( 'NONE', #2973, #2441, #4426 ) ;
#968 = ORIENTED_EDGE ( 'NONE', *, *, #5080, .F. ) ;
#969 = AXIS2_PLACEMENT_3D ( 'NONE', #3279, #5193, #5104 ) ;
#970 = DIRECTION ( 'NONE',  ( 0.000000000000000000, -1.000000000000000000, 0.000000000000000000 ) ) ;
#971 = FACE_OUTER_BOUND ( 'NONE', #4065, .T. ) ;
#972 = EDGE_CURVE ( 'NONE', #5640, #5299, #1003, .T. ) ;
#973 = VECTOR ( 'NONE', #4463, 1000.000000000000000 ) ;
#974 = EDGE_CURVE ( 'NONE', #2234, #5051, #593, .T. ) ;
#975 = ADVANCED_FACE ( 'NONE', ( #5286 ), #88, .F. ) ;
#976 = ORIENTED_EDGE ( 'NONE', *, *, #1374, .F. ) ;
#977 = DIRECTION ( 'NONE',  ( -1.000000000000000000, 0.000000000000000000, 0.000000000000000000 ) ) ;
#978 = VERTEX_POINT ( 'NONE', #5879 ) ;
#979 = AXIS2_PLACEMENT_3D ( 'NONE', #1866, #5229, #2781 ) ;
#980 = DIRECTION ( 'NONE',  ( 0.000000000000000000, 1.000000000000000000, 0.000000000000000000 ) ) ;
#981 = DIRECTION ( 'NONE',  ( 1.000000000000000000, 0.000000000000000000, 0.000000000000000000 ) ) ;
#982 = ADVANCED_FACE ( 'NONE', ( #1985 ), #3864, .F. ) ;
#983 = VECTOR ( 'NONE', #2056, 1000.000000000000000 ) ;
#984 = CARTESIAN_POINT ( 'NONE',  ( 55.54969678325399940, -4.567657337583459487, -75.14999999999999147 ) ) ;
#985 = VERTEX_POINT ( 'NONE', #2956 ) ;
#986 = DIRECTION ( 'NONE',  ( 0.000000000000000000, -1.000000000000000000, 0.000000000000000000 ) ) ;
#987 = DIRECTION ( 'NONE',  ( 1.000000000000000000, 0.000000000000000000, 0.000000000000000000 ) ) ;
#988 = DIRECTION ( 'NONE',  ( 0.000000000000000000, 1.000000000000000000, 0.000000000000000000 ) ) ;
#989 = ADVANCED_FACE ( 'NONE', ( #3896 ), #496, .T. ) ;
#990 = ORIENTED_EDGE ( 'NONE', *, *, #3174, .T. ) ;
#991 = EDGE_CURVE ( 'NONE', #4237, #5866, #5856, .T. ) ;
#992 = ADVANCED_FACE ( 'NONE', ( #4409 ), #2512, .T. ) ;
#993 = ORIENTED_EDGE ( 'NONE', *, *, #4985, .F. ) ;
#994 = CARTESIAN_POINT ( 'NONE',  ( 67.34938875305628869, -3.782029339853310024, 18.23512053801294996 ) ) ;
#995 = LINE ( 'NONE', #2940, #30 ) ;
#996 = CARTESIAN_POINT ( 'NONE',  ( 55.04969678325399940, 5.317970660146690065, -27.69999999999999929 ) ) ;
#997 = CARTESIAN_POINT ( 'NONE',  ( 65.64938875305630006, -2.582029339853309846, 19.23512053801294996 ) ) ;
#998 = DIRECTION ( 'NONE',  ( 0.000000000000000000, 0.000000000000000000, 1.000000000000000000 ) ) ;
#999 = EDGE_LOOP ( 'NONE', ( #1713, #4538, #97, #1948, #3474, #5997 ) ) ;
#1000 = LINE ( 'NONE', #3457, #5178 ) ;
#1001 = CARTESIAN_POINT ( 'NONE',  ( 39.00876143713075095, 4.017970660146695572, -8.951253375095769016 ) ) ;
#1002 = ORIENTED_EDGE ( 'NONE', *, *, #6094, .T. ) ;
#1003 = LINE ( 'NONE', #3433, #2249 ) ;
#1004 = ORIENTED_EDGE ( 'NONE', *, *, #1047, .T. ) ;
#1005 = LINE ( 'NONE', #4410, #3561 ) ;
#1006 = DIRECTION ( 'NONE',  ( 0.000000000000000000, 0.000000000000000000, 1.000000000000000000 ) ) ;
#1007 = EDGE_CURVE ( 'NONE', #933, #3368, #1569, .T. ) ;
#1008 = AXIS2_PLACEMENT_3D ( 'NONE', #844, #5098, #2270 ) ;
#1009 = DIRECTION ( 'NONE',  ( 0.000000000000000000, 0.000000000000000000, 1.000000000000000000 ) ) ;
#1010 = ORIENTED_EDGE ( 'NONE', *, *, #1430, .F. ) ;
#1011 = DIRECTION ( 'NONE',  ( 0.000000000000000000, -1.000000000000000000, 0.000000000000000000 ) ) ;
#1012 = PLANE ( 'NONE',  #3984 ) ;
#1013 = LINE ( 'NONE', #5261, #4899 ) ;
#1014 = ORIENTED_EDGE ( 'NONE', *, *, #3206, .T. ) ;
#1015 = CYLINDRICAL_SURFACE ( 'NONE', #3738, 0.5000000000000004441 ) ;
#1016 = ORIENTED_EDGE ( 'NONE', *, *, #2357, .T. ) ;
#1017 = EDGE_CURVE ( 'NONE', #5710, #638, #5755, .T. ) ;
#1018 = LINE ( 'NONE', #5768, #5956 ) ;
#1019 = CARTESIAN_POINT ( 'NONE',  ( 63.84938875305628869, 4.017970660146695572, 22.70000000000000284 ) ) ;
#1020 = DIRECTION ( 'NONE',  ( 0.000000000000000000, 1.000000000000000000, 0.000000000000000000 ) ) ;
#1021 = LINE ( 'NONE', #3887, #275 ) ;
#1022 = EDGE_LOOP ( 'NONE', ( #1652, #2750, #6019, #5963 ) ) ;
#1023 = VECTOR ( 'NONE', #1903, 1000.000000000000000 ) ;
#1024 = ORIENTED_EDGE ( 'NONE', *, *, #3, .F. ) ;
#1025 = ADVANCED_FACE ( 'NONE', ( #5409 ), #1034, .F. ) ;
#1026 = VERTEX_POINT ( 'NONE', #625 ) ;
#1027 = ORIENTED_EDGE ( 'NONE', *, *, #4326, .F. ) ;
#1028 = EDGE_CURVE ( 'NONE', #1349, #772, #4816, .T. ) ;
#1029 = DIRECTION ( 'NONE',  ( 0.000000000000000000, 0.000000000000000000, -1.000000000000000000 ) ) ;
#1030 = CIRCLE ( 'NONE', #4038, 0.9999999999999991118 ) ;
#1031 = LINE ( 'NONE', #4272, #3328 ) ;
#1032 = VERTEX_POINT ( 'NONE', #2081 ) ;
#1033 = VECTOR ( 'NONE', #2609, 1000.000000000000000 ) ;
#1034 = PLANE ( 'NONE',  #6053 ) ;
#1035 = CARTESIAN_POINT ( 'NONE',  ( -11.05061124694371877, 4.017970660146695572, -12.95125337509577967 ) ) ;
#1036 = LINE ( 'NONE', #564, #5477 ) ;
#1037 = VECTOR ( 'NONE', #963, 1000.000000000000000 ) ;
#1038 = ADVANCED_FACE ( 'NONE', ( #2484 ), #2016, .T. ) ;
#1039 = CARTESIAN_POINT ( 'NONE',  ( 68.64938875305628585, -7.682029339853309935, -9.449999999999999289 ) ) ;
#1040 = EDGE_LOOP ( 'NONE', ( #394, #2948, #2901, #5497 ) ) ;
#1041 = VECTOR ( 'NONE', #4331, 1000.000000000000000 ) ;
#1042 = LINE ( 'NONE', #2491, #2259 ) ;
#1043 = DIRECTION ( 'NONE',  ( 0.000000000000000000, 0.000000000000000000, 1.000000000000000000 ) ) ;
#1044 = PLANE ( 'NONE',  #3695 ) ;
#1045 = ORIENTED_EDGE ( 'NONE', *, *, #5369, .T. ) ;
#1046 = DIRECTION ( 'NONE',  ( 1.000000000000000000, 0.000000000000000000, 0.000000000000000000 ) ) ;
#1047 = EDGE_CURVE ( 'NONE', #1087, #878, #2986, .T. ) ;
#1048 = AXIS2_PLACEMENT_3D ( 'NONE', #790, #4533, #724 ) ;
#1049 = ORIENTED_EDGE ( 'NONE', *, *, #6128, .F. ) ;
#1050 = ORIENTED_EDGE ( 'NONE', *, *, #3848, .F. ) ;
#1051 = DIRECTION ( 'NONE',  ( 0.000000000000000000, -1.000000000000000000, 0.000000000000000000 ) ) ;
#1052 = SURFACE_SIDE_STYLE ('',( #3034 ) ) ;
#1053 = DIRECTION ( 'NONE',  ( 0.000000000000000000, 1.000000000000000000, 0.000000000000000000 ) ) ;
#1054 = DIRECTION ( 'NONE',  ( 1.000000000000000000, 0.000000000000000000, 0.000000000000000000 ) ) ;
#1055 = CARTESIAN_POINT ( 'NONE',  ( -2.150611246943755273, -3.982029339853304872, -23.30000000000000071 ) ) ;
#1056 = CIRCLE ( 'NONE', #4575, 0.5000000000000004441 ) ;
#1057 = AXIS2_PLACEMENT_3D ( 'NONE', #6051, #242, #1154 ) ;
#1058 = VERTEX_POINT ( 'NONE', #1104 ) ;
#1059 = ORIENTED_EDGE ( 'NONE', *, *, #3718, .F. ) ;
#1060 = EDGE_CURVE ( 'NONE', #4602, #4169, #3017, .T. ) ;
#1061 = VECTOR ( 'NONE', #5752, 1000.000000000000000 ) ;
#1062 = PLANE ( 'NONE',  #6069 ) ;
#1063 = DIRECTION ( 'NONE',  ( 0.000000000000000000, -1.000000000000000000, 0.000000000000000000 ) ) ;
#1064 = DIRECTION ( 'NONE',  ( -0.7071067811865531239, 0.7071067811865420216, 9.813077866773673370E-17 ) ) ;
#1065 = ORIENTED_EDGE ( 'NONE', *, *, #1094, .F. ) ;
#1066 = EDGE_CURVE ( 'NONE', #2028, #4371, #689, .T. ) ;
#1067 = CIRCLE ( 'NONE', #365, 1.399999999999998579 ) ;
#1068 = EDGE_LOOP ( 'NONE', ( #3276, #3258, #424, #4948 ) ) ;
#1069 = ORIENTED_EDGE ( 'NONE', *, *, #1509, .F. ) ;
#1070 = DIRECTION ( 'NONE',  ( 0.000000000000000000, 0.000000000000000000, -1.000000000000000000 ) ) ;
#1071 = EDGE_CURVE ( 'NONE', #732, #208, #3145, .T. ) ;
#1072 = DIRECTION ( 'NONE',  ( 0.000000000000000000, 0.000000000000000000, 1.000000000000000000 ) ) ;
#1073 = VECTOR ( 'NONE', #2676, 1000.000000000000000 ) ;
#1074 = DIRECTION ( 'NONE',  ( 0.000000000000000000, -1.000000000000000000, 0.000000000000000000 ) ) ;
#1075 = VECTOR ( 'NONE', #5675, 1000.000000000000000 ) ;
#1076 = CARTESIAN_POINT ( 'NONE',  ( 67.34938875305628869, -4.782029339853309580, -1.057592947645777715 ) ) ;
#1077 = VERTEX_POINT ( 'NONE', #4145 ) ;
#1078 = CYLINDRICAL_SURFACE ( 'NONE', #5165, 0.5000000000000004441 ) ;
#1079 = DIRECTION ( 'NONE',  ( -1.000000000000000000, 0.000000000000000000, 0.000000000000000000 ) ) ;
#1080 = DIRECTION ( 'NONE',  ( -0.7071067811865520136, 0.7071067811865431318, 9.813077866773658579E-17 ) ) ;
#1081 = ORIENTED_EDGE ( 'NONE', *, *, #5065, .F. ) ;
#1082 = AXIS2_PLACEMENT_3D ( 'NONE', #1395, #3320, #4613 ) ;
#1083 = ORIENTED_EDGE ( 'NONE', *, *, #5633, .F. ) ;
#1084 = EDGE_CURVE ( 'NONE', #4483, #4377, #4052, .T. ) ;
#1085 = VERTEX_POINT ( 'NONE', #3085 ) ;
#1086 = CARTESIAN_POINT ( 'NONE',  ( 47.52818463161129614, 5.317970660146690065, 14.84922043697280181 ) ) ;
#1087 = VERTEX_POINT ( 'NONE', #3051 ) ;
#1088 = DIRECTION ( 'NONE',  ( 0.000000000000000000, 0.000000000000000000, 1.000000000000000000 ) ) ;
#1089 = CARTESIAN_POINT ( 'NONE',  ( 45.00876143713070121, 2.317970660146694950, -0.4512533750957660184 ) ) ;
#1090 = EDGE_CURVE ( 'NONE', #29, #3950, #4964, .T. ) ;
#1091 = LINE ( 'NONE', #4922, #4270 ) ;
#1092 = FACE_OUTER_BOUND ( 'NONE', #5315, .T. ) ;
#1093 = EDGE_CURVE ( 'NONE', #3959, #4583, #2695, .T. ) ;
#1094 = EDGE_CURVE ( 'NONE', #2037, #978, #2178, .T. ) ;
#1095 = VERTEX_POINT ( 'NONE', #657 ) ;
#1096 = VERTEX_POINT ( 'NONE', #4499 ) ;
#1097 = ORIENTED_EDGE ( 'NONE', *, *, #1954, .F. ) ;
#1098 = PLANE ( 'NONE',  #1458 ) ;
#1099 = CARTESIAN_POINT ( 'NONE',  ( 63.84938875305628869, -4.582029339853310290, 20.19999999999999929 ) ) ;
#1100 = CARTESIAN_POINT ( 'NONE',  ( 55.06673996170920304, 4.017970660146695572, -5.951253375095760134 ) ) ;
#1101 = ORIENTED_EDGE ( 'NONE', *, *, #4018, .F. ) ;
#1102 = EDGE_LOOP ( 'NONE', ( #5525, #5140, #4189, #5400 ) ) ;
#1103 = ORIENTED_EDGE ( 'NONE', *, *, #83, .F. ) ;
#1104 = CARTESIAN_POINT ( 'NONE',  ( -13.75061124694374115, -10.37295348812573970, 15.65000000000000036 ) ) ;
#1105 = CARTESIAN_POINT ( 'NONE',  ( -12.45061124694374044, -10.37295348812573970, -9.350000000000001421 ) ) ;
#1106 = CARTESIAN_POINT ( 'NONE',  ( -11.05061124694374008, 5.317970660146690065, -26.39999999999999858 ) ) ;
#1107 = CARTESIAN_POINT ( 'NONE',  ( -12.75061124694373937, 5.317970660146690065, -25.00000000000000000 ) ) ;
#1108 = ORIENTED_EDGE ( 'NONE', *, *, #1848, .T. ) ;
#1109 = CARTESIAN_POINT ( 'NONE',  ( -2.150611246943755273, -4.582029339853310290, 21.30000000000000071 ) ) ;
#1110 = CARTESIAN_POINT ( 'NONE',  ( 77.40074519957200039, -7.682029339853309935, -9.449999999999999289 ) ) ;
#1111 = FACE_BOUND ( 'NONE', #3969, .T. ) ;
#1112 = CIRCLE ( 'NONE', #2710, 2.499999999999998668 ) ;
#1113 = ORIENTED_EDGE ( 'NONE', *, *, #1374, .T. ) ;
#1114 = CARTESIAN_POINT ( 'NONE',  ( 41.00876143713075095, 4.017970660146695572, -5.451253375095769904 ) ) ;
#1115 = ORIENTED_EDGE ( 'NONE', *, *, #1333, .F. ) ;
#1116 = EDGE_LOOP ( 'NONE', ( #5316, #317, #1811, #1685 ) ) ;
#1117 = VECTOR ( 'NONE', #4357, 1000.000000000000000 ) ;
#1118 = DIRECTION ( 'NONE',  ( 1.000000000000000000, 0.000000000000000000, 0.000000000000000000 ) ) ;
#1119 = DIRECTION ( 'NONE',  ( 1.000000000000000000, 0.000000000000000000, 0.000000000000000000 ) ) ;
#1120 = DIRECTION ( 'NONE',  ( 0.000000000000000000, 0.000000000000000000, -1.000000000000000000 ) ) ;
#1121 = ORIENTED_EDGE ( 'NONE', *, *, #586, .T. ) ;
#1122 = ORIENTED_EDGE ( 'NONE', *, *, #4708, .T. ) ;
#1123 = ORIENTED_EDGE ( 'NONE', *, *, #623, .T. ) ;
#1124 = ADVANCED_FACE ( 'NONE', ( #4622 ), #4085, .F. ) ;
#1125 = PLANE ( 'NONE',  #2949 ) ;
#1126 = DIRECTION ( 'NONE',  ( -1.000000000000000000, 0.000000000000000000, 0.000000000000000000 ) ) ;
#1127 = DIRECTION ( 'NONE',  ( 0.000000000000000000, 0.000000000000000000, -1.000000000000000000 ) ) ;
#1128 = VERTEX_POINT ( 'NONE', #5507 ) ;
#1129 = CARTESIAN_POINT ( 'NONE',  ( 1.138336177318524101, 2.317970660146694950, 20.34441820468924789 ) ) ;
#1130 = AXIS2_PLACEMENT_3D ( 'NONE', #5858, #1051, #4982 ) ;
#1131 = LINE ( 'NONE', #3052, #647 ) ;
#1132 = CARTESIAN_POINT ( 'NONE',  ( -11.05061124694371877, 4.017970660146695572, -2.951253375095760134 ) ) ;
#1133 = AXIS2_PLACEMENT_3D ( 'NONE', #5066, #2148, #5598 ) ;
#1134 = ADVANCED_FACE ( 'NONE', ( #5561 ), #2236, .F. ) ;
#1135 = DIRECTION ( 'NONE',  ( 0.000000000000000000, 0.000000000000000000, -1.000000000000000000 ) ) ;
#1136 = ORIENTED_EDGE ( 'NONE', *, *, #4508, .F. ) ;
#1137 = DIRECTION ( 'NONE',  ( 0.000000000000000000, 1.000000000000000000, 0.000000000000000000 ) ) ;
#1138 = DIRECTION ( 'NONE',  ( 0.000000000000000000, 1.000000000000000000, 0.000000000000000000 ) ) ;
#1139 = CIRCLE ( 'NONE', #4051, 1.700000000000000178 ) ;
#1140 = CARTESIAN_POINT ( 'NONE',  ( 55.04969678325399940, -3.564322777930264863, 27.69999999999999929 ) ) ;
#1141 = EDGE_CURVE ( 'NONE', #5310, #4983, #2606, .T. ) ;
#1142 = CIRCLE ( 'NONE', #5660, 0.5000000000000004441 ) ;
#1143 = ORIENTED_EDGE ( 'NONE', *, *, #1084, .F. ) ;
#1144 = CARTESIAN_POINT ( 'NONE',  ( 66.34938875305628869, 5.317970660146690065, -26.34164078649984830 ) ) ;
#1145 = ORIENTED_EDGE ( 'NONE', *, *, #432, .F. ) ;
#1146 = DIRECTION ( 'NONE',  ( 0.000000000000000000, 1.000000000000000000, 0.000000000000000000 ) ) ;
#1147 = CARTESIAN_POINT ( 'NONE',  ( 44.13833617731850012, 4.017970660146695572, 26.14441820468924860 ) ) ;
#1148 = PLANE ( 'NONE',  #1480 ) ;
#1149 = VECTOR ( 'NONE', #1364, 1000.000000000000000 ) ;
#1150 = ORIENTED_EDGE ( 'NONE', *, *, #3661, .F. ) ;
#1151 = VERTEX_POINT ( 'NONE', #4113 ) ;
#1152 = ORIENTED_EDGE ( 'NONE', *, *, #941, .F. ) ;
#1153 = CIRCLE ( 'NONE', #5268, 2.700000000000001066 ) ;
#1154 = DIRECTION ( 'NONE',  ( 0.000000000000000000, 0.000000000000000000, -1.000000000000000000 ) ) ;
#1155 = FACE_OUTER_BOUND ( 'NONE', #4430, .T. ) ;
#1156 = CARTESIAN_POINT ( 'NONE',  ( 43.00876143713070121, 2.317970660146694950, -12.95125337509577967 ) ) ;
#1157 = VECTOR ( 'NONE', #2624, 1000.000000000000000 ) ;
#1158 = ORIENTED_EDGE ( 'NONE', *, *, #5338, .T. ) ;
#1159 = ORIENTED_EDGE ( 'NONE', *, *, #2264, .T. ) ;
#1160 = ORIENTED_EDGE ( 'NONE', *, *, #3436, .T. ) ;
#1161 = VECTOR ( 'NONE', #5333, 1000.000000000000000 ) ;
#1162 = DIRECTION ( 'NONE',  ( -1.000000000000000000, 0.000000000000000000, 0.000000000000000000 ) ) ;
#1163 = CARTESIAN_POINT ( 'NONE',  ( 53.06673996170920304, 2.317970660146694950, -13.95125337509577967 ) ) ;
#1164 = EDGE_CURVE ( 'NONE', #1714, #4888, #1139, .T. ) ;
#1165 = PLANE ( 'NONE',  #2171 ) ;
#1166 = EDGE_CURVE ( 'NONE', #4039, #4498, #4655, .T. ) ;
#1167 = CIRCLE ( 'NONE', #865, 2.499999999999998668 ) ;
#1168 = EDGE_CURVE ( 'NONE', #1026, #609, #2115, .T. ) ;
#1169 = CARTESIAN_POINT ( 'NONE',  ( 55.85349847498640230, 5.317970660146690065, 0.000000000000000000 ) ) ;
#1170 = VERTEX_POINT ( 'NONE', #3141 ) ;
#1171 = CIRCLE ( 'NONE', #969, 0.5000000000000004441 ) ;
#1172 = CARTESIAN_POINT ( 'NONE',  ( 57.06673996170920304, 4.017970660146695572, -8.451253375095769016 ) ) ;
#1173 = EDGE_CURVE ( 'NONE', #5182, #1290, #751, .T. ) ;
#1174 = CARTESIAN_POINT ( 'NONE',  ( 43.00876143713070121, 5.317970660146690065, -12.95125337509577967 ) ) ;
#1175 = LINE ( 'NONE', #2522, #983 ) ;
#1176 = VECTOR ( 'NONE', #650, 1000.000000000000000 ) ;
#1177 = ORIENTED_EDGE ( 'NONE', *, *, #2163, .F. ) ;
#1178 = CARTESIAN_POINT ( 'NONE',  ( 57.06673996170920304, 2.317970660146694950, -8.451253375095769016 ) ) ;
#1179 = DIRECTION ( 'NONE',  ( 0.000000000000000000, 1.000000000000000000, 0.000000000000000000 ) ) ;
#1180 = EDGE_CURVE ( 'NONE', #4415, #1690, #216, .T. ) ;
#1181 = FACE_BOUND ( 'NONE', #4963, .T. ) ;
#1182 = CIRCLE ( 'NONE', #4497, 0.5000000000000004441 ) ;
#1183 = DIRECTION ( 'NONE',  ( 1.000000000000000000, 0.000000000000000000, 0.000000000000000000 ) ) ;
#1184 = EDGE_CURVE ( 'NONE', #5418, #2059, #1257, .T. ) ;
#1185 = EDGE_LOOP ( 'NONE', ( #5653, #2345, #2947, #1014 ) ) ;
#1186 = ORIENTED_EDGE ( 'NONE', *, *, #4985, .T. ) ;
#1187 = VERTEX_POINT ( 'NONE', #6028 ) ;
#1188 = ORIENTED_EDGE ( 'NONE', *, *, #3259, .T. ) ;
#1189 = DIRECTION ( 'NONE',  ( 1.000000000000000000, 0.000000000000000000, 0.000000000000000000 ) ) ;
#1190 = CARTESIAN_POINT ( 'NONE',  ( 55.06673996170920304, 2.317970660146694950, -10.95125337509577967 ) ) ;
#1191 = CARTESIAN_POINT ( 'NONE',  ( 65.94938875305629722, 5.317970660146690065, -25.00000000000000000 ) ) ;
#1192 = VERTEX_POINT ( 'NONE', #1723 ) ;
#1193 = ORIENTED_EDGE ( 'NONE', *, *, #706, .T. ) ;
#1194 = DIRECTION ( 'NONE',  ( -1.000000000000000000, 0.000000000000000000, 0.000000000000000000 ) ) ;
#1195 = CARTESIAN_POINT ( 'NONE',  ( 55.06673996170920304, 2.317970660146694950, -5.951253375095760134 ) ) ;
#1196 = CARTESIAN_POINT ( 'NONE',  ( 67.64938875305628585, 4.317970660146690065, -25.00000000000000000 ) ) ;
#1197 = CARTESIAN_POINT ( 'NONE',  ( 41.00876143713075095, 4.017970660146695572, -6.451253375095769904 ) ) ;
#1198 = EDGE_LOOP ( 'NONE', ( #5420, #1728, #4642, #3509 ) ) ;
#1199 = CARTESIAN_POINT ( 'NONE',  ( 1.154952111509895962, 4.017970660146695572, 25.00000000000000000 ) ) ;
#1200 = EDGE_CURVE ( 'NONE', #2797, #4483, #5652, .T. ) ;
#1201 = CARTESIAN_POINT ( 'NONE',  ( 41.00876143713075095, 5.317970660146690065, -11.45125337509577967 ) ) ;
#1203 = EDGE_CURVE ( 'NONE', #126, #1591, #234, .T. ) ;
#1202 = CARTESIAN_POINT ( 'NONE',  ( 77.40074519957200039, -9.782029339853300698, 9.449999999999999289 ) ) ;
#1204 = LINE ( 'NONE', #4062, #380 ) ;
#1205 = ORIENTED_EDGE ( 'NONE', *, *, #3209, .T. ) ;
#1206 = PLANE ( 'NONE',  #1529 ) ;
#1207 = ORIENTED_EDGE ( 'NONE', *, *, #2301, .T. ) ;
#1208 = FACE_OUTER_BOUND ( 'NONE', #3517, .T. ) ;
#1209 = FACE_OUTER_BOUND ( 'NONE', #2103, .T. ) ;
#1210 = AXIS2_PLACEMENT_3D ( 'NONE', #1566, #4436, #2042 ) ;
#1211 = CARTESIAN_POINT ( 'NONE',  ( 68.64938875305628585, 0.2179706601466920024, -18.35701875544739892 ) ) ;
#1212 = ORIENTED_EDGE ( 'NONE', *, *, #1066, .F. ) ;
#1213 = EDGE_CURVE ( 'NONE', #4983, #1192, #344, .T. ) ;
#1214 = CIRCLE ( 'NONE', #1210, 2.499999999999998668 ) ;
#1215 = VERTEX_POINT ( 'NONE', #1428 ) ;
#1216 = ORIENTED_EDGE ( 'NONE', *, *, #3072, .F. ) ;
#1217 = ORIENTED_EDGE ( 'NONE', *, *, #1848, .F. ) ;
#1218 = VERTEX_POINT ( 'NONE', #1399 ) ;
#1219 = LINE ( 'NONE', #5052, #1157 ) ;
#1220 = LINE ( 'NONE', #1252, #1176 ) ;
#1221 = CIRCLE ( 'NONE', #2713, 2.000000000000000000 ) ;
#1222 = CYLINDRICAL_SURFACE ( 'NONE', #3924, 0.5000000000000004441 ) ;
#1223 = EDGE_LOOP ( 'NONE', ( #4678, #3111, #583, #5904, #5678, #3039 ) ) ;
#1224 = ORIENTED_EDGE ( 'NONE', *, *, #5753, .T. ) ;
#1225 = EDGE_LOOP ( 'NONE', ( #3481, #5021, #4916, #4883 ) ) ;
#1226 = DIRECTION ( 'NONE',  ( 0.000000000000000000, 1.000000000000000000, 0.000000000000000000 ) ) ;
#1227 = DIRECTION ( 'NONE',  ( 0.000000000000000000, 0.000000000000000000, 1.000000000000000000 ) ) ;
#1228 = CARTESIAN_POINT ( 'NONE',  ( 44.13833617731850012, 5.317970660146690065, 20.34441820468924789 ) ) ;
#1229 = VECTOR ( 'NONE', #1609, 1000.000000000000000 ) ;
#1230 = DIRECTION ( 'NONE',  ( 0.000000000000000000, -1.000000000000000000, 0.000000000000000000 ) ) ;
#1231 = CARTESIAN_POINT ( 'NONE',  ( -2.150611246943755273, -4.582029339853310290, -23.30000000000000071 ) ) ;
#1232 = LINE ( 'NONE', #6007, #5785 ) ;
#1233 = FACE_BOUND ( 'NONE', #4725, .T. ) ;
#1234 = EDGE_CURVE ( 'NONE', #2598, #3632, #5356, .T. ) ;
#1235 = DIRECTION ( 'NONE',  ( 0.000000000000000000, 0.000000000000000000, -1.000000000000000000 ) ) ;
#1236 = AXIS2_PLACEMENT_3D ( 'NONE', #5133, #3564, #1737 ) ;
#1237 = DIRECTION ( 'NONE',  ( 0.000000000000000000, 1.000000000000000000, 0.000000000000000000 ) ) ;
#1238 = ORIENTED_EDGE ( 'NONE', *, *, #4627, .F. ) ;
#1239 = AXIS2_PLACEMENT_3D ( 'NONE', #5940, #3309, #349 ) ;
#1240 = DIRECTION ( 'NONE',  ( -0.000000000000000000, 1.000000000000000000, 0.000000000000000000 ) ) ;
#1241 = CARTESIAN_POINT ( 'NONE',  ( 57.06673996170920304, 4.017970660146695572, -7.951253375095769016 ) ) ;
#1242 = CARTESIAN_POINT ( 'NONE',  ( 70.24228197186970135, -9.489136121039839722, 15.54999999999999893 ) ) ;
#1243 = EDGE_CURVE ( 'NONE', #4169, #5190, #738, .T. ) ;
#1244 = ADVANCED_FACE ( 'NONE', ( #4806 ), #4766, .F. ) ;
#1245 = VECTOR ( 'NONE', #4795, 1000.000000000000000 ) ;
#1246 = ORIENTED_EDGE ( 'NONE', *, *, #5685, .F. ) ;
#1247 = ORIENTED_EDGE ( 'NONE', *, *, #4120, .F. ) ;
#1248 = ORIENTED_EDGE ( 'NONE', *, *, #1255, .F. ) ;
#1249 = ORIENTED_EDGE ( 'NONE', *, *, #3221, .T. ) ;
#1250 = AXIS2_PLACEMENT_3D ( 'NONE', #3213, #1670, #3592 ) ;
#1251 = CARTESIAN_POINT ( 'NONE',  ( -2.150611246943755273, 4.017970660146695572, 21.30000000000000071 ) ) ;
#1252 = CARTESIAN_POINT ( 'NONE',  ( 0.3493887530562465038, 4.017970660146695572, 22.70000000000000284 ) ) ;
#1253 = EDGE_CURVE ( 'NONE', #3496, #1218, #2253, .T. ) ;
#1254 = ORIENTED_EDGE ( 'NONE', *, *, #4736, .F. ) ;
#1255 = EDGE_CURVE ( 'NONE', #5427, #2671, #3205, .T. ) ;
#1256 = VERTEX_POINT ( 'NONE', #5706 ) ;
#1257 = LINE ( 'NONE', #284, #5952 ) ;
#1258 = AXIS2_PLACEMENT_3D ( 'NONE', #1796, #1325, #3745 ) ;
#1259 = FACE_OUTER_BOUND ( 'NONE', #4325, .T. ) ;
#1260 = AXIS2_PLACEMENT_3D ( 'NONE', #2427, #6193, #1854 ) ;
#1261 = CARTESIAN_POINT ( 'NONE',  ( 61.34938875305630290, -3.982029339853304872, -23.30000000000000071 ) ) ;
#1262 = AXIS2_PLACEMENT_3D ( 'NONE', #2401, #1354, #4281 ) ;
#1263 = ADVANCED_FACE ( 'NONE', ( #3421 ), #3846, .F. ) ;
#1264 = DIRECTION ( 'NONE',  ( 0.000000000000000000, 1.000000000000000000, 0.000000000000000000 ) ) ;
#1265 = EDGE_LOOP ( 'NONE', ( #3798, #5284, #5318, #1752 ) ) ;
#1266 = DIRECTION ( 'NONE',  ( 0.000000000000000000, 0.000000000000000000, 1.000000000000000000 ) ) ;
#1267 = DIRECTION ( 'NONE',  ( 0.000000000000000000, 0.000000000000000000, -1.000000000000000000 ) ) ;
#1268 = DIRECTION ( 'NONE',  ( 0.000000000000000000, 0.000000000000000000, 1.000000000000000000 ) ) ;
#1269 = CIRCLE ( 'NONE', #4884, 0.5000000000000004441 ) ;
#1270 = LINE ( 'NONE', #1824, #5272 ) ;
#1271 = AXIS2_PLACEMENT_3D ( 'NONE', #851, #1793, #3182 ) ;
#1272 = CARTESIAN_POINT ( 'NONE',  ( 41.00876143713075095, 2.317970660146694950, -5.951253375095760134 ) ) ;
#1273 = ORIENTED_EDGE ( 'NONE', *, *, #378, .T. ) ;
#1274 = CARTESIAN_POINT ( 'NONE',  ( 67.34938875305628869, -10.08346369748242033, 25.00000000000000000 ) ) ;
#1275 = CARTESIAN_POINT ( 'NONE',  ( 65.94938875305629722, -3.982029339853304872, 26.39999999999999858 ) ) ;
#1276 = CARTESIAN_POINT ( 'NONE',  ( 70.94938875305629722, -7.682029339853309935, -9.449999999999999289 ) ) ;
#1277 = AXIS2_PLACEMENT_3D ( 'NONE', #4896, #581, #3424 ) ;
#1278 = ADVANCED_FACE ( 'NONE', ( #2382 ), #4298, .F. ) ;
#1279 = VERTEX_POINT ( 'NONE', #5739 ) ;
#1280 = VERTEX_POINT ( 'NONE', #3356 ) ;
#1281 = ADVANCED_FACE ( 'NONE', ( #1871 ), #1291, .F. ) ;
#1282 = VERTEX_POINT ( 'NONE', #485 ) ;
#1283 = AXIS2_PLACEMENT_3D ( 'NONE', #2746, #1331, #4729 ) ;
#1284 = EDGE_CURVE ( 'NONE', #2319, #3549, #1018, .T. ) ;
#1285 = CARTESIAN_POINT ( 'NONE',  ( 68.64938875305628585, -2.582029339853309846, 11.23512053801293931 ) ) ;
#1286 = DIRECTION ( 'NONE',  ( 0.000000000000000000, 0.000000000000000000, -1.000000000000000000 ) ) ;
#1287 = EDGE_CURVE ( 'NONE', #2562, #2222, #1464, .T. ) ;
#1288 = CIRCLE ( 'NONE', #5002, 1.399999999999998579 ) ;
#1289 = ORIENTED_EDGE ( 'NONE', *, *, #4326, .T. ) ;
#1290 = VERTEX_POINT ( 'NONE', #5305 ) ;
#1291 = PLANE ( 'NONE',  #5161 ) ;
#1292 = CARTESIAN_POINT ( 'NONE',  ( 63.84938875305628869, -4.582029339853310290, -23.30000000000000071 ) ) ;
#1293 = CARTESIAN_POINT ( 'NONE',  ( 43.00876143713070121, 4.017970660146695572, -12.95125337509577967 ) ) ;
#1294 = EDGE_CURVE ( 'NONE', #6046, #1425, #995, .T. ) ;
#1295 = PLANE ( 'NONE',  #4652 ) ;
#1296 = LINE ( 'NONE', #5007, #5870 ) ;
#1297 = DIRECTION ( 'NONE',  ( 0.000000000000000000, 1.000000000000000000, 0.000000000000000000 ) ) ;
#1298 = DIRECTION ( 'NONE',  ( 0.000000000000000000, -1.000000000000000000, 0.000000000000000000 ) ) ;
#1299 = UNCERTAINTY_MEASURE_WITH_UNIT (LENGTH_MEASURE( 1.000000000000000082E-05 ), #1966, 'distance_accuracy_value', 'NONE');
#1300 = FACE_OUTER_BOUND ( 'NONE', #1198, .T. ) ;
#1301 = EDGE_CURVE ( 'NONE', #3824, #3232, #2910, .T. ) ;
#1302 = PLANE ( 'NONE',  #2035 ) ;
#1303 = ORIENTED_EDGE ( 'NONE', *, *, #4872, .F. ) ;
#1304 = PLANE ( 'NONE',  #241 ) ;
#1305 = LINE ( 'NONE', #2684, #2373 ) ;
#1306 = DIRECTION ( 'NONE',  ( -1.000000000000000000, 0.000000000000000000, 0.000000000000000000 ) ) ;
#1307 = VERTEX_POINT ( 'NONE', #514 ) ;
#1308 = DIRECTION ( 'NONE',  ( 0.000000000000000000, 0.000000000000000000, 1.000000000000000000 ) ) ;
#1309 = ORIENTED_EDGE ( 'NONE', *, *, #2369, .T. ) ;
#1310 = CARTESIAN_POINT ( 'NONE',  ( 55.06673996170920304, 2.317970660146694950, -5.451253375095769904 ) ) ;
#1311 = DIRECTION ( 'NONE',  ( 0.000000000000000000, 1.000000000000000000, 0.000000000000000000 ) ) ;
#1312 = VECTOR ( 'NONE', #5244, 1000.000000000000000 ) ;
#1313 = EDGE_LOOP ( 'NONE', ( #3266, #4294, #4710, #1143, #2449, #2605 ) ) ;
#1314 = ADVANCED_FACE ( 'NONE', ( #2440 ), #3883, .F. ) ;
#1315 = VERTEX_POINT ( 'NONE', #4396 ) ;
#1316 = DIRECTION ( 'NONE',  ( 0.000000000000000000, 0.000000000000000000, -1.000000000000000000 ) ) ;
#1317 = CARTESIAN_POINT ( 'NONE',  ( 44.13833617731850012, 2.317970660146694950, 26.14441820468924860 ) ) ;
#1318 = ORIENTED_EDGE ( 'NONE', *, *, #4990, .T. ) ;
#1319 = DIRECTION ( 'NONE',  ( 0.000000000000000000, 0.000000000000000000, -1.000000000000000000 ) ) ;
#1320 = ORIENTED_EDGE ( 'NONE', *, *, #815, .F. ) ;
#1321 = ORIENTED_EDGE ( 'NONE', *, *, #3621, .F. ) ;
#1322 = CARTESIAN_POINT ( 'NONE',  ( 47.52818463161129614, 2.317970660146694950, 14.84922043697280181 ) ) ;
#1323 = LINE ( 'NONE', #5629, #3879 ) ;
#1324 = DIRECTION ( 'NONE',  ( 1.000000000000000000, 0.000000000000000000, -1.387778780781445922E-16 ) ) ;
#1325 = DIRECTION ( 'NONE',  ( -1.000000000000000000, 0.000000000000000000, 0.000000000000000000 ) ) ;
#1326 = FACE_BOUND ( 'NONE', #3502, .T. ) ;
#1327 = VERTEX_POINT ( 'NONE', #1755 ) ;
#1328 = DIRECTION ( 'NONE',  ( 0.000000000000000000, 1.000000000000000000, 0.000000000000000000 ) ) ;
#1329 = DIRECTION ( 'NONE',  ( 0.000000000000000000, 1.000000000000000000, 0.000000000000000000 ) ) ;
#1330 = VECTOR ( 'NONE', #4097, 1000.000000000000000 ) ;
#1331 = DIRECTION ( 'NONE',  ( 0.000000000000000000, -1.000000000000000000, 0.000000000000000000 ) ) ;
#1332 = FACE_OUTER_BOUND ( 'NONE', #2483, .T. ) ;
#1333 = EDGE_CURVE ( 'NONE', #5765, #5671, #3677, .T. ) ;
#1334 = AXIS2_PLACEMENT_3D ( 'NONE', #4973, #5321, #3901 ) ;
#1335 = ORIENTED_EDGE ( 'NONE', *, *, #2264, .F. ) ;
#1336 = ORIENTED_EDGE ( 'NONE', *, *, #4821, .T. ) ;
#1337 = EDGE_CURVE ( 'NONE', #126, #5559, #3001, .T. ) ;
#1338 = ORIENTED_EDGE ( 'NONE', *, *, #5437, .F. ) ;
#1339 = DIRECTION ( 'NONE',  ( 0.000000000000000000, 0.000000000000000000, 1.000000000000000000 ) ) ;
#1340 = CARTESIAN_POINT ( 'NONE',  ( 47.52818463161129614, 4.017970660146695572, 16.84922043697280003 ) ) ;
#1341 = AXIS2_PLACEMENT_3D ( 'NONE', #23, #4844, #3463 ) ;
#1342 = ORIENTED_EDGE ( 'NONE', *, *, #4340, .T. ) ;
#1343 = ORIENTED_EDGE ( 'NONE', *, *, #3283, .F. ) ;
#1344 = VECTOR ( 'NONE', #4425, 1000.000000000000000 ) ;
#1345 = DIRECTION ( 'NONE',  ( 1.000000000000000000, 0.000000000000000000, 0.000000000000000000 ) ) ;
#1346 = DIRECTION ( 'NONE',  ( 0.000000000000000000, -1.000000000000000000, 0.000000000000000000 ) ) ;
#1347 = ORIENTED_EDGE ( 'NONE', *, *, #2906, .T. ) ;
#1348 = DIRECTION ( 'NONE',  ( 0.000000000000000000, 0.000000000000000000, 1.000000000000000000 ) ) ;
#1349 = VERTEX_POINT ( 'NONE', #2529 ) ;
#1350 = ORIENTED_EDGE ( 'NONE', *, *, #1766, .T. ) ;
#1351 = AXIS2_PLACEMENT_3D ( 'NONE', #1195, #5030, #754 ) ;
#1352 = CARTESIAN_POINT ( 'NONE',  ( -12.75061124694371983, 4.317970660146690065, 25.00000000000000000 ) ) ;
#1353 = CARTESIAN_POINT ( 'NONE',  ( 44.13833617731850012, 5.317970660146690065, 26.14441820468924860 ) ) ;
#1355 = EDGE_CURVE ( 'NONE', #4205, #4371, #703, .T. ) ;
#1354 = DIRECTION ( 'NONE',  ( 0.000000000000000000, -1.000000000000000000, 0.000000000000000000 ) ) ;
#1356 = PLANE ( 'NONE',  #2652 ) ;
#1357 = ADVANCED_FACE ( 'NONE', ( #3449 ), #5014, .F. ) ;
#1358 = CIRCLE ( 'NONE', #2360, 1.700000000000000178 ) ;
#1359 = VECTOR ( 'NONE', #4044, 1000.000000000000000 ) ;
#1360 = FACE_OUTER_BOUND ( 'NONE', #5343, .T. ) ;
#1361 = EDGE_CURVE ( 'NONE', #4874, #4205, #3538, .T. ) ;
#1362 = ORIENTED_EDGE ( 'NONE', *, *, #3218, .F. ) ;
#1363 = AXIS2_PLACEMENT_3D ( 'NONE', #3345, #1922, #4218 ) ;
#1364 = DIRECTION ( 'NONE',  ( 0.000000000000000000, 0.000000000000000000, 1.000000000000000000 ) ) ;
#1365 = CARTESIAN_POINT ( 'NONE',  ( 68.64938875305628585, -2.582029339853309846, 5.942407052354219843 ) ) ;
#1366 = CARTESIAN_POINT ( 'NONE',  ( 0.3493887530562465038, -3.982029339853304872, 26.39999999999999858 ) ) ;
#1367 = LINE ( 'NONE', #5205, #5337 ) ;
#1368 = AXIS2_PLACEMENT_3D ( 'NONE', #389, #5136, #2780 ) ;
#1369 = EDGE_LOOP ( 'NONE', ( #2191, #1460, #5152, #4241 ) ) ;
#1370 = CARTESIAN_POINT ( 'NONE',  ( -11.05061124694371877, 4.017970660146695572, -20.14512806027880032 ) ) ;
#1371 = VECTOR ( 'NONE', #4446, 1000.000000000000000 ) ;
#1372 = LINE ( 'NONE', #806, #3194 ) ;
#1373 = CARTESIAN_POINT ( 'NONE',  ( -10.75061124694373937, -7.372953488125739696, -9.350000000000001421 ) ) ;
#1374 = EDGE_CURVE ( 'NONE', #4584, #5190, #2616, .T. ) ;
#1375 = VECTOR ( 'NONE', #5237, 1000.000000000000000 ) ;
#1376 = VERTEX_POINT ( 'NONE', #5421 ) ;
#1377 = VERTEX_POINT ( 'NONE', #2128 ) ;
#1378 = ORIENTED_EDGE ( 'NONE', *, *, #5441, .F. ) ;
#1379 = CARTESIAN_POINT ( 'NONE',  ( 39.00876143713075095, 4.017970660146695572, -7.951253375095769016 ) ) ;
#1380 = VECTOR ( 'NONE', #2434, 1000.000000000000000 ) ;
#1381 = PLANE ( 'NONE',  #2422 ) ;
#1382 = MANIFOLD_SOLID_BREP ( 'NONE', #2623 ) ;
#1383 = ORIENTED_EDGE ( 'NONE', *, *, #3672, .F. ) ;
#1384 = FACE_OUTER_BOUND ( 'NONE', #5142, .T. ) ;
#1385 = ORIENTED_EDGE ( 'NONE', *, *, #3021, .F. ) ;
#1386 = CYLINDRICAL_SURFACE ( 'NONE', #5374, 1.399999999999998579 ) ;
#1387 = CARTESIAN_POINT ( 'NONE',  ( 68.64938875305628585, -7.237112297184710386, 3.149999999999999911 ) ) ;
#1388 = CARTESIAN_POINT ( 'NONE',  ( -11.05061124694371877, -12.68202933985330105, 26.39999999999999858 ) ) ;
#1389 = CARTESIAN_POINT ( 'NONE',  ( 63.84938875305628869, -4.582029339853310290, -25.80000000000000071 ) ) ;
#1390 = DIRECTION ( 'NONE',  ( 0.000000000000000000, 1.000000000000000000, 0.000000000000000000 ) ) ;
#1391 = EDGE_CURVE ( 'NONE', #2792, #5942, #1646, .T. ) ;
#1392 = ORIENTED_EDGE ( 'NONE', *, *, #2174, .F. ) ;
#1393 = LINE ( 'NONE', #1829, #5469 ) ;
#1394 = CARTESIAN_POINT ( 'NONE',  ( 68.64938875305628585, -2.582029339853309846, 10.23512053801293931 ) ) ;
#1395 = CARTESIAN_POINT ( 'NONE',  ( 59.75442965260419470, -4.067657337583460375, -75.14999999999999147 ) ) ;
#1396 = CARTESIAN_POINT ( 'NONE',  ( 55.04969678325399940, -3.564322777930264863, -75.14999999999999147 ) ) ;
#1397 = ORIENTED_EDGE ( 'NONE', *, *, #1430, .T. ) ;
#1398 = FACE_OUTER_BOUND ( 'NONE', #4620, .T. ) ;
#1399 = CARTESIAN_POINT ( 'NONE',  ( 68.64938875305628585, -3.782029339853310024, 10.23512053801293931 ) ) ;
#1400 = DIRECTION ( 'NONE',  ( 0.000000000000000000, 0.000000000000000000, -1.000000000000000000 ) ) ;
#1401 = CARTESIAN_POINT ( 'NONE',  ( 63.84938875305628869, -4.582029339853310290, -25.80000000000000071 ) ) ;
#1402 = EDGE_CURVE ( 'NONE', #2319, #1032, #3566, .T. ) ;
#1403 = ADVANCED_FACE ( 'NONE', ( #5489 ), #2098, .T. ) ;
#1404 = ORIENTED_EDGE ( 'NONE', *, *, #3315, .T. ) ;
#1405 = ORIENTED_EDGE ( 'NONE', *, *, #2151, .F. ) ;
#1406 = CARTESIAN_POINT ( 'NONE',  ( 67.34938875305628869, -3.782029339853310024, 10.23512053801293931 ) ) ;
#1407 = AXIS2_PLACEMENT_3D ( 'NONE', #1758, #1725, #6095 ) ;
#1408 = CARTESIAN_POINT ( 'NONE',  ( 67.34938875305628869, -1.582029339853310068, 25.00000000000000000 ) ) ;
#1409 = ORIENTED_EDGE ( 'NONE', *, *, #6162, .F. ) ;
#1410 = ORIENTED_EDGE ( 'NONE', *, *, #2190, .F. ) ;
#1411 = AXIS2_PLACEMENT_3D ( 'NONE', #5557, #5529, #4588 ) ;
#1412 = CARTESIAN_POINT ( 'NONE',  ( 68.64938875305628585, 0.2179706601466920024, -18.85701875544739892 ) ) ;
#1413 = ORIENTED_EDGE ( 'NONE', *, *, #2548, .T. ) ;
#1414 = DIRECTION ( 'NONE',  ( 0.000000000000000000, 0.000000000000000000, -1.000000000000000000 ) ) ;
#1415 = FACE_OUTER_BOUND ( 'NONE', #3732, .T. ) ;
#1416 = PLANE ( 'NONE',  #5076 ) ;
#1417 = CARTESIAN_POINT ( 'NONE',  ( -2.150611246943755273, -4.582029339853310290, 22.70000000000000284 ) ) ;
#1418 = FACE_BOUND ( 'NONE', #4102, .T. ) ;
#1419 = ORIENTED_EDGE ( 'NONE', *, *, #2357, .F. ) ;
#1420 = DIRECTION ( 'NONE',  ( 0.000000000000000000, 1.000000000000000000, 0.000000000000000000 ) ) ;
#1421 = DIRECTION ( 'NONE',  ( 0.000000000000000000, -1.000000000000000000, 0.000000000000000000 ) ) ;
#1422 = CARTESIAN_POINT ( 'NONE',  ( 41.00876143713075095, 2.317970660146694950, -10.45125337509577967 ) ) ;
#1423 = VERTEX_POINT ( 'NONE', #610 ) ;
#1424 = AXIS2_PLACEMENT_3D ( 'NONE', #1836, #395, #5767 ) ;
#1425 = VERTEX_POINT ( 'NONE', #2065 ) ;
#1426 = CARTESIAN_POINT ( 'NONE',  ( 65.94938875305629722, 4.317970660146690065, -27.69999999999999929 ) ) ;
#1427 = VECTOR ( 'NONE', #2380, 1000.000000000000000 ) ;
#1428 = CARTESIAN_POINT ( 'NONE',  ( 68.64938875305628585, -9.782029339853300698, 9.449999999999999289 ) ) ;
#1429 = PLANE ( 'NONE',  #4179 ) ;
#1430 = EDGE_CURVE ( 'NONE', #2476, #6012, #4009, .T. ) ;
#1431 = LINE ( 'NONE', #3358, #3571 ) ;
#1432 = CARTESIAN_POINT ( 'NONE',  ( 47.52818463161129614, 2.317970660146694950, 10.77786854606430111 ) ) ;
#1433 = EDGE_CURVE ( 'NONE', #679, #5908, #5896, .T. ) ;
#1434 = EDGE_CURVE ( 'NONE', #5868, #1650, #436, .T. ) ;
#1435 = AXIS2_PLACEMENT_3D ( 'NONE', #5883, #67, #1990 ) ;
#1436 = VERTEX_POINT ( 'NONE', #671 ) ;
#1437 = ORIENTED_EDGE ( 'NONE', *, *, #5891, .F. ) ;
#1438 = EDGE_CURVE ( 'NONE', #5258, #2721, #4865, .T. ) ;
#1439 = VECTOR ( 'NONE', #1918, 1000.000000000000000 ) ;
#1440 = DIRECTION ( 'NONE',  ( 1.000000000000000000, 0.000000000000000000, 0.000000000000000000 ) ) ;
#1441 = ADVANCED_FACE ( 'NONE', ( #3599 ), #298, .F. ) ;
#1442 = CARTESIAN_POINT ( 'NONE',  ( 67.34938875305628869, 5.317970660146690065, 25.00000000000000000 ) ) ;
#1443 = VECTOR ( 'NONE', #2647, 1000.000000000000000 ) ;
#1444 = EDGE_LOOP ( 'NONE', ( #2560, #3740, #3056, #2022 ) ) ;
#1445 = DIRECTION ( 'NONE',  ( 0.000000000000000000, 1.000000000000000000, 0.000000000000000000 ) ) ;
#1446 = LINE ( 'NONE', #3242, #3264 ) ;
#1447 = DIRECTION ( 'NONE',  ( 0.000000000000000000, 0.000000000000000000, -1.000000000000000000 ) ) ;
#1448 = CIRCLE ( 'NONE', #2456, 0.5000000000000004441 ) ;
#1449 = CARTESIAN_POINT ( 'NONE',  ( 53.06673996170920304, 4.017970660146695572, -13.45125337509577967 ) ) ;
#1450 = EDGE_CURVE ( 'NONE', #3507, #80, #3361, .T. ) ;
#1451 = VECTOR ( 'NONE', #4501, 1000.000000000000000 ) ;
#1452 = FACE_BOUND ( 'NONE', #5590, .T. ) ;
#1453 = ORIENTED_EDGE ( 'NONE', *, *, #504, .F. ) ;
#1454 = CARTESIAN_POINT ( 'NONE',  ( 45.00876143713070121, 2.317970660146694950, -16.45125337509579566 ) ) ;
#1455 = DIRECTION ( 'NONE',  ( 0.000000000000000000, 1.000000000000000000, 0.000000000000000000 ) ) ;
#1456 = CARTESIAN_POINT ( 'NONE',  ( 65.94938875305629722, 5.317970660146690065, -26.70000000000000284 ) ) ;
#1457 = EDGE_LOOP ( 'NONE', ( #5829, #863 ) ) ;
#1458 = AXIS2_PLACEMENT_3D ( 'NONE', #4929, #617, #3989 ) ;
#1459 =( NAMED_UNIT ( * ) SI_UNIT ( $, .STERADIAN. ) SOLID_ANGLE_UNIT ( ) );
#1460 = ORIENTED_EDGE ( 'NONE', *, *, #4253, .T. ) ;
#1461 = AXIS2_PLACEMENT_3D ( 'NONE', #4314, #1856, #914 ) ;
#1462 = EDGE_LOOP ( 'NONE', ( #5612, #5302, #2318, #5336 ) ) ;
#1463 = DIRECTION ( 'NONE',  ( 0.000000000000000000, 0.000000000000000000, 1.000000000000000000 ) ) ;
#1464 = LINE ( 'NONE', #3392, #2549 ) ;
#1465 = DIRECTION ( 'NONE',  ( 0.000000000000000000, 0.000000000000000000, 1.000000000000000000 ) ) ;
#1466 = CARTESIAN_POINT ( 'NONE',  ( -2.150611246943755273, -3.982029339853304872, -25.80000000000000071 ) ) ;
#1467 = PLANE ( 'NONE',  #2685 ) ;
#1468 = VECTOR ( 'NONE', #3100, 1000.000000000000000 ) ;
#1469 = ORIENTED_EDGE ( 'NONE', *, *, #4779, .F. ) ;
#1470 = EDGE_CURVE ( 'NONE', #933, #3380, #4539, .T. ) ;
#1471 = CIRCLE ( 'NONE', #2278, 0.5000000000000004441 ) ;
#1472 = EDGE_CURVE ( 'NONE', #1282, #1192, #1800, .T. ) ;
#1473 = DIRECTION ( 'NONE',  ( 1.000000000000000000, 0.000000000000000000, 0.000000000000000000 ) ) ;
#1474 = LINE ( 'NONE', #5745, #5424 ) ;
#1475 = VECTOR ( 'NONE', #5209, 999.9999999999998863 ) ;
#1476 = VERTEX_POINT ( 'NONE', #4639 ) ;
#1477 = ORIENTED_EDGE ( 'NONE', *, *, #2196, .F. ) ;
#1478 = ORIENTED_EDGE ( 'NONE', *, *, #604, .F. ) ;
#1479 = CARTESIAN_POINT ( 'NONE',  ( -13.75061124694374115, -7.372953488125739696, -15.65000000000000036 ) ) ;
#1480 = AXIS2_PLACEMENT_3D ( 'NONE', #4988, #5609, #363 ) ;
#1481 = DIRECTION ( 'NONE',  ( 1.000000000000000000, 0.000000000000000000, 0.000000000000000000 ) ) ;
#1482 = DIRECTION ( 'NONE',  ( 0.000000000000000000, 0.000000000000000000, -1.000000000000000000 ) ) ;
#1483 = EDGE_CURVE ( 'NONE', #6040, #2699, #3650, .T. ) ;
#1484 = AXIS2_PLACEMENT_3D ( 'NONE', #3560, #198, #263 ) ;
#1485 = DIRECTION ( 'NONE',  ( -1.000000000000000000, 0.000000000000000000, 0.000000000000000000 ) ) ;
#1486 = EDGE_LOOP ( 'NONE', ( #552, #2682, #2657, #3940 ) ) ;
#1487 = DIRECTION ( 'NONE',  ( 0.000000000000000000, -1.000000000000000000, 0.000000000000000000 ) ) ;
#1488 = DIRECTION ( 'NONE',  ( 0.000000000000000000, 0.000000000000000000, 1.000000000000000000 ) ) ;
#1489 = CARTESIAN_POINT ( 'NONE',  ( -12.45061124694371912, 5.317970660146709605, 9.350000000000001421 ) ) ;
#1490 = ORIENTED_EDGE ( 'NONE', *, *, #519, .T. ) ;
#1491 = EDGE_CURVE ( 'NONE', #932, #1784, #4099, .T. ) ;
#1492 = EDGE_CURVE ( 'NONE', #1436, #3802, #3222, .T. ) ;
#1493 = ORIENTED_EDGE ( 'NONE', *, *, #1912, .F. ) ;
#1494 = CARTESIAN_POINT ( 'NONE',  ( -2.150611246943755273, -4.582029339853310290, -20.80000000000000071 ) ) ;
#1495 = ORIENTED_EDGE ( 'NONE', *, *, #91, .F. ) ;
#1496 = DIRECTION ( 'NONE',  ( 1.387778780781445922E-16, 0.000000000000000000, 1.000000000000000000 ) ) ;
#1497 = DIRECTION ( 'NONE',  ( 0.000000000000000000, -1.000000000000000000, 0.000000000000000000 ) ) ;
#1498 = CARTESIAN_POINT ( 'NONE',  ( 68.64938875305628585, -4.782029339853309580, 18.23512053801294996 ) ) ;
#1499 = DIRECTION ( 'NONE',  ( 0.000000000000000000, 0.000000000000000000, 1.000000000000000000 ) ) ;
#1500 = ORIENTED_EDGE ( 'NONE', *, *, #6113, .T. ) ;
#1501 = ORIENTED_EDGE ( 'NONE', *, *, #2757, .F. ) ;
#1502 = ORIENTED_EDGE ( 'NONE', *, *, #3562, .T. ) ;
#1503 = DIRECTION ( 'NONE',  ( 0.000000000000000000, 0.000000000000000000, 1.000000000000000000 ) ) ;
#1504 = CARTESIAN_POINT ( 'NONE',  ( 1.154952111509892188, 5.317970660146690065, -20.14512806027880032 ) ) ;
#1505 = EDGE_LOOP ( 'NONE', ( #2263, #2714, #2256, #5546 ) ) ;
#1506 = ORIENTED_EDGE ( 'NONE', *, *, #1716, .F. ) ;
#1507 = CARTESIAN_POINT ( 'NONE',  ( 67.34938875305628869, -3.782029339853310024, -1.057592947645777715 ) ) ;
#1508 = CARTESIAN_POINT ( 'NONE',  ( 68.64938875305628585, -7.237112297184710386, -3.149999999999999911 ) ) ;
#1509 = EDGE_CURVE ( 'NONE', #3573, #1282, #1142, .T. ) ;
#1510 = FACE_OUTER_BOUND ( 'NONE', #3587, .T. ) ;
#1511 = CIRCLE ( 'NONE', #605, 0.5000000000000004441 ) ;
#1512 = DIRECTION ( 'NONE',  ( 0.000000000000000000, -1.000000000000000000, 0.000000000000000000 ) ) ;
#1513 = ORIENTED_EDGE ( 'NONE', *, *, #2853, .T. ) ;
#1514 = DIRECTION ( 'NONE',  ( 0.000000000000000000, 0.000000000000000000, 1.000000000000000000 ) ) ;
#1515 = LINE ( 'NONE', #2408, #1868 ) ;
#1516 = FACE_OUTER_BOUND ( 'NONE', #3169, .T. ) ;
#1517 = ORIENTED_EDGE ( 'NONE', *, *, #3415, .F. ) ;
#1518 = CARTESIAN_POINT ( 'NONE',  ( 1.138336177318524101, 5.317970660146690065, 26.14441820468924860 ) ) ;
#1519 = ORIENTED_EDGE ( 'NONE', *, *, #3045, .F. ) ;
#1520 = ORIENTED_EDGE ( 'NONE', *, *, #4703, .F. ) ;
#1521 = CARTESIAN_POINT ( 'NONE',  ( 65.64938875305630006, -1.582029339853310068, 5.942407052354219843 ) ) ;
#1522 = ORIENTED_EDGE ( 'NONE', *, *, #84, .F. ) ;
#1523 = DIRECTION ( 'NONE',  ( -1.000000000000000000, 0.000000000000000000, 0.000000000000000000 ) ) ;
#1524 = DIRECTION ( 'NONE',  ( 1.000000000000000000, 0.000000000000000000, 0.000000000000000000 ) ) ;
#1525 = CARTESIAN_POINT ( 'NONE',  ( -13.75061124694374115, 5.317970660146690065, -25.00000000000000000 ) ) ;
#1526 = PLANE ( 'NONE',  #1277 ) ;
#1527 = ADVANCED_FACE ( 'NONE', ( #5109, #5548 ), #4666, .F. ) ;
#1528 = EDGE_CURVE ( 'NONE', #687, #2804, #443, .T. ) ;
#1529 = AXIS2_PLACEMENT_3D ( 'NONE', #227, #3691, #5605 ) ;
#1530 = EDGE_LOOP ( 'NONE', ( #348, #358, #1879, #5407 ) ) ;
#1531 = ORIENTED_EDGE ( 'NONE', *, *, #835, .F. ) ;
#1532 = LINE ( 'NONE', #4341, #855 ) ;
#1533 = LINE ( 'NONE', #1855, #771 ) ;
#1534 = VECTOR ( 'NONE', #6200, 1000.000000000000000 ) ;
#1535 = DIRECTION ( 'NONE',  ( 1.000000000000000000, 0.000000000000000000, 0.000000000000000000 ) ) ;
#1536 = ORIENTED_EDGE ( 'NONE', *, *, #5492, .T. ) ;
#1537 = VECTOR ( 'NONE', #5914, 1000.000000000000000 ) ;
#1538 = DIRECTION ( 'NONE',  ( 0.000000000000000000, 1.000000000000000000, 0.000000000000000000 ) ) ;
#1539 = DIRECTION ( 'NONE',  ( -1.000000000000000000, 0.000000000000000000, 0.000000000000000000 ) ) ;
#1540 = DIRECTION ( 'NONE',  ( 0.000000000000000000, 0.000000000000000000, 1.000000000000000000 ) ) ;
#1541 = EDGE_CURVE ( 'NONE', #4843, #2465, #1678, .T. ) ;
#1542 = VECTOR ( 'NONE', #5060, 1000.000000000000000 ) ;
#1543 = DIRECTION ( 'NONE',  ( 0.000000000000000000, 0.000000000000000000, -1.000000000000000000 ) ) ;
#1544 = ORIENTED_EDGE ( 'NONE', *, *, #5063, .F. ) ;
#1545 = ADVANCED_FACE ( 'NONE', ( #1208 ), #6041, .F. ) ;
#1546 = CARTESIAN_POINT ( 'NONE',  ( 67.34938875305628869, -1.582029339853310068, 11.23512053801293931 ) ) ;
#1547 = DIRECTION ( 'NONE',  ( 1.000000000000000000, 0.000000000000000000, 0.000000000000000000 ) ) ;
#1548 = ADVANCED_FACE ( 'NONE', ( #3127 ), #1304, .F. ) ;
#1549 = CARTESIAN_POINT ( 'NONE',  ( -12.45061124694374044, -12.68202933985330105, -25.00000000000000000 ) ) ;
#1550 = VERTEX_POINT ( 'NONE', #2281 ) ;
#1551 = ORIENTED_EDGE ( 'NONE', *, *, #2430, .F. ) ;
#1552 = LINE ( 'NONE', #4891, #3936 ) ;
#1553 = ORIENTED_EDGE ( 'NONE', *, *, #873, .T. ) ;
#1554 = ORIENTED_EDGE ( 'NONE', *, *, #4043, .F. ) ;
#1555 = VECTOR ( 'NONE', #4248, 1000.000000000000000 ) ;
#1556 = FACE_OUTER_BOUND ( 'NONE', #1899, .T. ) ;
#1557 = VECTOR ( 'NONE', #812, 1000.000000000000000 ) ;
#1558 = CARTESIAN_POINT ( 'NONE',  ( 27.44938875305625103, 5.317970660146690065, 11.27786854606429934 ) ) ;
#1559 = CARTESIAN_POINT ( 'NONE',  ( 1.154952111509895962, 5.317970660146690065, -25.94512806027880103 ) ) ;
#1560 = ORIENTED_EDGE ( 'NONE', *, *, #3201, .F. ) ;
#1561 = VERTEX_POINT ( 'NONE', #5169 ) ;
#1562 = ORIENTED_EDGE ( 'NONE', *, *, #5163, .F. ) ;
#1563 = CIRCLE ( 'NONE', #1669, 0.5000000000000004441 ) ;
#1564 = CARTESIAN_POINT ( 'NONE',  ( 1.154952111509895962, 4.017970660146695572, -20.14512806027880032 ) ) ;
#1565 = CARTESIAN_POINT ( 'NONE',  ( 59.75442965260419470, -4.567657337583459487, -26.39999999999999858 ) ) ;
#1566 = CARTESIAN_POINT ( 'NONE',  ( 63.84938875305628869, 4.017970660146695572, -23.30000000000000071 ) ) ;
#1567 = CIRCLE ( 'NONE', #2078, 0.9999999999999991118 ) ;
#1568 = VERTEX_POINT ( 'NONE', #5042 ) ;
#1569 = LINE ( 'NONE', #4379, #1740 ) ;
#1570 = DIRECTION ( 'NONE',  ( 1.000000000000000000, 0.000000000000000000, 0.000000000000000000 ) ) ;
#1571 = CIRCLE ( 'NONE', #4282, 0.5000000000000000000 ) ;
#1572 = CARTESIAN_POINT ( 'NONE',  ( 69.53517519068319075, -9.782029339853300698, -9.449999999999999289 ) ) ;
#1573 = AXIS2_PLACEMENT_3D ( 'NONE', #3762, #3297, #4647 ) ;
#1574 = CARTESIAN_POINT ( 'NONE',  ( -12.45061124694371912, -1.958100679666324950, 20.00000000000000000 ) ) ;
#1575 = ORIENTED_EDGE ( 'NONE', *, *, #2757, .T. ) ;
#1576 = DIRECTION ( 'NONE',  ( 0.000000000000000000, 0.000000000000000000, -1.000000000000000000 ) ) ;
#1577 = CARTESIAN_POINT ( 'NONE',  ( 65.94938875305629722, -12.68202933985330105, 25.00000000000000000 ) ) ;
#1578 = CARTESIAN_POINT ( 'NONE',  ( -10.75061124694373937, -1.958100679666324950, -20.00000000000000000 ) ) ;
#1579 = VECTOR ( 'NONE', #3841, 1000.000000000000000 ) ;
#1580 = ADVANCED_FACE ( 'NONE', ( #3722 ), #768, .T. ) ;
#1581 = ORIENTED_EDGE ( 'NONE', *, *, #430, .F. ) ;
#1582 = DIRECTION ( 'NONE',  ( 0.000000000000000000, -1.000000000000000000, 0.000000000000000000 ) ) ;
#1583 = ORIENTED_EDGE ( 'NONE', *, *, #2242, .T. ) ;
#1584 = ORIENTED_EDGE ( 'NONE', *, *, #4493, .T. ) ;
#1585 = CARTESIAN_POINT ( 'NONE',  ( 45.00876143713070121, 2.317970660146694950, -1.451253375095766129 ) ) ;
#1586 = FACE_BOUND ( 'NONE', #3013, .T. ) ;
#1587 = CARTESIAN_POINT ( 'NONE',  ( 51.06673996170919594, 4.017970660146695572, -0.9512533750957660184 ) ) ;
#1588 = DIRECTION ( 'NONE',  ( -1.387778780781445922E-16, 0.000000000000000000, -1.000000000000000000 ) ) ;
#1589 = ORIENTED_EDGE ( 'NONE', *, *, #1472, .T. ) ;
#1590 = ORIENTED_EDGE ( 'NONE', *, *, #3868, .T. ) ;
#1591 = VERTEX_POINT ( 'NONE', #1741 ) ;
#1592 = CARTESIAN_POINT ( 'NONE',  ( 47.52818463161129614, 2.317970660146694950, 12.34922043697280181 ) ) ;
#1593 = CARTESIAN_POINT ( 'NONE',  ( 0.3493887530562465038, -3.982029339853304872, 26.39999999999999858 ) ) ;
#1594 = PLANE ( 'NONE',  #5223 ) ;
#1595 = EDGE_CURVE ( 'NONE', #2523, #76, #230, .T. ) ;
#1596 = ORIENTED_EDGE ( 'NONE', *, *, #482, .T. ) ;
#1597 = DIRECTION ( 'NONE',  ( -1.000000000000000000, 0.000000000000000000, 1.387778780781445922E-16 ) ) ;
#1598 = LINE ( 'NONE', #4965, #3165 ) ;
#1599 = VERTEX_POINT ( 'NONE', #4067 ) ;
#1600 = DIRECTION ( 'NONE',  ( 0.000000000000000000, -1.000000000000000000, 0.000000000000000000 ) ) ;
#1601 = EDGE_CURVE ( 'NONE', #5765, #4109, #918, .T. ) ;
#1602 = LINE ( 'NONE', #3529, #1033 ) ;
#1603 = VERTEX_POINT ( 'NONE', #2836 ) ;
#1604 = DIRECTION ( 'NONE',  ( 1.000000000000000000, 0.000000000000000000, 0.000000000000000000 ) ) ;
#1605 = DIRECTION ( 'NONE',  ( -1.000000000000000000, 0.000000000000000000, 0.000000000000000000 ) ) ;
#1606 = DIRECTION ( 'NONE',  ( -1.000000000000000000, 8.673617379884027583E-15, 0.000000000000000000 ) ) ;
#1607 = AXIS2_PLACEMENT_3D ( 'NONE', #2302, #1346, #2794 ) ;
#1608 = ORIENTED_EDGE ( 'NONE', *, *, #5760, .T. ) ;
#1609 = DIRECTION ( 'NONE',  ( 0.000000000000000000, 1.000000000000000000, 0.000000000000000000 ) ) ;
#1610 = ORIENTED_EDGE ( 'NONE', *, *, #5390, .T. ) ;
#1611 = CARTESIAN_POINT ( 'NONE',  ( 55.04969678325399940, -3.564322777930264863, -75.14999999999999147 ) ) ;
#1612 = CARTESIAN_POINT ( 'NONE',  ( 55.85349847498640230, 2.317970660146694950, 12.84922043697280181 ) ) ;
#1613 = CARTESIAN_POINT ( 'NONE',  ( 68.64938875305628585, -2.582029339853309846, -1.057592947645777715 ) ) ;
#1614 = VERTEX_POINT ( 'NONE', #4824 ) ;
#1615 = ORIENTED_EDGE ( 'NONE', *, *, #1797, .F. ) ;
#1616 = ORIENTED_EDGE ( 'NONE', *, *, #4749, .T. ) ;
#1617 = EDGE_CURVE ( 'NONE', #2445, #2412, #6164, .T. ) ;
#1618 = ORIENTED_EDGE ( 'NONE', *, *, #4831, .T. ) ;
#1619 = EDGE_CURVE ( 'NONE', #858, #3953, #954, .T. ) ;
#1620 = DIRECTION ( 'NONE',  ( -1.000000000000000000, 0.000000000000000000, 0.000000000000000000 ) ) ;
#1621 = FACE_OUTER_BOUND ( 'NONE', #2637, .T. ) ;
#1622 = EDGE_CURVE ( 'NONE', #4842, #3987, #2374, .T. ) ;
#1623 = DIRECTION ( 'NONE',  ( 0.000000000000000000, 0.000000000000000000, -1.000000000000000000 ) ) ;
#1624 = AXIS2_PLACEMENT_3D ( 'NONE', #1746, #3664, #3196 ) ;
#1625 = ORIENTED_EDGE ( 'NONE', *, *, #5245, .F. ) ;
#1626 = ORIENTED_EDGE ( 'NONE', *, *, #3758, .T. ) ;
#1627 = ADVANCED_FACE ( 'NONE', ( #4697 ), #2872, .F. ) ;
#1628 = VERTEX_POINT ( 'NONE', #4352 ) ;
#1629 = DIRECTION ( 'NONE',  ( 0.000000000000000000, -1.000000000000000000, 0.000000000000000000 ) ) ;
#1630 = AXIS2_PLACEMENT_3D ( 'NONE', #2614, #6011, #1237 ) ;
#1631 = CARTESIAN_POINT ( 'NONE',  ( 39.00876143713075095, 2.317970660146694950, -8.951253375095769016 ) ) ;
#1632 = CARTESIAN_POINT ( 'NONE',  ( 68.64938875305628585, -3.782029339853310024, 19.23512053801294996 ) ) ;
#1633 = AXIS2_PLACEMENT_3D ( 'NONE', #3625, #5545, #2645 ) ;
#1634 = EDGE_CURVE ( 'NONE', #288, #5713, #2747, .T. ) ;
#1635 = EDGE_CURVE ( 'NONE', #5108, #2124, #347, .T. ) ;
#1636 = DIRECTION ( 'NONE',  ( -1.387778780781445922E-16, 0.000000000000000000, -1.000000000000000000 ) ) ;
#1637 = ORIENTED_EDGE ( 'NONE', *, *, #3562, .F. ) ;
#1638 = FACE_OUTER_BOUND ( 'NONE', #2653, .T. ) ;
#1639 = CARTESIAN_POINT ( 'NONE',  ( 39.00876143713075095, 5.317970660146690065, -8.951253375095769016 ) ) ;
#1640 = VECTOR ( 'NONE', #2668, 1000.000000000000000 ) ;
#1641 = EDGE_CURVE ( 'NONE', #5487, #3721, #3855, .T. ) ;
#1642 = FACE_BOUND ( 'NONE', #4084, .T. ) ;
#1643 = VECTOR ( 'NONE', #1523, 1000.000000000000000 ) ;
#1644 = ORIENTED_EDGE ( 'NONE', *, *, #2789, .T. ) ;
#1645 = FACE_OUTER_BOUND ( 'NONE', #678, .T. ) ;
#1646 = LINE ( 'NONE', #2501, #1344 ) ;
#1647 = CARTESIAN_POINT ( 'NONE',  ( 39.00876143713075095, 5.317970660146690065, -8.951253375095769016 ) ) ;
#1648 = LINE ( 'NONE', #5045, #4998 ) ;
#1649 = VECTOR ( 'NONE', #2217, 1000.000000000000000 ) ;
#1650 = VERTEX_POINT ( 'NONE', #2902 ) ;
#1651 = VERTEX_POINT ( 'NONE', #6202 ) ;
#1652 = ORIENTED_EDGE ( 'NONE', *, *, #5017, .F. ) ;
#1653 = VECTOR ( 'NONE', #1570, 1000.000000000000000 ) ;
#1654 = DIRECTION ( 'NONE',  ( 1.000000000000000000, 0.000000000000000000, 0.000000000000000000 ) ) ;
#1655 = DIRECTION ( 'NONE',  ( 0.000000000000000000, 1.000000000000000000, 0.000000000000000000 ) ) ;
#1656 = CIRCLE ( 'NONE', #3565, 1.399999999999998579 ) ;
#1657 = CARTESIAN_POINT ( 'NONE',  ( 41.00876143713075095, 4.017970660146695572, -10.45125337509577967 ) ) ;
#1658 = CIRCLE ( 'NONE', #254, 1.000000000000000000 ) ;
#1659 = VERTEX_POINT ( 'NONE', #3812 ) ;
#1660 = EDGE_CURVE ( 'NONE', #5894, #3860, #1960, .T. ) ;
#1661 = ORIENTED_EDGE ( 'NONE', *, *, #3400, .T. ) ;
#1662 = AXIS2_PLACEMENT_3D ( 'NONE', #384, #6225, #3833 ) ;
#1663 = DIRECTION ( 'NONE',  ( 0.000000000000000000, 0.000000000000000000, -1.000000000000000000 ) ) ;
#1664 = LINE ( 'NONE', #3113, #1557 ) ;
#1665 = DIRECTION ( 'NONE',  ( -1.387778780781445922E-16, 0.000000000000000000, -1.000000000000000000 ) ) ;
#1666 = AXIS2_PLACEMENT_3D ( 'NONE', #1019, #4397, #42 ) ;
#1667 = PLANE ( 'NONE',  #5748 ) ;
#1668 = EDGE_LOOP ( 'NONE', ( #5453, #3226, #1362, #4188, #5183, #5867, #1986, #1562 ) ) ;
#1669 = AXIS2_PLACEMENT_3D ( 'NONE', #3876, #3413, #5297 ) ;
#1670 = DIRECTION ( 'NONE',  ( 0.000000000000000000, 1.000000000000000000, 0.000000000000000000 ) ) ;
#1671 = CARTESIAN_POINT ( 'NONE',  ( 47.79452674313019855, 4.017970660146695572, 16.83140657344729973 ) ) ;
#1672 = CARTESIAN_POINT ( 'NONE',  ( 55.04969678325399940, -4.067657337583455046, -27.69999999999999929 ) ) ;
#1673 = EDGE_CURVE ( 'NONE', #5824, #5799, #2806, .T. ) ;
#1674 = VECTOR ( 'NONE', #745, 1000.000000000000000 ) ;
#1675 = VERTEX_POINT ( 'NONE', #3786 ) ;
#1676 = FACE_BOUND ( 'NONE', #1457, .T. ) ;
#1677 = ORIENTED_EDGE ( 'NONE', *, *, #2144, .T. ) ;
#1678 = LINE ( 'NONE', #1770, #6158 ) ;
#1679 = PLANE ( 'NONE',  #160 ) ;
#1680 = VECTOR ( 'NONE', #1588, 1000.000000000000000 ) ;
#1681 = DIRECTION ( 'NONE',  ( 0.000000000000000000, 0.000000000000000000, 1.000000000000000000 ) ) ;
#1682 = ORIENTED_EDGE ( 'NONE', *, *, #5156, .T. ) ;
#1683 = ORIENTED_EDGE ( 'NONE', *, *, #4513, .T. ) ;
#1684 = ORIENTED_EDGE ( 'NONE', *, *, #1945, .T. ) ;
#1685 = ORIENTED_EDGE ( 'NONE', *, *, #3379, .F. ) ;
#1686 = CARTESIAN_POINT ( 'NONE',  ( 55.85349847498640230, 4.017970660146695572, 6.277868546064289568 ) ) ;
#1687 = CARTESIAN_POINT ( 'NONE',  ( 1.138336177318524101, 2.317970660146694950, 20.34441820468924789 ) ) ;
#1688 = DIRECTION ( 'NONE',  ( 0.000000000000000000, -1.000000000000000000, 0.000000000000000000 ) ) ;
#1689 = EDGE_LOOP ( 'NONE', ( #100, #1517, #1103, #5503, #709, #3445, #4504, #5006 ) ) ;
#1690 = VERTEX_POINT ( 'NONE', #505 ) ;
#1691 = ORIENTED_EDGE ( 'NONE', *, *, #5789, .F. ) ;
#1692 = EDGE_CURVE ( 'NONE', #6017, #1128, #2779, .T. ) ;
#1693 = DIRECTION ( 'NONE',  ( 0.000000000000000000, 0.000000000000000000, 1.000000000000000000 ) ) ;
#1694 = LINE ( 'NONE', #5003, #2262 ) ;
#1695 = CARTESIAN_POINT ( 'NONE',  ( 61.34938875305630290, -3.982029339853304872, -23.30000000000000071 ) ) ;
#1696 = DIRECTION ( 'NONE',  ( 1.000000000000000000, 0.000000000000000000, 0.000000000000000000 ) ) ;
#1697 = EDGE_LOOP ( 'NONE', ( #2000, #953, #1049, #3202, #257, #6056, #2769, #1177, #1437, #1727, #3766, #403, #1027, #4229, #4756, #4104, #3895, #6182, #4901, #2255, #1248, #2500, #5806, #5794, #1501, #3198 ) ) ;
#1698 = ORIENTED_EDGE ( 'NONE', *, *, #356, .F. ) ;
#1699 = ADVANCED_FACE ( 'NONE', ( #5296 ), #3287, .T. ) ;
#1700 = CARTESIAN_POINT ( 'NONE',  ( 55.54969678325399940, -3.564322777930264863, -27.69999999999999929 ) ) ;
#1701 = CARTESIAN_POINT ( 'NONE',  ( 55.85349847498640230, 5.317970660146690065, 10.77786854606430111 ) ) ;
#1703 = ADVANCED_FACE ( 'NONE', ( #2407 ), #4726, .F. ) ;
#1702 = DIRECTION ( 'NONE',  ( 1.000000000000000000, 0.000000000000000000, 0.000000000000000000 ) ) ;
#1704 = FACE_OUTER_BOUND ( 'NONE', #1040, .T. ) ;
#1705 = DIRECTION ( 'NONE',  ( 0.000000000000000000, 0.000000000000000000, 1.000000000000000000 ) ) ;
#1706 = EDGE_LOOP ( 'NONE', ( #2431, #2062, #1024, #899 ) ) ;
#1707 = CARTESIAN_POINT ( 'NONE',  ( -10.75061124694373937, -7.372953488125739696, 9.350000000000001421 ) ) ;
#1708 = LINE ( 'NONE', #826, #4275 ) ;
#1709 = AXIS2_PLACEMENT_3D ( 'NONE', #4813, #493, #4306 ) ;
#1710 = CYLINDRICAL_SURFACE ( 'NONE', #3690, 2.499999999999998668 ) ;
#1711 = EDGE_CURVE ( 'NONE', #5551, #2615, #1955, .T. ) ;
#1712 = AXIS2_PLACEMENT_3D ( 'NONE', #1396, #4108, #3609 ) ;
#1713 = ORIENTED_EDGE ( 'NONE', *, *, #5753, .F. ) ;
#1714 = VERTEX_POINT ( 'NONE', #6131 ) ;
#1715 = EDGE_LOOP ( 'NONE', ( #3985, #5262, #677, #1677, #4850, #1909 ) ) ;
#1716 = EDGE_CURVE ( 'NONE', #5056, #280, #1393, .T. ) ;
#1717 = DIRECTION ( 'NONE',  ( -0.000000000000000000, 1.000000000000000000, 0.000000000000000000 ) ) ;
#1718 = DIRECTION ( 'NONE',  ( -1.000000000000000000, 0.000000000000000000, 0.000000000000000000 ) ) ;
#1719 = LINE ( 'NONE', #2317, #5934 ) ;
#1720 = ADVANCED_FACE ( 'NONE', ( #3318 ), #1926, .F. ) ;
#1721 = ORIENTED_EDGE ( 'NONE', *, *, #164, .F. ) ;
#1722 = ORIENTED_EDGE ( 'NONE', *, *, #2851, .T. ) ;
#1723 = CARTESIAN_POINT ( 'NONE',  ( 43.00876143713070121, 5.317970660146690065, -3.951253375095765463 ) ) ;
#1724 = DIRECTION ( 'NONE',  ( 0.000000000000000000, 1.000000000000000000, 0.000000000000000000 ) ) ;
#1725 = DIRECTION ( 'NONE',  ( 0.000000000000000000, 1.000000000000000000, 0.000000000000000000 ) ) ;
#1726 = DIRECTION ( 'NONE',  ( 1.000000000000000000, 0.000000000000000000, 0.000000000000000000 ) ) ;
#1727 = ORIENTED_EDGE ( 'NONE', *, *, #4777, .F. ) ;
#1728 = ORIENTED_EDGE ( 'NONE', *, *, #3966, .T. ) ;
#1729 = LINE ( 'NONE', #1792, #3057 ) ;
#1730 = ADVANCED_FACE ( 'NONE', ( #2461 ), #4416, .F. ) ;
#1731 = LINE ( 'NONE', #5570, #4590 ) ;
#1732 = PLANE ( 'NONE',  #2970 ) ;
#1733 = LINE ( 'NONE', #1389, #50 ) ;
#1734 = CIRCLE ( 'NONE', #4146, 1.399999999999998579 ) ;
#1735 = ADVANCED_FACE ( 'NONE', ( #4941 ), #4030, .F. ) ;
#1736 = EDGE_CURVE ( 'NONE', #5866, #4237, #3364, .T. ) ;
#1737 = DIRECTION ( 'NONE',  ( 0.000000000000000000, 0.000000000000000000, 1.000000000000000000 ) ) ;
#1738 = ORIENTED_EDGE ( 'NONE', *, *, #1472, .F. ) ;
#1739 = EDGE_CURVE ( 'NONE', #5713, #4781, #127, .T. ) ;
#1740 = VECTOR ( 'NONE', #2922, 1000.000000000000000 ) ;
#1741 = CARTESIAN_POINT ( 'NONE',  ( -2.150611246943755273, -4.582029339853310290, 25.19999999999999929 ) ) ;
#1742 = FACE_BOUND ( 'NONE', #2299, .T. ) ;
#1743 = DIRECTION ( 'NONE',  ( 0.000000000000000000, 1.000000000000000000, 0.000000000000000000 ) ) ;
#1744 = AXIS2_PLACEMENT_3D ( 'NONE', #798, #1240, #2744 ) ;
#1745 = ORIENTED_EDGE ( 'NONE', *, *, #4969, .F. ) ;
#1746 = CARTESIAN_POINT ( 'NONE',  ( 57.06673996170920304, 5.317970660146690065, -8.451253375095769016 ) ) ;
#1747 = EDGE_LOOP ( 'NONE', ( #6047, #3332, #603, #5328 ) ) ;
#1748 = VERTEX_POINT ( 'NONE', #4912 ) ;
#1749 = VECTOR ( 'NONE', #600, 1000.000000000000000 ) ;
#1750 = CYLINDRICAL_SURFACE ( 'NONE', #2564, 1.000000000000000888 ) ;
#1751 = DIRECTION ( 'NONE',  ( 0.000000000000000000, 0.000000000000000000, -1.000000000000000000 ) ) ;
#1752 = ORIENTED_EDGE ( 'NONE', *, *, #2393, .F. ) ;
#1753 = VERTEX_POINT ( 'NONE', #3558 ) ;
#1754 = ORIENTED_EDGE ( 'NONE', *, *, #5167, .F. ) ;
#1755 = CARTESIAN_POINT ( 'NONE',  ( 47.52818463161129614, -1.682029339853305050, 6.777868546064289568 ) ) ;
#1756 = PLANE ( 'NONE',  #5668 ) ;
#1757 = VECTOR ( 'NONE', #1345, 1000.000000000000000 ) ;
#1758 = CARTESIAN_POINT ( 'NONE',  ( 43.00876143713070121, 5.317970660146690065, -13.45125337509577967 ) ) ;
#1759 = AXIS2_PLACEMENT_3D ( 'NONE', #3945, #3451, #4808 ) ;
#1760 = CYLINDRICAL_SURFACE ( 'NONE', #6045, 0.9999999999999991118 ) ;
#1761 = DIRECTION ( 'NONE',  ( 0.000000000000000000, 0.000000000000000000, 1.000000000000000000 ) ) ;
#1762 = DIRECTION ( 'NONE',  ( 0.000000000000000000, 1.000000000000000000, 0.000000000000000000 ) ) ;
#1763 = CYLINDRICAL_SURFACE ( 'NONE', #3377, 1.399999999999998579 ) ;
#1764 = AXIS2_PLACEMENT_3D ( 'NONE', #3223, #2709, #4667 ) ;
#1765 = CARTESIAN_POINT ( 'NONE',  ( 69.53517519068319075, -8.782029339853300698, -15.54999999999999893 ) ) ;
#1766 = EDGE_CURVE ( 'NONE', #824, #5599, #2962, .T. ) ;
#1767 = AXIS2_PLACEMENT_3D ( 'NONE', #3839, #3383, #3904 ) ;
#1768 = FACE_OUTER_BOUND ( 'NONE', #4732, .T. ) ;
#1769 = EDGE_LOOP ( 'NONE', ( #1289, #2666, #297, #3138 ) ) ;
#1770 = CARTESIAN_POINT ( 'NONE',  ( -11.05061124694371877, 4.017970660146695572, 6.777868546064289568 ) ) ;
#1771 = DIRECTION ( 'NONE',  ( 1.000000000000000000, 0.000000000000000000, 0.000000000000000000 ) ) ;
#1772 = CARTESIAN_POINT ( 'NONE',  ( 43.00876143713070121, 4.017970660146695572, -3.951253375095765463 ) ) ;
#1773 = VECTOR ( 'NONE', #1718, 1000.000000000000000 ) ;
#1774 = ADVANCED_FACE ( 'NONE', ( #1638 ), #3471, .F. ) ;
#1775 = ORIENTED_EDGE ( 'NONE', *, *, #329, .F. ) ;
#1776 = CARTESIAN_POINT ( 'NONE',  ( 70.24228197186970135, -9.489136121039839722, 9.449999999999999289 ) ) ;
#1777 = ORIENTED_EDGE ( 'NONE', *, *, #3700, .T. ) ;
#1778 = VECTOR ( 'NONE', #2130, 1000.000000000000000 ) ;
#1779 = ORIENTED_EDGE ( 'NONE', *, *, #3929, .T. ) ;
#1780 = LINE ( 'NONE', #3701, #859 ) ;
#1781 = LINE ( 'NONE', #2322, #5097 ) ;
#1782 = AXIS2_PLACEMENT_3D ( 'NONE', #2588, #2122, #3120 ) ;
#1783 = ORIENTED_EDGE ( 'NONE', *, *, #685, .F. ) ;
#1784 = VERTEX_POINT ( 'NONE', #3932 ) ;
#1785 = DIRECTION ( 'NONE',  ( -1.000000000000000000, 0.000000000000000000, 0.000000000000000000 ) ) ;
#1786 = EDGE_CURVE ( 'NONE', #4344, #1026, #5916, .T. ) ;
#1787 = DIRECTION ( 'NONE',  ( 0.000000000000000000, 1.000000000000000000, 0.000000000000000000 ) ) ;
#1788 = ORIENTED_EDGE ( 'NONE', *, *, #3161, .T. ) ;
#1789 = CARTESIAN_POINT ( 'NONE',  ( 60.25442965260419470, -3.564322777930264863, 27.69999999999999929 ) ) ;
#1790 = EDGE_LOOP ( 'NONE', ( #3495, #3385, #3290, #5805 ) ) ;
#1791 = ORIENTED_EDGE ( 'NONE', *, *, #1294, .T. ) ;
#1792 = CARTESIAN_POINT ( 'NONE',  ( -10.75061124694373937, -3.958100679666319621, 20.00000000000000000 ) ) ;
#1793 = DIRECTION ( 'NONE',  ( -0.000000000000000000, 1.000000000000000000, 0.000000000000000000 ) ) ;
#1794 = EDGE_CURVE ( 'NONE', #544, #2596, #4058, .T. ) ;
#1795 = CARTESIAN_POINT ( 'NONE',  ( 70.94938875305629722, -7.682029339853309935, -15.54999999999999893 ) ) ;
#1796 = CARTESIAN_POINT ( 'NONE',  ( 67.34938875305628869, -3.782029339853310024, 11.23512053801293931 ) ) ;
#1797 = EDGE_CURVE ( 'NONE', #6010, #5686, #5350, .T. ) ;
#1798 = DIRECTION ( 'NONE',  ( -1.387778780781445922E-16, 0.000000000000000000, -1.000000000000000000 ) ) ;
#1799 = ORIENTED_EDGE ( 'NONE', *, *, #5278, .T. ) ;
#1800 = LINE ( 'NONE', #5577, #939 ) ;
#1801 = DIRECTION ( 'NONE',  ( 0.000000000000000000, 0.000000000000000000, 1.000000000000000000 ) ) ;
#1802 = FACE_OUTER_BOUND ( 'NONE', #1996, .T. ) ;
#1803 = ORIENTED_EDGE ( 'NONE', *, *, #3709, .F. ) ;
#1804 = VERTEX_POINT ( 'NONE', #1109 ) ;
#1805 = LINE ( 'NONE', #5236, #742 ) ;
#1806 = PLANE ( 'NONE',  #3988 ) ;
#1807 = VECTOR ( 'NONE', #5467, 1000.000000000000000 ) ;
#1808 = ADVANCED_FACE ( 'NONE', ( #3025 ), #1078, .F. ) ;
#1809 = ORIENTED_EDGE ( 'NONE', *, *, #4526, .T. ) ;
#1810 = EDGE_CURVE ( 'NONE', #283, #5056, #4466, .T. ) ;
#1811 = ORIENTED_EDGE ( 'NONE', *, *, #5685, .T. ) ;
#1812 = EDGE_CURVE ( 'NONE', #215, #832, #4975, .T. ) ;
#1813 = AXIS2_PLACEMENT_3D ( 'NONE', #3444, #2057, #572 ) ;
#1814 = CARTESIAN_POINT ( 'NONE',  ( -11.05061124694371877, 4.017970660146695572, 11.27786854606429934 ) ) ;
#1815 = CARTESIAN_POINT ( 'NONE',  ( 47.52818463161129614, 2.317970660146694950, 6.777868546064289568 ) ) ;
#1816 = EDGE_CURVE ( 'NONE', #2715, #3125, #4505, .T. ) ;
#1817 = VERTEX_POINT ( 'NONE', #4851 ) ;
#1818 = VERTEX_POINT ( 'NONE', #196 ) ;
#1819 = DIRECTION ( 'NONE',  ( 0.000000000000000000, -1.523637836666414713E-16, -1.000000000000000000 ) ) ;
#1820 = ORIENTED_EDGE ( 'NONE', *, *, #4990, .F. ) ;
#1821 = CARTESIAN_POINT ( 'NONE',  ( 65.64938875305630006, -2.582029339853309846, 5.942407052354219843 ) ) ;
#1822 = DIRECTION ( 'NONE',  ( 0.000000000000000000, 0.000000000000000000, -1.000000000000000000 ) ) ;
#1823 = CYLINDRICAL_SURFACE ( 'NONE', #2368, 0.5000000000000004441 ) ;
#1824 = CARTESIAN_POINT ( 'NONE',  ( 68.64938875305628585, -3.782029339853310024, -2.057592947645780157 ) ) ;
#1825 = EDGE_CURVE ( 'NONE', #4892, #5086, #5263, .T. ) ;
#1826 = LINE ( 'NONE', #2429, #2838 ) ;
#1827 = VERTEX_POINT ( 'NONE', #3440 ) ;
#1828 = EDGE_CURVE ( 'NONE', #1934, #3548, #1042, .T. ) ;
#1829 = CARTESIAN_POINT ( 'NONE',  ( 65.64938875305630006, -1.582029339853310068, 18.23512053801294996 ) ) ;
#1830 = CARTESIAN_POINT ( 'NONE',  ( 45.00876143713070121, 2.317970660146694950, -0.9512533750957660184 ) ) ;
#1831 = VECTOR ( 'NONE', #201, 1000.000000000000000 ) ;
#1832 = CYLINDRICAL_SURFACE ( 'NONE', #3589, 0.5000000000000004441 ) ;
#1833 = DIRECTION ( 'NONE',  ( 0.000000000000000000, 1.000000000000000000, 0.000000000000000000 ) ) ;
#1834 = AXIS2_PLACEMENT_3D ( 'NONE', #502, #5294, #886 ) ;
#1835 = VERTEX_POINT ( 'NONE', #1546 ) ;
#1836 = CARTESIAN_POINT ( 'NONE',  ( 41.00876143713075095, 2.317970660146694950, -6.451253375095769904 ) ) ;
#1837 = LINE ( 'NONE', #2260, #147 ) ;
#1838 = CARTESIAN_POINT ( 'NONE',  ( 65.64938875305630006, -4.782029339853309580, -1.057592947645777715 ) ) ;
#1839 = CIRCLE ( 'NONE', #3948, 0.5000000000000004441 ) ;
#1840 = VERTEX_POINT ( 'NONE', #2520 ) ;
#1841 = ORIENTED_EDGE ( 'NONE', *, *, #4819, .F. ) ;
#1842 = VERTEX_POINT ( 'NONE', #4445 ) ;
#1843 = ORIENTED_EDGE ( 'NONE', *, *, #1213, .T. ) ;
#1844 = VECTOR ( 'NONE', #203, 1000.000000000000000 ) ;
#1845 = CARTESIAN_POINT ( 'NONE',  ( 51.06673996170919594, 4.017970660146695572, -15.45125337509579921 ) ) ;
#1846 = DIRECTION ( 'NONE',  ( 1.000000000000000000, 0.000000000000000000, 0.000000000000000000 ) ) ;
#1847 = CIRCLE ( 'NONE', #4261, 0.5000000000000004441 ) ;
#1848 = EDGE_CURVE ( 'NONE', #3063, #1561, #4121, .T. ) ;
#1849 = VERTEX_POINT ( 'NONE', #2273 ) ;
#1850 = AXIS2_PLACEMENT_3D ( 'NONE', #64, #4847, #444 ) ;
#1851 = CARTESIAN_POINT ( 'NONE',  ( -13.75061124694374115, -7.372953488125739696, -9.350000000000001421 ) ) ;
#1852 = EDGE_LOOP ( 'NONE', ( #3267, #6105, #1970, #938 ) ) ;
#1853 = VECTOR ( 'NONE', #785, 1000.000000000000000 ) ;
#1854 = DIRECTION ( 'NONE',  ( 0.000000000000000000, 0.000000000000000000, -1.000000000000000000 ) ) ;
#1855 = CARTESIAN_POINT ( 'NONE',  ( 69.94938875305629722, -9.782029339853300698, -15.54999999999999893 ) ) ;
#1856 = DIRECTION ( 'NONE',  ( 0.000000000000000000, 1.000000000000000000, 0.000000000000000000 ) ) ;
#1857 = DIRECTION ( 'NONE',  ( 0.000000000000000000, 0.000000000000000000, 1.000000000000000000 ) ) ;
#1858 = CIRCLE ( 'NONE', #1258, 0.9999999999999991118 ) ;
#1859 = AXIS2_PLACEMENT_3D ( 'NONE', #5242, #970, #2762 ) ;
#1860 = PLANE ( 'NONE',  #124 ) ;
#1861 = ORIENTED_EDGE ( 'NONE', *, *, #4819, .T. ) ;
#1862 = VECTOR ( 'NONE', #3914, 1000.000000000000000 ) ;
#1863 = CARTESIAN_POINT ( 'NONE',  ( 59.75442965260419470, -3.564322777930264863, -27.69999999999999929 ) ) ;
#1864 = CARTESIAN_POINT ( 'NONE',  ( 67.34938875305628869, -12.68202933985330105, 25.00000000000000000 ) ) ;
#1865 = EDGE_CURVE ( 'NONE', #5190, #1842, #819, .T. ) ;
#1866 = CARTESIAN_POINT ( 'NONE',  ( 55.54969678325399940, -4.567657337583459487, -75.14999999999999147 ) ) ;
#1867 = CARTESIAN_POINT ( 'NONE',  ( -11.05061124694371877, 4.017970660146695572, 12.34922043697280181 ) ) ;
#1868 = VECTOR ( 'NONE', #1043, 1000.000000000000000 ) ;
#1869 = ORIENTED_EDGE ( 'NONE', *, *, #4782, .F. ) ;
#1870 = CARTESIAN_POINT ( 'NONE',  ( -13.75061124694374115, -3.958100679666319621, 20.00000000000000000 ) ) ;
#1871 = FACE_OUTER_BOUND ( 'NONE', #902, .T. ) ;
#1872 = ORIENTED_EDGE ( 'NONE', *, *, #2206, .T. ) ;
#1873 = VECTOR ( 'NONE', #4321, 1000.000000000000000 ) ;
#1874 = FACE_OUTER_BOUND ( 'NONE', #238, .T. ) ;
#1875 = DIRECTION ( 'NONE',  ( 0.000000000000000000, 0.000000000000000000, -1.000000000000000000 ) ) ;
#1876 = ORIENTED_EDGE ( 'NONE', *, *, #5976, .T. ) ;
#1877 = VECTOR ( 'NONE', #107, 1000.000000000000000 ) ;
#1878 = ORIENTED_EDGE ( 'NONE', *, *, #3325, .T. ) ;
#1879 = ORIENTED_EDGE ( 'NONE', *, *, #5636, .F. ) ;
#1880 = DIRECTION ( 'NONE',  ( 0.000000000000000000, 0.000000000000000000, -1.000000000000000000 ) ) ;
#1881 = VECTOR ( 'NONE', #5772, 1000.000000000000000 ) ;
#1882 = FACE_OUTER_BOUND ( 'NONE', #841, .T. ) ;
#1883 = ORIENTED_EDGE ( 'NONE', *, *, #2151, .T. ) ;
#1884 = EDGE_CURVE ( 'NONE', #832, #1614, #351, .T. ) ;
#1885 = ORIENTED_EDGE ( 'NONE', *, *, #586, .F. ) ;
#1886 = CARTESIAN_POINT ( 'NONE',  ( 68.64938875305628585, -2.582029339853309846, 19.23512053801294996 ) ) ;
#1887 = ORIENTED_EDGE ( 'NONE', *, *, #123, .T. ) ;
#1888 = CARTESIAN_POINT ( 'NONE',  ( 67.34938875305628869, -1.582029339853310068, -1.057592947645777715 ) ) ;
#1889 = DIRECTION ( 'NONE',  ( 0.000000000000000000, 0.000000000000000000, 1.000000000000000000 ) ) ;
#1890 = DIRECTION ( 'NONE',  ( 1.000000000000000000, 0.000000000000000000, 9.606410117365558543E-17 ) ) ;
#1891 = FACE_OUTER_BOUND ( 'NONE', #4460, .T. ) ;
#1892 = EDGE_CURVE ( 'NONE', #2716, #4177, #5103, .T. ) ;
#1893 = CARTESIAN_POINT ( 'NONE',  ( 55.54969678325399940, -4.567657337583459487, -26.39999999999999858 ) ) ;
#1894 = VERTEX_POINT ( 'NONE', #5068 ) ;
#1895 = EDGE_CURVE ( 'NONE', #29, #6010, #1448, .T. ) ;
#1896 = DIRECTION ( 'NONE',  ( 0.000000000000000000, 0.000000000000000000, -1.000000000000000000 ) ) ;
#1897 = CARTESIAN_POINT ( 'NONE',  ( 77.40074519957200039, -7.682029339853309935, 15.54999999999999893 ) ) ;
#1898 = FACE_OUTER_BOUND ( 'NONE', #3958, .T. ) ;
#1899 = EDGE_LOOP ( 'NONE', ( #6152, #3797, #4302, #2824, #958, #3880 ) ) ;
#1900 = FACE_OUTER_BOUND ( 'NONE', #2201, .T. ) ;
#1901 = ORIENTED_EDGE ( 'NONE', *, *, #3092, .T. ) ;
#1902 = ADVANCED_FACE ( 'NONE', ( #761 ), #2152, .F. ) ;
#1903 = DIRECTION ( 'NONE',  ( 1.000000000000000000, 0.000000000000000000, 0.000000000000000000 ) ) ;
#1904 = CARTESIAN_POINT ( 'NONE',  ( 55.54969678325399940, -3.564322777930264863, 27.69999999999999929 ) ) ;
#1905 = CARTESIAN_POINT ( 'NONE',  ( 47.23027191974109940, 2.317970660146694950, 17.33140657344729973 ) ) ;
#1906 = DIRECTION ( 'NONE',  ( 0.000000000000000000, -1.000000000000000000, 0.000000000000000000 ) ) ;
#1907 = LINE ( 'NONE', #5270, #5092 ) ;
#1908 = EDGE_CURVE ( 'NONE', #2689, #6087, #5764, .T. ) ;
#1909 = ORIENTED_EDGE ( 'NONE', *, *, #4183, .T. ) ;
#1910 = EDGE_LOOP ( 'NONE', ( #1925, #3241, #5470, #439 ) ) ;
#1911 = ORIENTED_EDGE ( 'NONE', *, *, #282, .T. ) ;
#1912 = EDGE_CURVE ( 'NONE', #3063, #82, #1729, .T. ) ;
#1913 = CARTESIAN_POINT ( 'NONE',  ( -13.75061124694374115, -7.372953488125739696, 15.65000000000000036 ) ) ;
#1914 = ADVANCED_FACE ( 'NONE', ( #5034 ), #3148, .T. ) ;
#1915 = CIRCLE ( 'NONE', #3121, 0.5000000000000004441 ) ;
#1916 = LINE ( 'NONE', #1442, #406 ) ;
#1917 = ORIENTED_EDGE ( 'NONE', *, *, #324, .F. ) ;
#1918 = DIRECTION ( 'NONE',  ( 0.000000000000000000, 1.000000000000000000, 0.000000000000000000 ) ) ;
#1919 = VERTEX_POINT ( 'NONE', #5128 ) ;
#1920 = DIRECTION ( 'NONE',  ( 1.000000000000000000, 0.000000000000000000, 0.000000000000000000 ) ) ;
#1921 = CARTESIAN_POINT ( 'NONE',  ( 70.94938875305629722, -7.682029339853309935, -15.54999999999999893 ) ) ;
#1922 = DIRECTION ( 'NONE',  ( 0.000000000000000000, 1.000000000000000000, 0.000000000000000000 ) ) ;
#1923 = LINE ( 'NONE', #5754, #3162 ) ;
#1924 = CARTESIAN_POINT ( 'NONE',  ( 1.138336177318524101, 2.317970660146694950, 26.14441820468924860 ) ) ;
#1925 = ORIENTED_EDGE ( 'NONE', *, *, #1884, .F. ) ;
#1926 = PLANE ( 'NONE',  #642 ) ;
#1927 = LINE ( 'NONE', #3319, #4392 ) ;
#1928 = CARTESIAN_POINT ( 'NONE',  ( 70.94938875305629722, -8.782029339853300698, 15.54999999999999893 ) ) ;
#1929 = ADVANCED_FACE ( 'NONE', ( #6064 ), #2675, .F. ) ;
#1930 = ORIENTED_EDGE ( 'NONE', *, *, #4176, .F. ) ;
#1931 = SHAPE_DEFINITION_REPRESENTATION ( #3453, #5282 ) ;
#1932 = EDGE_CURVE ( 'NONE', #3619, #5894, #1847, .T. ) ;
#1933 = ADVANCED_FACE ( 'NONE', ( #4631 ), #4567, .F. ) ;
#1934 = VERTEX_POINT ( 'NONE', #2241 ) ;
#1935 = CARTESIAN_POINT ( 'NONE',  ( -10.75061124694373937, -1.958100679666324950, -20.00000000000000000 ) ) ;
#1936 = CIRCLE ( 'NONE', #4242, 1.000000000000000000 ) ;
#1937 = CARTESIAN_POINT ( 'NONE',  ( 65.94938875305629722, 4.017970660146695572, -26.39999999999999858 ) ) ;
#1938 = CARTESIAN_POINT ( 'NONE',  ( 1.154952111509895962, 2.317970660146694950, -20.14512806027880032 ) ) ;
#1939 = DIRECTION ( 'NONE',  ( -1.000000000000000000, 0.000000000000000000, 0.000000000000000000 ) ) ;
#1940 = LINE ( 'NONE', #4923, #2083 ) ;
#1941 = AXIS2_PLACEMENT_3D ( 'NONE', #4563, #759, #5510 ) ;
#1942 = EDGE_LOOP ( 'NONE', ( #5558, #3891, #134, #2700 ) ) ;
#1943 = AXIS2_PLACEMENT_3D ( 'NONE', #4021, #1629, #3551 ) ;
#1944 = CARTESIAN_POINT ( 'NONE',  ( 68.64938875305628585, -4.782029339853309580, 5.942407052354219843 ) ) ;
#1945 = EDGE_CURVE ( 'NONE', #5686, #4081, #3686, .T. ) ;
#1946 = DIRECTION ( 'NONE',  ( 1.000000000000000000, 0.000000000000000000, 0.000000000000000000 ) ) ;
#1947 = VECTOR ( 'NONE', #3412, 1000.000000000000000 ) ;
#1948 = ORIENTED_EDGE ( 'NONE', *, *, #5860, .T. ) ;
#1949 = ORIENTED_EDGE ( 'NONE', *, *, #4927, .T. ) ;
#1950 = CARTESIAN_POINT ( 'NONE',  ( -10.75061124694373937, -10.37295348812573970, -9.350000000000001421 ) ) ;
#1951 = ORIENTED_EDGE ( 'NONE', *, *, #4360, .T. ) ;
#1952 = LINE ( 'NONE', #594, #6063 ) ;
#1953 = ADVANCED_FACE ( 'NONE', ( #4153 ), #223, .T. ) ;
#1954 = EDGE_CURVE ( 'NONE', #1919, #6005, #1296, .T. ) ;
#1955 = CIRCLE ( 'NONE', #246, 1.399999999999998579 ) ;
#1956 = DIRECTION ( 'NONE',  ( 0.000000000000000000, 1.000000000000000000, 0.000000000000000000 ) ) ;
#1957 = VECTOR ( 'NONE', #1481, 1000.000000000000000 ) ;
#1958 = DIRECTION ( 'NONE',  ( 0.000000000000000000, 0.000000000000000000, -1.000000000000000000 ) ) ;
#1959 = ORIENTED_EDGE ( 'NONE', *, *, #698, .F. ) ;
#1960 = LINE ( 'NONE', #478, #540 ) ;
#1961 = CYLINDRICAL_SURFACE ( 'NONE', #2775, 1.399999999999998579 ) ;
#1962 = AXIS2_PLACEMENT_3D ( 'NONE', #6067, #3216, #5106 ) ;
#1963 = CARTESIAN_POINT ( 'NONE',  ( 63.84938875305628869, 4.017970660146695572, -21.89999999999999858 ) ) ;
#1964 = EDGE_LOOP ( 'NONE', ( #3443, #5225, #4630, #3212, #136, #1721, #5680 ) ) ;
#1965 = AXIS2_PLACEMENT_3D ( 'NONE', #4433, #112, #4812 ) ;
#1966 =( LENGTH_UNIT ( ) NAMED_UNIT ( * ) SI_UNIT ( .MILLI., .METRE. ) );
#1967 = AXIS2_PLACEMENT_3D ( 'NONE', #763, #2244, #5514 ) ;
#1968 = EDGE_LOOP ( 'NONE', ( #3030, #3654, #4739, #1522 ) ) ;
#1969 = PLANE ( 'NONE',  #1424 ) ;
#1970 = ORIENTED_EDGE ( 'NONE', *, *, #5828, .T. ) ;
#1971 = CARTESIAN_POINT ( 'NONE',  ( 77.40074519957200039, -7.682029339853309935, -15.54999999999999893 ) ) ;
#1972 = CARTESIAN_POINT ( 'NONE',  ( 65.94938875305629722, 5.317970660146690065, -25.00000000000000000 ) ) ;
#1973 = CARTESIAN_POINT ( 'NONE',  ( 68.64938875305628585, -7.237112297184710386, 3.149999999999999911 ) ) ;
#1974 = CARTESIAN_POINT ( 'NONE',  ( 47.52818463161129614, 5.317970660146690065, 8.777868546064290456 ) ) ;
#1975 = EDGE_LOOP ( 'NONE', ( #5623, #833, #2621, #717 ) ) ;
#1976 = CIRCLE ( 'NONE', #5081, 1.000000000000000000 ) ;
#1977 = ORIENTED_EDGE ( 'NONE', *, *, #1173, .T. ) ;
#1978 = EDGE_CURVE ( 'NONE', #72, #4490, #3160, .T. ) ;
#1979 = EDGE_LOOP ( 'NONE', ( #3097, #2150, #405, #2347 ) ) ;
#1980 = AXIS2_PLACEMENT_3D ( 'NONE', #5069, #3648, #2308 ) ;
#1981 = CARTESIAN_POINT ( 'NONE',  ( 47.52818463161129614, -1.682029339853305050, 12.84922043697280181 ) ) ;
#1982 = PLANE ( 'NONE',  #500 ) ;
#1983 = VECTOR ( 'NONE', #3230, 1000.000000000000000 ) ;
#1984 = ORIENTED_EDGE ( 'NONE', *, *, #5314, .T. ) ;
#1985 = FACE_OUTER_BOUND ( 'NONE', #6146, .T. ) ;
#1986 = ORIENTED_EDGE ( 'NONE', *, *, #2833, .F. ) ;
#1987 = CIRCLE ( 'NONE', #6093, 0.5000000000000004441 ) ;
#1988 = LINE ( 'NONE', #2578, #2559 ) ;
#1989 = CARTESIAN_POINT ( 'NONE',  ( 59.75442965260419470, -3.564322777930264863, 27.69999999999999929 ) ) ;
#1990 = DIRECTION ( 'NONE',  ( 0.000000000000000000, 0.000000000000000000, -1.000000000000000000 ) ) ;
#1991 = EDGE_CURVE ( 'NONE', #878, #2673, #5512, .T. ) ;
#1992 = ORIENTED_EDGE ( 'NONE', *, *, #1450, .T. ) ;
#1993 = CARTESIAN_POINT ( 'NONE',  ( 45.00876143713070121, 2.317970660146694950, -0.4512533750957660184 ) ) ;
#1994 = FACE_OUTER_BOUND ( 'NONE', #146, .T. ) ;
#1995 = DIRECTION ( 'NONE',  ( 0.000000000000000000, -1.445602896647340100E-15, -1.000000000000000000 ) ) ;
#1996 = EDGE_LOOP ( 'NONE', ( #3673, #1911, #2235, #5869 ) ) ;
#1997 = ADVANCED_FACE ( 'NONE', ( #5288 ), #5657, .T. ) ;
#1998 = CARTESIAN_POINT ( 'NONE',  ( -10.75061124694373937, -7.372953488125739696, -15.65000000000000036 ) ) ;
#1999 = ORIENTED_EDGE ( 'NONE', *, *, #1141, .T. ) ;
#2000 = ORIENTED_EDGE ( 'NONE', *, *, #411, .F. ) ;
#2001 = EDGE_LOOP ( 'NONE', ( #1560, #1045, #6219, #2230, #1216, #729, #3737, #2398 ) ) ;
#2002 = DIRECTION ( 'NONE',  ( 0.000000000000000000, 0.000000000000000000, 1.000000000000000000 ) ) ;
#2003 = ORIENTED_EDGE ( 'NONE', *, *, #4236, .T. ) ;
#2004 = CARTESIAN_POINT ( 'NONE',  ( 77.40074519957200039, -7.682029339853309935, -15.54999999999999893 ) ) ;
#2005 = FACE_OUTER_BOUND ( 'NONE', #2316, .T. ) ;
#2006 = CARTESIAN_POINT ( 'NONE',  ( 47.22812697155030293, 2.317970660146694950, 6.277868546064289568 ) ) ;
#2007 = CARTESIAN_POINT ( 'NONE',  ( 59.75442965260419470, -3.064322777930264863, 27.69999999999999929 ) ) ;
#2008 = VERTEX_POINT ( 'NONE', #882 ) ;
#2009 = ORIENTED_EDGE ( 'NONE', *, *, #5617, .T. ) ;
#2010 = ORIENTED_EDGE ( 'NONE', *, *, #3325, .F. ) ;
#2011 = DIRECTION ( 'NONE',  ( 1.000000000000000000, 0.000000000000000000, 0.000000000000000000 ) ) ;
#2012 = DIRECTION ( 'NONE',  ( 1.387778780781445922E-16, 0.000000000000000000, 1.000000000000000000 ) ) ;
#2013 = ADVANCED_FACE ( 'NONE', ( #4690 ), #440, .F. ) ;
#2014 = EDGE_CURVE ( 'NONE', #582, #6214, #4347, .T. ) ;
#2015 = ORIENTED_EDGE ( 'NONE', *, *, #1402, .T. ) ;
#2016 = PLANE ( 'NONE',  #5853 ) ;
#2017 = VECTOR ( 'NONE', #4182, 1000.000000000000000 ) ;
#2018 = CARTESIAN_POINT ( 'NONE',  ( 65.64938875305630006, -2.582029339853309846, 19.23512053801294996 ) ) ;
#2019 = LINE ( 'NONE', #5004, #550 ) ;
#2020 =( GEOMETRIC_REPRESENTATION_CONTEXT ( 3 ) GLOBAL_UNCERTAINTY_ASSIGNED_CONTEXT ( ( #1299 ) ) GLOBAL_UNIT_ASSIGNED_CONTEXT ( ( #1966, #2411, #1459 ) ) REPRESENTATION_CONTEXT ( 'NONE', 'WORKASPACE' ) );
#2021 = CARTESIAN_POINT ( 'NONE',  ( -11.05061124694371877, 4.017970660146695572, 16.83140657344729973 ) ) ;
#2022 = ORIENTED_EDGE ( 'NONE', *, *, #3217, .T. ) ;
#2023 = DIRECTION ( 'NONE',  ( 0.000000000000000000, 0.000000000000000000, 1.000000000000000000 ) ) ;
#2024 = CARTESIAN_POINT ( 'NONE',  ( 55.85349847498640230, 4.017970660146695572, 25.00000000000000000 ) ) ;
#2025 = CARTESIAN_POINT ( 'NONE',  ( 67.34938875305628869, 5.317970660146690065, -25.00000000000000000 ) ) ;
#2026 = ORIENTED_EDGE ( 'NONE', *, *, #5889, .F. ) ;
#2027 = EDGE_CURVE ( 'NONE', #2410, #3959, #2864, .T. ) ;
#2028 = VERTEX_POINT ( 'NONE', #3742 ) ;
#2029 = DIRECTION ( 'NONE',  ( 2.775557561562893875E-14, -1.000000000000000000, 1.734723475976808672E-15 ) ) ;
#2030 = ORIENTED_EDGE ( 'NONE', *, *, #3415, .T. ) ;
#2031 = DIRECTION ( 'NONE',  ( 0.000000000000000000, 1.000000000000000000, 0.000000000000000000 ) ) ;
#2032 = LINE ( 'NONE', #964, #3478 ) ;
#2033 = CARTESIAN_POINT ( 'NONE',  ( 65.64938875305630006, -4.282029339853305139, -5.857018755447420233 ) ) ;
#2034 = DIRECTION ( 'NONE',  ( 0.000000000000000000, 0.000000000000000000, 1.000000000000000000 ) ) ;
#2035 = AXIS2_PLACEMENT_3D ( 'NONE', #3598, #4537, #6070 ) ;
#2036 = EDGE_LOOP ( 'NONE', ( #3938, #181, #5391, #2106 ) ) ;
#2037 = VERTEX_POINT ( 'NONE', #2897 ) ;
#2038 = EDGE_LOOP ( 'NONE', ( #644, #3574, #5367, #4170 ) ) ;
#2039 = FACE_OUTER_BOUND ( 'NONE', #3147, .T. ) ;
#2040 = LINE ( 'NONE', #5906, #5498 ) ;
#2041 = AXIS2_PLACEMENT_3D ( 'NONE', #6061, #1264, #3178 ) ;
#2042 = DIRECTION ( 'NONE',  ( 0.000000000000000000, 0.000000000000000000, 1.000000000000000000 ) ) ;
#2043 = ORIENTED_EDGE ( 'NONE', *, *, #2111, .F. ) ;
#2044 = VERTEX_POINT ( 'NONE', #1888 ) ;
#2045 = AXIS2_PLACEMENT_3D ( 'NONE', #5687, #2396, #2272 ) ;
#2046 = DIRECTION ( 'NONE',  ( 0.000000000000000000, 0.000000000000000000, -1.000000000000000000 ) ) ;
#2047 = LINE ( 'NONE', #529, #4967 ) ;
#2048 = LINE ( 'NONE', #1132, #4378 ) ;
#2049 = ADVANCED_FACE ( 'NONE', ( #4719 ), #2798, .F. ) ;
#2050 = VECTOR ( 'NONE', #388, 1000.000000000000000 ) ;
#2051 = LINE ( 'NONE', #3055, #2147 ) ;
#2052 = ORIENTED_EDGE ( 'NONE', *, *, #752, .F. ) ;
#2053 = AXIS2_PLACEMENT_3D ( 'NONE', #631, #5385, #3903 ) ;
#2054 = DIRECTION ( 'NONE',  ( 0.000000000000000000, -1.000000000000000000, 0.000000000000000000 ) ) ;
#2055 = CARTESIAN_POINT ( 'NONE',  ( 65.64938875305630006, -3.782029339853310024, -2.057592947645780157 ) ) ;
#2056 = DIRECTION ( 'NONE',  ( 0.000000000000000000, 1.000000000000000000, 0.000000000000000000 ) ) ;
#2057 = DIRECTION ( 'NONE',  ( 0.000000000000000000, 0.000000000000000000, 1.000000000000000000 ) ) ;
#2058 = AXIS2_PLACEMENT_3D ( 'NONE', #903, #2300, #1440 ) ;
#2059 = VERTEX_POINT ( 'NONE', #5720 ) ;
#2060 = DIRECTION ( 'NONE',  ( 0.000000000000000000, 0.000000000000000000, 1.000000000000000000 ) ) ;
#2061 = ORIENTED_EDGE ( 'NONE', *, *, #4374, .F. ) ;
#2062 = ORIENTED_EDGE ( 'NONE', *, *, #3927, .F. ) ;
#2063 = EDGE_CURVE ( 'NONE', #3888, #5285, #1446, .T. ) ;
#2064 = CIRCLE ( 'NONE', #450, 2.000000000000000000 ) ;
#2065 = CARTESIAN_POINT ( 'NONE',  ( 67.34938875305628869, 0.2179706601466920024, -5.857018755447420233 ) ) ;
#2066 = DIRECTION ( 'NONE',  ( -0.000000000000000000, 1.000000000000000000, 0.000000000000000000 ) ) ;
#2067 = EDGE_CURVE ( 'NONE', #2791, #4709, #2399, .T. ) ;
#2068 = AXIS2_PLACEMENT_3D ( 'NONE', #3527, #5379, #5439 ) ;
#2069 = CARTESIAN_POINT ( 'NONE',  ( -2.150611246943755273, -4.582029339853310290, -23.30000000000000071 ) ) ;
#2070 = DIRECTION ( 'NONE',  ( 0.000000000000000000, -1.000000000000000000, 0.000000000000000000 ) ) ;
#2071 = AXIS2_PLACEMENT_3D ( 'NONE', #1525, #106, #2531 ) ;
#2072 = ORIENTED_EDGE ( 'NONE', *, *, #5960, .T. ) ;
#2073 = ORIENTED_EDGE ( 'NONE', *, *, #5301, .T. ) ;
#2074 = AXIS2_PLACEMENT_3D ( 'NONE', #4199, #4640, #4727 ) ;
#2075 = LINE ( 'NONE', #3492, #3475 ) ;
#2076 = CARTESIAN_POINT ( 'NONE',  ( 77.40074519957200039, -9.782029339853300698, 15.54999999999999893 ) ) ;
#2077 = DIRECTION ( 'NONE',  ( 1.000000000000000000, 0.000000000000000000, 0.000000000000000000 ) ) ;
#2078 = AXIS2_PLACEMENT_3D ( 'NONE', #2121, #1605, #3933 ) ;
#2079 = ORIENTED_EDGE ( 'NONE', *, *, #3973, .F. ) ;
#2080 = ORIENTED_EDGE ( 'NONE', *, *, #3140, .T. ) ;
#2081 = CARTESIAN_POINT ( 'NONE',  ( 60.25442965260419470, -3.564322777930264863, 27.69999999999999929 ) ) ;
#2082 = DIRECTION ( 'NONE',  ( 0.000000000000000000, -1.000000000000000000, 0.000000000000000000 ) ) ;
#2083 = VECTOR ( 'NONE', #2472, 1000.000000000000000 ) ;
#2084 = PLANE ( 'NONE',  #5372 ) ;
#2085 = VECTOR ( 'NONE', #3788, 1000.000000000000000 ) ;
#2086 = DIRECTION ( 'NONE',  ( 0.000000000000000000, -1.000000000000000000, 0.000000000000000000 ) ) ;
#2087 = ORIENTED_EDGE ( 'NONE', *, *, #5651, .F. ) ;
#2088 = CARTESIAN_POINT ( 'NONE',  ( -13.75061124694374115, 5.317970660146690065, -25.00000000000000000 ) ) ;
#2089 = CARTESIAN_POINT ( 'NONE',  ( 69.53517519068319075, -9.782029339853300698, 9.449999999999999289 ) ) ;
#2090 = DIRECTION ( 'NONE',  ( -0.000000000000000000, 1.000000000000000000, 0.000000000000000000 ) ) ;
#2091 = AXIS2_PLACEMENT_3D ( 'NONE', #4447, #5946, #5449 ) ;
#2092 = EDGE_CURVE ( 'NONE', #3470, #4934, #2363, .T. ) ;
#2093 = ADVANCED_FACE ( 'NONE', ( #5690 ), #6223, .F. ) ;
#2094 = ORIENTED_EDGE ( 'NONE', *, *, #6094, .F. ) ;
#2095 = LINE ( 'NONE', #1144, #4349 ) ;
#2096 = VERTEX_POINT ( 'NONE', #3831 ) ;
#2097 = EDGE_CURVE ( 'NONE', #2804, #5532, #850, .T. ) ;
#2098 = CYLINDRICAL_SURFACE ( 'NONE', #3054, 2.000000000000001776 ) ;
#2099 = LINE ( 'NONE', #1612, #5184 ) ;
#2100 = FACE_OUTER_BOUND ( 'NONE', #4203, .T. ) ;
#2101 = EDGE_CURVE ( 'NONE', #6048, #6147, #5219, .T. ) ;
#2102 = EDGE_CURVE ( 'NONE', #5908, #2028, #547, .T. ) ;
#2103 = EDGE_LOOP ( 'NONE', ( #145, #3993, #2126, #3873, #4135, #2043 ) ) ;
#2104 = ORIENTED_EDGE ( 'NONE', *, *, #4316, .T. ) ;
#2105 = EDGE_LOOP ( 'NONE', ( #760, #5134, #4547, #1065 ) ) ;
#2106 = ORIENTED_EDGE ( 'NONE', *, *, #59, .F. ) ;
#2107 = CARTESIAN_POINT ( 'NONE',  ( 60.25442965260419470, -4.067657337583460375, -27.69999999999999929 ) ) ;
#2108 = DIRECTION ( 'NONE',  ( 0.000000000000000000, -1.000000000000000000, 0.000000000000000000 ) ) ;
#2109 = CARTESIAN_POINT ( 'NONE',  ( 60.25442965260419470, -4.067657337583460375, 27.69999999999999929 ) ) ;
#2110 = ADVANCED_FACE ( 'NONE', ( #5628 ), #1386, .F. ) ;
#2111 = EDGE_CURVE ( 'NONE', #2971, #3274, #148, .T. ) ;
#2112 = ORIENTED_EDGE ( 'NONE', *, *, #188, .F. ) ;
#2113 = EDGE_LOOP ( 'NONE', ( #1121, #481, #228, #6205 ) ) ;
#2114 = EDGE_CURVE ( 'NONE', #3902, #5093, #498, .T. ) ;
#2115 = LINE ( 'NONE', #5095, #27 ) ;
#2116 = CARTESIAN_POINT ( 'NONE',  ( 55.06673996170920304, 4.017970660146695572, -6.451253375095769904 ) ) ;
#2117 = DIRECTION ( 'NONE',  ( 1.000000000000000000, 0.000000000000000000, 0.000000000000000000 ) ) ;
#2118 = CARTESIAN_POINT ( 'NONE',  ( -4.650611246943759269, -3.982029339853304872, 26.39999999999999858 ) ) ;
#2119 = ORIENTED_EDGE ( 'NONE', *, *, #4140, .T. ) ;
#2120 = CARTESIAN_POINT ( 'NONE',  ( 65.94938875305629722, 5.317970660146690065, -25.00000000000000000 ) ) ;
#2121 = CARTESIAN_POINT ( 'NONE',  ( 67.34938875305628869, -2.582029339853309846, 11.23512053801293931 ) ) ;
#2122 = DIRECTION ( 'NONE',  ( 0.000000000000000000, 0.000000000000000000, -1.000000000000000000 ) ) ;
#2123 = CIRCLE ( 'NONE', #5624, 1.000000000000000888 ) ;
#2124 = VERTEX_POINT ( 'NONE', #4215 ) ;
#2125 = CARTESIAN_POINT ( 'NONE',  ( 47.26184252009240083, 5.317970660146690065, 16.83140657344729973 ) ) ;
#2126 = ORIENTED_EDGE ( 'NONE', *, *, #121, .T. ) ;
#2127 = AXIS2_PLACEMENT_3D ( 'NONE', #1191, #1688, #278 ) ;
#2128 = CARTESIAN_POINT ( 'NONE',  ( 55.85349847498640230, 4.017970660146695572, 17.33140657344729973 ) ) ;
#2129 = LINE ( 'NONE', #735, #1468 ) ;
#2130 = DIRECTION ( 'NONE',  ( 0.000000000000000000, -1.000000000000000000, 0.000000000000000000 ) ) ;
#2131 = EDGE_CURVE ( 'NONE', #4546, #5616, #6124, .T. ) ;
#2132 = EDGE_CURVE ( 'NONE', #3335, #1026, #1153, .T. ) ;
#2133 = ORIENTED_EDGE ( 'NONE', *, *, #5432, .T. ) ;
#2134 = ORIENTED_EDGE ( 'NONE', *, *, #161, .F. ) ;
#2135 = ORIENTED_EDGE ( 'NONE', *, *, #815, .T. ) ;
#2136 = CARTESIAN_POINT ( 'NONE',  ( -2.150611246943755273, -3.982029339853304872, 25.19999999999999929 ) ) ;
#2137 = DIRECTION ( 'NONE',  ( 0.000000000000000000, 0.000000000000000000, 1.000000000000000000 ) ) ;
#2138 = DIRECTION ( 'NONE',  ( 1.000000000000000000, 0.000000000000000000, 0.000000000000000000 ) ) ;
#2139 = VECTOR ( 'NONE', #3881, 1000.000000000000000 ) ;
#2140 = ORIENTED_EDGE ( 'NONE', *, *, #1060, .T. ) ;
#2141 = ORIENTED_EDGE ( 'NONE', *, *, #4605, .T. ) ;
#2142 = VERTEX_POINT ( 'NONE', #2988 ) ;
#2143 = DIRECTION ( 'NONE',  ( 0.000000000000000000, 1.000000000000000000, 0.000000000000000000 ) ) ;
#2144 = EDGE_CURVE ( 'NONE', #2535, #3363, #3019, .T. ) ;
#2145 = LINE ( 'NONE', #5965, #1853 ) ;
#2146 = DIRECTION ( 'NONE',  ( 0.000000000000000000, 0.000000000000000000, 1.000000000000000000 ) ) ;
#2147 = VECTOR ( 'NONE', #3469, 1000.000000000000000 ) ;
#2148 = DIRECTION ( 'NONE',  ( -1.000000000000000000, 0.000000000000000000, 0.000000000000000000 ) ) ;
#2149 = EDGE_CURVE ( 'NONE', #5138, #4081, #3499, .T. ) ;
#2150 = ORIENTED_EDGE ( 'NONE', *, *, #660, .T. ) ;
#2151 = EDGE_CURVE ( 'NONE', #1425, #2792, #1598, .T. ) ;
#2152 = CYLINDRICAL_SURFACE ( 'NONE', #4868, 0.5000000000000000000 ) ;
#2153 = CARTESIAN_POINT ( 'NONE',  ( -10.75061124694373937, -1.958100679666324950, -20.00000000000000000 ) ) ;
#2154 = DIRECTION ( 'NONE',  ( 0.000000000000000000, 0.000000000000000000, 1.000000000000000000 ) ) ;
#2155 = COLOUR_RGB ( '',0.7921568627450980005, 0.8196078431372548767, 0.9333333333333333481 ) ;
#2156 = ORIENTED_EDGE ( 'NONE', *, *, #6075, .F. ) ;
#2157 = DIRECTION ( 'NONE',  ( 0.000000000000000000, 0.000000000000000000, 1.000000000000000000 ) ) ;
#2158 = ORIENTED_EDGE ( 'NONE', *, *, #3400, .F. ) ;
#2159 = CARTESIAN_POINT ( 'NONE',  ( -11.05061124694371877, 4.017970660146695572, 12.84922043697280181 ) ) ;
#2160 = CARTESIAN_POINT ( 'NONE',  ( 53.06673996170920304, 2.317970660146694950, -3.951253375095765463 ) ) ;
#2161 = CARTESIAN_POINT ( 'NONE',  ( 43.00876143713070121, 5.317970660146690065, -13.95125337509577967 ) ) ;
#2162 = AXIS2_PLACEMENT_3D ( 'NONE', #1231, #3181, #6100 ) ;
#2163 = EDGE_CURVE ( 'NONE', #248, #5258, #1988, .T. ) ;
#2164 = ORIENTED_EDGE ( 'NONE', *, *, #5119, .T. ) ;
#2165 = ORIENTED_EDGE ( 'NONE', *, *, #4274, .T. ) ;
#2166 = EDGE_LOOP ( 'NONE', ( #6135, #5978, #2248, #1783 ) ) ;
#2167 = VECTOR ( 'NONE', #3407, 1000.000000000000000 ) ;
#2168 = VERTEX_POINT ( 'NONE', #4908 ) ;
#2169 = DIRECTION ( 'NONE',  ( 0.000000000000000000, 0.000000000000000000, 1.000000000000000000 ) ) ;
#2170 = LINE ( 'NONE', #4495, #4894 ) ;
#2171 = AXIS2_PLACEMENT_3D ( 'NONE', #3020, #4968, #4502 ) ;
#2172 = CARTESIAN_POINT ( 'NONE',  ( 65.64938875305630006, -2.582029339853309846, 6.942407052354219843 ) ) ;
#2173 = VECTOR ( 'NONE', #1880, 1000.000000000000000 ) ;
#2174 = EDGE_CURVE ( 'NONE', #4237, #1170, #5845, .T. ) ;
#2175 = ORIENTED_EDGE ( 'NONE', *, *, #2114, .F. ) ;
#2176 = ORIENTED_EDGE ( 'NONE', *, *, #4018, .T. ) ;
#2177 = VECTOR ( 'NONE', #726, 1000.000000000000000 ) ;
#2178 = LINE ( 'NONE', #5535, #1542 ) ;
#2179 = FACE_OUTER_BOUND ( 'NONE', #2597, .T. ) ;
#2180 = DIRECTION ( 'NONE',  ( 0.000000000000000000, -1.000000000000000000, 0.000000000000000000 ) ) ;
#2181 = CIRCLE ( 'NONE', #2276, 1.000000000000000000 ) ;
#2182 = CARTESIAN_POINT ( 'NONE',  ( 68.64938875305628585, -9.782029339853300698, 15.54999999999999893 ) ) ;
#2183 = VERTEX_POINT ( 'NONE', #1508 ) ;
#2184 = CIRCLE ( 'NONE', #1767, 1.700000000000000178 ) ;
#2185 = CARTESIAN_POINT ( 'NONE',  ( 51.06673996170919594, 2.317970660146694950, -0.9512533750957660184 ) ) ;
#2186 = CYLINDRICAL_SURFACE ( 'NONE', #4284, 1.000000000000000000 ) ;
#2187 = EDGE_CURVE ( 'NONE', #4465, #6017, #1005, .T. ) ;
#2188 = LINE ( 'NONE', #6037, #2271 ) ;
#2189 = DIRECTION ( 'NONE',  ( 0.000000000000000000, -1.000000000000000000, 0.000000000000000000 ) ) ;
#2190 = EDGE_CURVE ( 'NONE', #978, #5051, #1952, .T. ) ;
#2191 = ORIENTED_EDGE ( 'NONE', *, *, #4274, .F. ) ;
#2192 = CARTESIAN_POINT ( 'NONE',  ( -11.05061124694374008, 5.317970660146690065, -27.69999999999999929 ) ) ;
#2193 = ORIENTED_EDGE ( 'NONE', *, *, #1739, .F. ) ;
#2194 = DIRECTION ( 'NONE',  ( 1.000000000000000000, 0.000000000000000000, 0.000000000000000000 ) ) ;
#2195 = DIRECTION ( 'NONE',  ( -1.000000000000000000, 0.000000000000000000, 1.387778780781445922E-16 ) ) ;
#2196 = EDGE_CURVE ( 'NONE', #5656, #2293, #5410, .T. ) ;
#2197 = CIRCLE ( 'NONE', #2987, 0.5000000000000004441 ) ;
#2198 = CARTESIAN_POINT ( 'NONE',  ( 59.75442965260419470, -4.067657337583460375, -27.69999999999999929 ) ) ;
#2199 = ORIENTED_EDGE ( 'NONE', *, *, #220, .T. ) ;
#2200 = VERTEX_POINT ( 'NONE', #5345 ) ;
#2201 = EDGE_LOOP ( 'NONE', ( #1984, #1188, #5831, #1059 ) ) ;
#2202 = CARTESIAN_POINT ( 'NONE',  ( 43.00876143713070121, 5.317970660146690065, -13.95125337509577967 ) ) ;
#2203 = LINE ( 'NONE', #4138, #66 ) ;
#2204 = LINE ( 'NONE', #2810, #2921 ) ;
#2205 = ORIENTED_EDGE ( 'NONE', *, *, #623, .F. ) ;
#2206 = EDGE_CURVE ( 'NONE', #5495, #2938, #849, .T. ) ;
#2207 = ORIENTED_EDGE ( 'NONE', *, *, #945, .F. ) ;
#2208 = ORIENTED_EDGE ( 'NONE', *, *, #6143, .T. ) ;
#2209 = DIRECTION ( 'NONE',  ( 1.387778780781445922E-16, 0.000000000000000000, 1.000000000000000000 ) ) ;
#2210 = CARTESIAN_POINT ( 'NONE',  ( 68.64938875305628585, -4.782029339853309580, -18.35701875544739892 ) ) ;
#2211 = EDGE_CURVE ( 'NONE', #2124, #5108, #3367, .T. ) ;
#2212 = LINE ( 'NONE', #5563, #3916 ) ;
#2213 = EDGE_CURVE ( 'NONE', #1096, #1628, #2047, .T. ) ;
#2214 = ORIENTED_EDGE ( 'NONE', *, *, #1361, .F. ) ;
#2215 = EDGE_CURVE ( 'NONE', #283, #5988, #5880, .T. ) ;
#2216 = LINE ( 'NONE', #1169, #3942 ) ;
#2217 = DIRECTION ( 'NONE',  ( -1.387778780781445922E-16, 0.000000000000000000, -1.000000000000000000 ) ) ;
#2218 = DIRECTION ( 'NONE',  ( 1.000000000000000000, 0.000000000000000000, 0.000000000000000000 ) ) ;
#2219 = DIRECTION ( 'NONE',  ( -1.000000000000000000, 0.000000000000000000, 1.387778780781445922E-16 ) ) ;
#2220 = CARTESIAN_POINT ( 'NONE',  ( 47.52818463161129614, 5.317970660146690065, 8.777868546064290456 ) ) ;
#2221 = CARTESIAN_POINT ( 'NONE',  ( -11.05061124694374008, -12.68202933985330105, -26.39999999999999858 ) ) ;
#2222 = VERTEX_POINT ( 'NONE', #2455 ) ;
#2223 = DIRECTION ( 'NONE',  ( -1.000000000000000000, 0.000000000000000000, 0.000000000000000000 ) ) ;
#2224 = FACE_OUTER_BOUND ( 'NONE', #4020, .T. ) ;
#2225 = AXIS2_PLACEMENT_3D ( 'NONE', #3144, #6000, #252 ) ;
#2226 = CARTESIAN_POINT ( 'NONE',  ( 68.64938875305628585, -7.682029339853309935, 9.449999999999999289 ) ) ;
#2227 = CIRCLE ( 'NONE', #2818, 2.499999999999998668 ) ;
#2228 = EDGE_LOOP ( 'NONE', ( #5436, #3482, #4276, #2628 ) ) ;
#2229 = ORIENTED_EDGE ( 'NONE', *, *, #2546, .F. ) ;
#2230 = ORIENTED_EDGE ( 'NONE', *, *, #718, .T. ) ;
#2231 = DIRECTION ( 'NONE',  ( 1.000000000000000000, 0.000000000000000000, 0.000000000000000000 ) ) ;
#2232 = CARTESIAN_POINT ( 'NONE',  ( 77.40074519957200039, -7.682029339853309935, -9.449999999999999289 ) ) ;
#2233 = EDGE_LOOP ( 'NONE', ( #303, #4798, #688, #416 ) ) ;
#2234 = VERTEX_POINT ( 'NONE', #1105 ) ;
#2235 = ORIENTED_EDGE ( 'NONE', *, *, #1816, .F. ) ;
#2236 = PLANE ( 'NONE',  #433 ) ;
#2237 = PLANE ( 'NONE',  #6168 ) ;
#2238 = DIRECTION ( 'NONE',  ( -1.387778780781445922E-16, -1.156482317317869950E-15, -1.000000000000000000 ) ) ;
#2239 = CARTESIAN_POINT ( 'NONE',  ( 55.04969678325399940, -4.067657337583455046, -75.14999999999999147 ) ) ;
#2240 = ORIENTED_EDGE ( 'NONE', *, *, #1200, .T. ) ;
#2241 = CARTESIAN_POINT ( 'NONE',  ( 0.3493887530562619914, -3.982029339853304872, -26.39999999999999858 ) ) ;
#2242 = EDGE_CURVE ( 'NONE', #5640, #776, #4936, .T. ) ;
#2243 = DIRECTION ( 'NONE',  ( 1.000000000000000000, 0.000000000000000000, 0.000000000000000000 ) ) ;
#2244 = DIRECTION ( 'NONE',  ( 1.000000000000000000, 0.000000000000000000, 0.000000000000000000 ) ) ;
#2245 = CARTESIAN_POINT ( 'NONE',  ( 53.06673996170920304, 4.017970660146695572, -3.951253375095765463 ) ) ;
#2246 = VECTOR ( 'NONE', #4849, 1000.000000000000000 ) ;
#2247 = LINE ( 'NONE', #5040, #722 ) ;
#2248 = ORIENTED_EDGE ( 'NONE', *, *, #1892, .F. ) ;
#2249 = VECTOR ( 'NONE', #3497, 1000.000000000000000 ) ;
#2250 = CARTESIAN_POINT ( 'NONE',  ( 63.84938875305628869, -3.982029339853304872, 22.70000000000000284 ) ) ;
#2251 = DIRECTION ( 'NONE',  ( 0.000000000000000000, 0.000000000000000000, -1.000000000000000000 ) ) ;
#2252 = DIRECTION ( 'NONE',  ( 1.000000000000000000, 0.000000000000000000, 0.000000000000000000 ) ) ;
#2253 = CIRCLE ( 'NONE', #534, 0.9999999999999991118 ) ;
#2254 = ORIENTED_EDGE ( 'NONE', *, *, #1337, .F. ) ;
#2255 = ORIENTED_EDGE ( 'NONE', *, *, #5139, .F. ) ;
#2256 = ORIENTED_EDGE ( 'NONE', *, *, #2101, .T. ) ;
#2257 = ORIENTED_EDGE ( 'NONE', *, *, #616, .T. ) ;
#2258 = EDGE_CURVE ( 'NONE', #2760, #5641, #2858, .T. ) ;
#2259 = VECTOR ( 'NONE', #5851, 1000.000000000000000 ) ;
#2260 = CARTESIAN_POINT ( 'NONE',  ( 67.34938875305628869, -4.782029339853309580, 25.00000000000000000 ) ) ;
#2261 = CARTESIAN_POINT ( 'NONE',  ( 44.15495211150989263, 2.317970660146694950, -25.94512806027880103 ) ) ;
#2262 = VECTOR ( 'NONE', #3583, 1000.000000000000000 ) ;
#2263 = ORIENTED_EDGE ( 'NONE', *, *, #522, .T. ) ;
#2264 = EDGE_CURVE ( 'NONE', #1894, #2552, #2957, .T. ) ;
#2265 = ORIENTED_EDGE ( 'NONE', *, *, #4132, .T. ) ;
#2266 = DIRECTION ( 'NONE',  ( 0.000000000000000000, -1.000000000000000000, 1.652117596168390123E-15 ) ) ;
#2267 = TOROIDAL_SURFACE ( 'NONE', #3662, 1.699999999999999956, 1.000000000000000000 ) ;
#2268 = DIRECTION ( 'NONE',  ( 0.000000000000000000, 1.000000000000000000, 0.000000000000000000 ) ) ;
#2269 = CIRCLE ( 'NONE', #5775, 0.5000000000000004441 ) ;
#2270 = DIRECTION ( 'NONE',  ( 1.000000000000000000, 0.000000000000000000, 0.000000000000000000 ) ) ;
#2271 = VECTOR ( 'NONE', #1702, 1000.000000000000000 ) ;
#2272 = DIRECTION ( 'NONE',  ( 0.000000000000000000, 0.000000000000000000, 1.000000000000000000 ) ) ;
#2273 = CARTESIAN_POINT ( 'NONE',  ( 51.06673996170919594, 4.017970660146695572, -1.451253375095766129 ) ) ;
#2274 = CARTESIAN_POINT ( 'NONE',  ( -2.150611246943755273, 4.017970660146695572, -23.30000000000000071 ) ) ;
#2275 = DIRECTION ( 'NONE',  ( 0.000000000000000000, 0.000000000000000000, -1.000000000000000000 ) ) ;
#2276 = AXIS2_PLACEMENT_3D ( 'NONE', #1365, #1771, #330 ) ;
#2277 = CARTESIAN_POINT ( 'NONE',  ( 68.64938875305628585, -4.282029339853305139, -18.85701875544739892 ) ) ;
#2278 = AXIS2_PLACEMENT_3D ( 'NONE', #3687, #2733, #4192 ) ;
#2279 = CARTESIAN_POINT ( 'NONE',  ( 45.00876143713070121, 2.317970660146694950, -16.45125337509579566 ) ) ;
#2280 = ORIENTED_EDGE ( 'NONE', *, *, #4777, .T. ) ;
#2281 = CARTESIAN_POINT ( 'NONE',  ( 70.94938875305629722, -8.782029339853300698, -15.54999999999999893 ) ) ;
#2282 = DIRECTION ( 'NONE',  ( 0.000000000000000000, -1.000000000000000000, 0.000000000000000000 ) ) ;
#2283 = FACE_OUTER_BOUND ( 'NONE', #1486, .T. ) ;
#2284 = ORIENTED_EDGE ( 'NONE', *, *, #2215, .F. ) ;
#2285 = ADVANCED_FACE ( 'NONE', ( #62 ), #2486, .F. ) ;
#2286 = AXIS2_PLACEMENT_3D ( 'NONE', #3458, #1063, #114 ) ;
#2287 = EDGE_CURVE ( 'NONE', #4993, #3496, #1131, .T. ) ;
#2288 = EDGE_LOOP ( 'NONE', ( #5930, #4475, #3663, #1506 ) ) ;
#2289 = ADVANCED_FACE ( 'NONE', ( #5061 ), #1756, .F. ) ;
#2290 = VERTEX_POINT ( 'NONE', #2210 ) ;
#2291 = ORIENTED_EDGE ( 'NONE', *, *, #1736, .F. ) ;
#2292 = VECTOR ( 'NONE', #1306, 1000.000000000000000 ) ;
#2293 = VERTEX_POINT ( 'NONE', #720 ) ;
#2294 = CARTESIAN_POINT ( 'NONE',  ( 47.22812697155030293, 4.017970660146695572, 11.27786854606429934 ) ) ;
#2295 = CARTESIAN_POINT ( 'NONE',  ( 44.13833617731850012, 4.017970660146695572, 25.00000000000000000 ) ) ;
#2296 = EDGE_CURVE ( 'NONE', #1568, #1840, #5474, .T. ) ;
#2297 = VECTOR ( 'NONE', #2493, 1000.000000000000000 ) ;
#2298 = ORIENTED_EDGE ( 'NONE', *, *, #5666, .F. ) ;
#2299 = EDGE_LOOP ( 'NONE', ( #6180, #74, #5523, #6120, #2595, #5058, #2886, #4264 ) ) ;
#2300 = DIRECTION ( 'NONE',  ( 0.000000000000000000, 0.000000000000000000, 1.000000000000000000 ) ) ;
#2301 = EDGE_CURVE ( 'NONE', #5866, #687, #314, .T. ) ;
#2302 = CARTESIAN_POINT ( 'NONE',  ( 65.94938875305629722, -3.982029339853304872, 25.00000000000000000 ) ) ;
#2303 = ADVANCED_FACE ( 'NONE', ( #2179 ), #2237, .F. ) ;
#2304 = EDGE_LOOP ( 'NONE', ( #3277, #1738, #1069, #525 ) ) ;
#2305 = CARTESIAN_POINT ( 'NONE',  ( -13.75061124694374115, -1.958100679666324950, 20.00000000000000000 ) ) ;
#2306 = ORIENTED_EDGE ( 'NONE', *, *, #2805, .F. ) ;
#2307 = DIRECTION ( 'NONE',  ( 0.000000000000000000, 0.000000000000000000, 1.000000000000000000 ) ) ;
#2308 = DIRECTION ( 'NONE',  ( 0.000000000000000000, 0.000000000000000000, 1.000000000000000000 ) ) ;
#2309 = DIRECTION ( 'NONE',  ( 1.000000000000000000, 0.000000000000000000, 0.000000000000000000 ) ) ;
#2310 = CARTESIAN_POINT ( 'NONE',  ( -13.75061124694374115, -1.958100679666324950, -20.00000000000000000 ) ) ;
#2311 = CARTESIAN_POINT ( 'NONE',  ( -12.45061124694371912, -1.958100679666324950, -20.00000000000000000 ) ) ;
#2312 = ORIENTED_EDGE ( 'NONE', *, *, #1213, .F. ) ;
#2313 = DIRECTION ( 'NONE',  ( 0.000000000000000000, -1.000000000000000000, 0.000000000000000000 ) ) ;
#2314 = CARTESIAN_POINT ( 'NONE',  ( 45.00876143713070121, 5.317970660146690065, -15.45125337509579921 ) ) ;
#2315 = CARTESIAN_POINT ( 'NONE',  ( 67.64938875305628585, 5.317970660146690065, -25.00000000000000000 ) ) ;
#2316 = EDGE_LOOP ( 'NONE', ( #4616, #2923, #470, #2080, #3425, #2406 ) ) ;
#2317 = CARTESIAN_POINT ( 'NONE',  ( 67.34938875305628869, 4.017970660146695572, 25.00000000000000000 ) ) ;
#2318 = ORIENTED_EDGE ( 'NONE', *, *, #5163, .T. ) ;
#2319 = VERTEX_POINT ( 'NONE', #3086 ) ;
#2320 = FACE_BOUND ( 'NONE', #3604, .T. ) ;
#2321 = CARTESIAN_POINT ( 'NONE',  ( 55.04969678325399940, -4.067657337583455046, 26.39999999999999858 ) ) ;
#2322 = CARTESIAN_POINT ( 'NONE',  ( 55.85349847498640230, 2.317970660146694950, 10.77786854606430111 ) ) ;
#2323 = EDGE_CURVE ( 'NONE', #4458, #858, #3659, .T. ) ;
#2324 = EDGE_CURVE ( 'NONE', #1561, #4451, #1694, .T. ) ;
#2325 = ORIENTED_EDGE ( 'NONE', *, *, #4927, .F. ) ;
#2326 = EDGE_LOOP ( 'NONE', ( #2730, #1887, #38, #5727 ) ) ;
#2327 = CARTESIAN_POINT ( 'NONE',  ( 47.52818463161129614, 4.017970660146695572, 12.84922043697280181 ) ) ;
#2328 = CARTESIAN_POINT ( 'NONE',  ( -11.05061124694371877, 4.317970660146690065, -26.70000000000000284 ) ) ;
#2329 = ADVANCED_FACE ( 'NONE', ( #1259 ), #4114, .F. ) ;
#2330 = EDGE_LOOP ( 'NONE', ( #4564, #4269, #2978, #4431 ) ) ;
#2331 = CARTESIAN_POINT ( 'NONE',  ( -10.75061124694373937, -10.37295348812573970, 15.65000000000000036 ) ) ;
#2332 = ORIENTED_EDGE ( 'NONE', *, *, #598, .F. ) ;
#2333 = DIRECTION ( 'NONE',  ( 0.000000000000000000, 0.000000000000000000, 1.000000000000000000 ) ) ;
#2334 = CARTESIAN_POINT ( 'NONE',  ( 61.34938875305630290, 4.017970660146695572, 26.39999999999999858 ) ) ;
#2335 = LINE ( 'NONE', #1388, #4774 ) ;
#2336 = LINE ( 'NONE', #5162, #4265 ) ;
#2337 = VECTOR ( 'NONE', #2468, 1000.000000000000000 ) ;
#2338 = CARTESIAN_POINT ( 'NONE',  ( -2.150611246943755273, 4.017970660146695572, 22.70000000000000284 ) ) ;
#2339 = VERTEX_POINT ( 'NONE', #690 ) ;
#2340 = DIRECTION ( 'NONE',  ( 1.000000000000000000, 0.000000000000000000, 0.000000000000000000 ) ) ;
#2341 = DIRECTION ( 'NONE',  ( 0.000000000000000000, 0.000000000000000000, -1.000000000000000000 ) ) ;
#2342 = VECTOR ( 'NONE', #1696, 1000.000000000000000 ) ;
#2343 = CARTESIAN_POINT ( 'NONE',  ( 55.85349847498640230, 2.317970660146694950, 6.777868546064289568 ) ) ;
#2344 = CARTESIAN_POINT ( 'NONE',  ( 67.34938875305628869, -4.282029339853305139, -18.85701875544739892 ) ) ;
#2345 = ORIENTED_EDGE ( 'NONE', *, *, #1812, .T. ) ;
#2346 = PLANE ( 'NONE',  #2935 ) ;
#2347 = ORIENTED_EDGE ( 'NONE', *, *, #220, .F. ) ;
#2348 = DIRECTION ( 'NONE',  ( 1.000000000000000000, 0.000000000000000000, 0.000000000000000000 ) ) ;
#2349 = CARTESIAN_POINT ( 'NONE',  ( 55.06673996170920304, 5.317970660146690065, -5.951253375095760134 ) ) ;
#2350 = AXIS2_PLACEMENT_3D ( 'NONE', #4345, #2452, #2046 ) ;
#2351 = EDGE_CURVE ( 'NONE', #985, #809, #5508, .T. ) ;
#2352 = ORIENTED_EDGE ( 'NONE', *, *, #6162, .T. ) ;
#2353 = ORIENTED_EDGE ( 'NONE', *, *, #4061, .F. ) ;
#2354 = VECTOR ( 'NONE', #5456, 1000.000000000000000 ) ;
#2355 = CARTESIAN_POINT ( 'NONE',  ( 67.34938875305628869, 0.7179706601466929738, 25.00000000000000000 ) ) ;
#2356 = CARTESIAN_POINT ( 'NONE',  ( 67.34938875305628869, 5.317970660146690065, 25.00000000000000000 ) ) ;
#2357 = EDGE_CURVE ( 'NONE', #5460, #2797, #452, .T. ) ;
#2358 = EDGE_CURVE ( 'NONE', #5011, #4311, #4147, .T. ) ;
#2359 = ORIENTED_EDGE ( 'NONE', *, *, #2619, .T. ) ;
#2360 = AXIS2_PLACEMENT_3D ( 'NONE', #3408, #4753, #4789 ) ;
#2361 = CARTESIAN_POINT ( 'NONE',  ( 55.06673996170920304, 2.317970660146694950, -10.45125337509577967 ) ) ;
#2362 = EDGE_LOOP ( 'NONE', ( #4748, #830, #4591, #1309, #6222, #783, #5534, #4954, #1383, #701 ) ) ;
#2363 = CIRCLE ( 'NONE', #5475, 0.5000000000000004441 ) ;
#2364 = CARTESIAN_POINT ( 'NONE',  ( 66.34938875305628869, -3.982029339853304872, 22.70000000000000284 ) ) ;
#2365 = CARTESIAN_POINT ( 'NONE',  ( 51.06673996170919594, 4.017970660146695572, -16.45125337509579566 ) ) ;
#2366 = CARTESIAN_POINT ( 'NONE',  ( 47.52818463161129614, 4.017970660146695572, 10.77786854606430111 ) ) ;
#2367 = CYLINDRICAL_SURFACE ( 'NONE', #5968, 0.5000000000000004441 ) ;
#2368 = AXIS2_PLACEMENT_3D ( 'NONE', #6157, #2830, #1447 ) ;
#2369 = EDGE_CURVE ( 'NONE', #3706, #5953, #5592, .T. ) ;
#2370 = CARTESIAN_POINT ( 'NONE',  ( -11.05061124694371877, 4.017970660146695572, 25.00000000000000000 ) ) ;
#2371 = EDGE_CURVE ( 'NONE', #679, #4874, #755, .T. ) ;
#2372 = ORIENTED_EDGE ( 'NONE', *, *, #2063, .F. ) ;
#2373 = VECTOR ( 'NONE', #5110, 1000.000000000000000 ) ;
#2374 = LINE ( 'NONE', #417, #1947 ) ;
#2375 = LINE ( 'NONE', #1110, #868 ) ;
#2376 = CARTESIAN_POINT ( 'NONE',  ( -11.05061124694374008, 4.317970660146690065, -27.69999999999999929 ) ) ;
#2377 = CARTESIAN_POINT ( 'NONE',  ( -2.150611246943755273, 4.017970660146695572, -23.30000000000000071 ) ) ;
#2378 = VECTOR ( 'NONE', #4659, 1000.000000000000000 ) ;
#2379 = ORIENTED_EDGE ( 'NONE', *, *, #4382, .T. ) ;
#2380 = DIRECTION ( 'NONE',  ( 1.387778780781445922E-16, 0.000000000000000000, 1.000000000000000000 ) ) ;
#2381 = EDGE_CURVE ( 'NONE', #5894, #5776, #2145, .T. ) ;
#2382 = FACE_OUTER_BOUND ( 'NONE', #1715, .T. ) ;
#2383 = CARTESIAN_POINT ( 'NONE',  ( 41.00876143713075095, 5.317970660146690065, -11.45125337509577967 ) ) ;
#2384 = AXIS2_PLACEMENT_3D ( 'NONE', #2883, #3359, #2034 ) ;
#2385 = FACE_OUTER_BOUND ( 'NONE', #5295, .T. ) ;
#2386 = CARTESIAN_POINT ( 'NONE',  ( 47.52818463161129614, 4.017970660146695572, 8.777868546064290456 ) ) ;
#2387 = VECTOR ( 'NONE', #46, 1000.000000000000000 ) ;
#2388 = ORIENTED_EDGE ( 'NONE', *, *, #199, .T. ) ;
#2389 = ORIENTED_EDGE ( 'NONE', *, *, #3126, .F. ) ;
#2390 = LINE ( 'NONE', #4305, #6175 ) ;
#2391 = AXIS2_PLACEMENT_3D ( 'NONE', #1613, #4037, #232 ) ;
#2392 = DIRECTION ( 'NONE',  ( 0.000000000000000000, 0.000000000000000000, -1.000000000000000000 ) ) ;
#2393 = EDGE_CURVE ( 'NONE', #2410, #732, #2696, .T. ) ;
#2394 = ORIENTED_EDGE ( 'NONE', *, *, #2488, .F. ) ;
#2395 = ORIENTED_EDGE ( 'NONE', *, *, #6035, .F. ) ;
#2396 = DIRECTION ( 'NONE',  ( -1.000000000000000000, 0.000000000000000000, 0.000000000000000000 ) ) ;
#2397 = EDGE_CURVE ( 'NONE', #3389, #5799, #1664, .T. ) ;
#2398 = ORIENTED_EDGE ( 'NONE', *, *, #598, .T. ) ;
#2399 = LINE ( 'NONE', #471, #3062 ) ;
#2400 = CARTESIAN_POINT ( 'NONE',  ( 44.15495211150989263, 5.317970660146690065, -25.94512806027880103 ) ) ;
#2402 = EDGE_CURVE ( 'NONE', #4983, #1096, #3967, .T. ) ;
#2401 = CARTESIAN_POINT ( 'NONE',  ( 63.84938875305628869, 4.017970660146695572, 22.70000000000000284 ) ) ;
#2403 = DIRECTION ( 'NONE',  ( -0.000000000000000000, 1.000000000000000000, 0.000000000000000000 ) ) ;
#2404 = EDGE_CURVE ( 'NONE', #655, #923, #2724, .T. ) ;
#2405 = CARTESIAN_POINT ( 'NONE',  ( 66.34938875305628869, -3.982029339853304872, -23.30000000000000071 ) ) ;
#2406 = ORIENTED_EDGE ( 'NONE', *, *, #5091, .F. ) ;
#2407 = FACE_OUTER_BOUND ( 'NONE', #4171, .T. ) ;
#2408 = CARTESIAN_POINT ( 'NONE',  ( 60.25442965260419470, -4.067657337583460375, -75.14999999999999147 ) ) ;
#2409 = CARTESIAN_POINT ( 'NONE',  ( 70.94938875305629722, -7.682029339853309935, 15.54999999999999893 ) ) ;
#2410 = VERTEX_POINT ( 'NONE', #2116 ) ;
#2411 =( NAMED_UNIT ( * ) PLANE_ANGLE_UNIT ( ) SI_UNIT ( $, .RADIAN. ) );
#2412 = VERTEX_POINT ( 'NONE', #4023 ) ;
#2413 = ORIENTED_EDGE ( 'NONE', *, *, #1711, .T. ) ;
#2414 = DIRECTION ( 'NONE',  ( -1.387778780781445922E-16, 0.000000000000000000, -1.000000000000000000 ) ) ;
#2415 = DIRECTION ( 'NONE',  ( 0.000000000000000000, -1.000000000000000000, 0.000000000000000000 ) ) ;
#2416 = CARTESIAN_POINT ( 'NONE',  ( 47.52818463161129614, 2.317970660146694950, 12.84922043697280181 ) ) ;
#2417 = LINE ( 'NONE', #1498, #5878 ) ;
#2418 = CARTESIAN_POINT ( 'NONE',  ( 65.64938875305630006, 0.2179706601466920024, -18.35701875544739892 ) ) ;
#2419 = ORIENTED_EDGE ( 'NONE', *, *, #697, .T. ) ;
#2420 = ADVANCED_FACE ( 'NONE', ( #5938 ), #4682, .T. ) ;
#2421 = FACE_OUTER_BOUND ( 'NONE', #5954, .T. ) ;
#2422 = AXIS2_PLACEMENT_3D ( 'NONE', #2356, #464, #2423 ) ;
#2423 = DIRECTION ( 'NONE',  ( 0.000000000000000000, 0.000000000000000000, 1.000000000000000000 ) ) ;
#2424 = VERTEX_POINT ( 'NONE', #1406 ) ;
#2425 = DIRECTION ( 'NONE',  ( 1.000000000000000000, 0.000000000000000000, 0.000000000000000000 ) ) ;
#2426 = ORIENTED_EDGE ( 'NONE', *, *, #3172, .T. ) ;
#2427 = CARTESIAN_POINT ( 'NONE',  ( 45.00876143713070121, 5.317970660146690065, -0.9512533750957660184 ) ) ;
#2428 = DIRECTION ( 'NONE',  ( 0.000000000000000000, 0.000000000000000000, 1.000000000000000000 ) ) ;
#2429 = CARTESIAN_POINT ( 'NONE',  ( 44.13833617731850012, 5.317970660146690065, 20.34441820468924789 ) ) ;
#2430 = EDGE_CURVE ( 'NONE', #911, #1280, #3269, .T. ) ;
#2431 = ORIENTED_EDGE ( 'NONE', *, *, #20, .F. ) ;
#2432 = DIRECTION ( 'NONE',  ( 0.000000000000000000, -1.000000000000000000, 0.000000000000000000 ) ) ;
#2433 = LINE ( 'NONE', #1897, #4585 ) ;
#2434 = DIRECTION ( 'NONE',  ( 1.000000000000000000, 0.000000000000000000, 0.000000000000000000 ) ) ;
#2435 = ORIENTED_EDGE ( 'NONE', *, *, #5017, .T. ) ;
#2436 = ORIENTED_EDGE ( 'NONE', *, *, #4987, .F. ) ;
#2437 = LINE ( 'NONE', #5232, #1023 ) ;
#2438 = VERTEX_POINT ( 'NONE', #4775 ) ;
#2439 = VECTOR ( 'NONE', #4064, 1000.000000000000000 ) ;
#2440 = FACE_OUTER_BOUND ( 'NONE', #4644, .T. ) ;
#2441 = DIRECTION ( 'NONE',  ( 0.000000000000000000, 1.000000000000000000, 0.000000000000000000 ) ) ;
#2442 = FACE_BOUND ( 'NONE', #5326, .T. ) ;
#2443 = CARTESIAN_POINT ( 'NONE',  ( 61.34938875305630290, -3.982029339853304872, 22.70000000000000284 ) ) ;
#2444 = TOROIDAL_SURFACE ( 'NONE', #3840, 1.699999999999999956, 1.000000000000000000 ) ;
#2445 = VERTEX_POINT ( 'NONE', #1845 ) ;
#2446 = AXIS2_PLACEMENT_3D ( 'NONE', #4876, #1538, #5317 ) ;
#2447 = FACE_OUTER_BOUND ( 'NONE', #2729, .T. ) ;
#2448 = DIRECTION ( 'NONE',  ( 0.000000000000000000, 0.000000000000000000, -1.000000000000000000 ) ) ;
#2449 = ORIENTED_EDGE ( 'NONE', *, *, #1200, .F. ) ;
#2450 = EDGE_CURVE ( 'NONE', #2832, #3404, #6091, .T. ) ;
#2451 = EDGE_LOOP ( 'NONE', ( #2395, #3432, #1977, #1637, #669, #2519, #4296, #4700, #2094, #6220 ) ) ;
#2452 = DIRECTION ( 'NONE',  ( 0.000000000000000000, -1.000000000000000000, 0.000000000000000000 ) ) ;
#2453 = EDGE_LOOP ( 'NONE', ( #2977, #4063, #2199, #6004 ) ) ;
#2454 = EDGE_CURVE ( 'NONE', #708, #5322, #3707, .T. ) ;
#2455 = CARTESIAN_POINT ( 'NONE',  ( 68.64938875305628585, -4.782029339853309580, -1.057592947645777715 ) ) ;
#2456 = AXIS2_PLACEMENT_3D ( 'NONE', #1700, #1266, #4191 ) ;
#2457 = FACE_OUTER_BOUND ( 'NONE', #1313, .T. ) ;
#2458 = VECTOR ( 'NONE', #3997, 1000.000000000000000 ) ;
#2459 = LINE ( 'NONE', #2021, #5248 ) ;
#2460 = ORIENTED_EDGE ( 'NONE', *, *, #5256, .T. ) ;
#2461 = FACE_OUTER_BOUND ( 'NONE', #748, .T. ) ;
#2462 = CARTESIAN_POINT ( 'NONE',  ( 68.64938875305628585, -1.582029339853310068, 11.23512053801293931 ) ) ;
#2463 = VECTOR ( 'NONE', #4662, 1000.000000000000000 ) ;
#2464 = CARTESIAN_POINT ( 'NONE',  ( 65.64938875305630006, -3.782029339853310024, 10.23512053801293931 ) ) ;
#2465 = VERTEX_POINT ( 'NONE', #3365 ) ;
#2466 = AXIS2_PLACEMENT_3D ( 'NONE', #5465, #1717, #2572 ) ;
#2467 = CIRCLE ( 'NONE', #5381, 2.499999999999998668 ) ;
#2468 = DIRECTION ( 'NONE',  ( -1.000000000000000000, 0.000000000000000000, 0.000000000000000000 ) ) ;
#2469 = DIRECTION ( 'NONE',  ( 1.000000000000000000, 0.000000000000000000, -1.387778780781445922E-16 ) ) ;
#2470 = CARTESIAN_POINT ( 'NONE',  ( 68.64938875305628585, -7.682029339853309935, -15.54999999999999893 ) ) ;
#2471 = DIRECTION ( 'NONE',  ( 0.000000000000000000, 0.000000000000000000, 1.000000000000000000 ) ) ;
#2472 = DIRECTION ( 'NONE',  ( 1.000000000000000000, 0.000000000000000000, 9.606410117365558543E-17 ) ) ;
#2473 = EDGE_CURVE ( 'NONE', #3391, #1651, #1658, .T. ) ;
#2474 = EDGE_CURVE ( 'NONE', #1058, #1748, #2821, .T. ) ;
#2475 = ORIENTED_EDGE ( 'NONE', *, *, #5526, .T. ) ;
#2476 = VERTEX_POINT ( 'NONE', #1379 ) ;
#2477 = EDGE_LOOP ( 'NONE', ( #40, #2359, #3188, #110 ) ) ;
#2478 = AXIS2_PLACEMENT_3D ( 'NONE', #4886, #569, #2492 ) ;
#2479 = ADVANCED_FACE ( 'NONE', ( #3800 ), #4740, .T. ) ;
#2480 = DIRECTION ( 'NONE',  ( 1.000000000000000000, 0.000000000000000000, 0.000000000000000000 ) ) ;
#2481 = FACE_OUTER_BOUND ( 'NONE', #3775, .T. ) ;
#2482 = AXIS2_PLACEMENT_3D ( 'NONE', #4751, #4313, #5839 ) ;
#2483 = EDGE_LOOP ( 'NONE', ( #3692, #3462, #1584, #494 ) ) ;
#2484 = FACE_OUTER_BOUND ( 'NONE', #4403, .T. ) ;
#2485 = CIRCLE ( 'NONE', #5196, 0.5000000000000004441 ) ;
#2486 = PLANE ( 'NONE',  #2068 ) ;
#2487 = DIRECTION ( 'NONE',  ( 0.000000000000000000, 7.709882115452480139E-16, 1.000000000000000000 ) ) ;
#2488 = EDGE_CURVE ( 'NONE', #5750, #2445, #4271, .T. ) ;
#2489 = DIRECTION ( 'NONE',  ( 0.000000000000000000, -1.000000000000000000, 0.000000000000000000 ) ) ;
#2490 = ORIENTED_EDGE ( 'NONE', *, *, #2951, .T. ) ;
#2491 = CARTESIAN_POINT ( 'NONE',  ( 0.3493887530562619914, -3.982029339853304872, -23.30000000000000071 ) ) ;
#2492 = DIRECTION ( 'NONE',  ( 0.000000000000000000, 0.000000000000000000, 1.000000000000000000 ) ) ;
#2493 = DIRECTION ( 'NONE',  ( 0.000000000000000000, -1.000000000000000000, 0.000000000000000000 ) ) ;
#2494 = ORIENTED_EDGE ( 'NONE', *, *, #2584, .F. ) ;
#2495 = VERTEX_POINT ( 'NONE', #875 ) ;
#2496 = ORIENTED_EDGE ( 'NONE', *, *, #2741, .T. ) ;
#2497 = AXIS2_PLACEMENT_3D ( 'NONE', #1285, #2787, #5116 ) ;
#2498 = ORIENTED_EDGE ( 'NONE', *, *, #5200, .T. ) ;
#2499 = FACE_OUTER_BOUND ( 'NONE', #3231, .T. ) ;
#2500 = ORIENTED_EDGE ( 'NONE', *, *, #6174, .F. ) ;
#2501 = CARTESIAN_POINT ( 'NONE',  ( 68.64938875305628585, 0.2179706601466920024, -5.857018755447420233 ) ) ;
#2502 = DIRECTION ( 'NONE',  ( 0.000000000000000000, 0.000000000000000000, -1.000000000000000000 ) ) ;
#2503 = LINE ( 'NONE', #2006, #360 ) ;
#2504 = CARTESIAN_POINT ( 'NONE',  ( 55.04969678325399940, -3.564322777930264863, 26.39999999999999858 ) ) ;
#2505 = ORIENTED_EDGE ( 'NONE', *, *, #4966, .F. ) ;
#2506 = ORIENTED_EDGE ( 'NONE', *, *, #907, .F. ) ;
#2507 = ORIENTED_EDGE ( 'NONE', *, *, #2111, .T. ) ;
#2508 = ADVANCED_FACE ( 'NONE', ( #2856, #843 ), #2793, .T. ) ;
#2509 = DIRECTION ( 'NONE',  ( -1.000000000000000000, 0.000000000000000000, 0.000000000000000000 ) ) ;
#2510 = PLANE ( 'NONE',  #462 ) ;
#2511 = FACE_OUTER_BOUND ( 'NONE', #803, .T. ) ;
#2512 = PLANE ( 'NONE',  #934 ) ;
#2513 = CIRCLE ( 'NONE', #4435, 2.499999999999998668 ) ;
#2514 = CARTESIAN_POINT ( 'NONE',  ( -11.05061124694374008, -12.68202933985330105, -25.00000000000000000 ) ) ;
#2515 = CARTESIAN_POINT ( 'NONE',  ( -2.150611246943755273, 4.017970660146695572, -23.30000000000000071 ) ) ;
#2516 = EDGE_CURVE ( 'NONE', #4843, #3238, #4069, .T. ) ;
#2517 = EDGE_CURVE ( 'NONE', #961, #741, #401, .T. ) ;
#2518 = FACE_OUTER_BOUND ( 'NONE', #781, .T. ) ;
#2519 = ORIENTED_EDGE ( 'NONE', *, *, #4042, .T. ) ;
#2520 = CARTESIAN_POINT ( 'NONE',  ( 53.06673996170920304, 5.317970660146690065, -13.95125337509577967 ) ) ;
#2521 = LINE ( 'NONE', #167, #2575 ) ;
#2522 = CARTESIAN_POINT ( 'NONE',  ( -2.150611246943755273, -4.582029339853310290, -25.80000000000000071 ) ) ;
#2523 = VERTEX_POINT ( 'NONE', #2327 ) ;
#2524 = CARTESIAN_POINT ( 'NONE',  ( -4.650611246943759269, 4.017970660146695572, -23.30000000000000071 ) ) ;
#2525 = ORIENTED_EDGE ( 'NONE', *, *, #83, .T. ) ;
#2526 = PLANE ( 'NONE',  #5844 ) ;
#2527 = EDGE_LOOP ( 'NONE', ( #3741, #2208, #2229, #5247 ) ) ;
#2528 = ORIENTED_EDGE ( 'NONE', *, *, #3218, .T. ) ;
#2529 = CARTESIAN_POINT ( 'NONE',  ( 47.22812697155030293, 5.317970660146690065, 6.277868546064289568 ) ) ;
#2530 = DIRECTION ( 'NONE',  ( 0.000000000000000000, 0.000000000000000000, 1.000000000000000000 ) ) ;
#2531 = DIRECTION ( 'NONE',  ( -1.387778780781445922E-16, 0.000000000000000000, -1.000000000000000000 ) ) ;
#2532 = CARTESIAN_POINT ( 'NONE',  ( 68.64938875305628585, -1.582029339853310068, 11.23512053801293931 ) ) ;
#2533 = AXIS2_PLACEMENT_3D ( 'NONE', #2755, #2348, #2815 ) ;
#2534 = AXIS2_PLACEMENT_3D ( 'NONE', #5738, #5265, #2878 ) ;
#2535 = VERTEX_POINT ( 'NONE', #4239 ) ;
#2536 = ORIENTED_EDGE ( 'NONE', *, *, #2587, .T. ) ;
#2537 = ORIENTED_EDGE ( 'NONE', *, *, #1991, .T. ) ;
#2538 = DIRECTION ( 'NONE',  ( 0.000000000000000000, 1.000000000000000000, 0.000000000000000000 ) ) ;
#2539 = CARTESIAN_POINT ( 'NONE',  ( 70.94938875305629722, -7.682029339853309935, -25.00000000000000000 ) ) ;
#2540 = VECTOR ( 'NONE', #723, 1000.000000000000000 ) ;
#2541 = DIRECTION ( 'NONE',  ( 1.000000000000000000, 0.000000000000000000, 0.000000000000000000 ) ) ;
#2542 = ORIENTED_EDGE ( 'NONE', *, *, #1816, .T. ) ;
#2543 = AXIS2_PLACEMENT_3D ( 'NONE', #3240, #5153, #847 ) ;
#2544 = DIRECTION ( 'NONE',  ( 1.000000000000000000, 0.000000000000000000, 0.000000000000000000 ) ) ;
#2545 = DIRECTION ( 'NONE',  ( 1.000000000000000000, 0.000000000000000000, 0.000000000000000000 ) ) ;
#2546 = EDGE_CURVE ( 'NONE', #477, #3712, #6148, .T. ) ;
#2547 = DIRECTION ( 'NONE',  ( 0.000000000000000000, 1.000000000000000000, 0.000000000000000000 ) ) ;
#2548 = EDGE_CURVE ( 'NONE', #985, #4814, #3233, .T. ) ;
#2549 = VECTOR ( 'NONE', #926, 1000.000000000000000 ) ;
#2550 = EDGE_CURVE ( 'NONE', #4338, #1077, #2390, .T. ) ;
#2551 = LINE ( 'NONE', #4474, #3246 ) ;
#2552 = VERTEX_POINT ( 'NONE', #5682 ) ;
#2553 = AXIS2_PLACEMENT_3D ( 'NONE', #3971, #5944, #2930 ) ;
#2554 = CARTESIAN_POINT ( 'NONE',  ( 60.25442965260419470, -4.067657337583460375, -75.14999999999999147 ) ) ;
#2555 = EDGE_CURVE ( 'NONE', #2290, #5277, #2269, .T. ) ;
#2556 = CARTESIAN_POINT ( 'NONE',  ( 63.84938875305628869, 4.017970660146695572, -20.80000000000000071 ) ) ;
#2557 = LINE ( 'NONE', #169, #2860 ) ;
#2558 = ADVANCED_FACE ( 'NONE', ( #5744 ), #4653, .T. ) ;
#2559 = VECTOR ( 'NONE', #4441, 1000.000000000000000 ) ;
#2560 = ORIENTED_EDGE ( 'NONE', *, *, #4485, .T. ) ;
#2561 = CARTESIAN_POINT ( 'NONE',  ( -4.650611246943759269, -3.982029339853304872, 26.39999999999999858 ) ) ;
#2562 = VERTEX_POINT ( 'NONE', #1944 ) ;
#2563 = CARTESIAN_POINT ( 'NONE',  ( -2.150611246943755273, -4.582029339853310290, -23.30000000000000071 ) ) ;
#2564 = AXIS2_PLACEMENT_3D ( 'NONE', #3041, #1189, #4137 ) ;
#2565 = DIRECTION ( 'NONE',  ( 0.000000000000000000, 1.000000000000000000, 0.000000000000000000 ) ) ;
#2566 = ADVANCED_FACE ( 'NONE', ( #2447 ), #4373, .T. ) ;
#2567 = VECTOR ( 'NONE', #5542, 1000.000000000000000 ) ;
#2568 = EDGE_LOOP ( 'NONE', ( #1992, #940 ) ) ;
#2569 = ORIENTED_EDGE ( 'NONE', *, *, #5200, .F. ) ;
#2570 = ORIENTED_EDGE ( 'NONE', *, *, #6002, .T. ) ;
#2571 = VECTOR ( 'NONE', #3913, 1000.000000000000000 ) ;
#2572 = DIRECTION ( 'NONE',  ( 1.000000000000000000, 0.000000000000000000, 0.000000000000000000 ) ) ;
#2573 = CARTESIAN_POINT ( 'NONE',  ( 66.64938875305630006, -10.08346369748242033, 3.149999999999999911 ) ) ;
#2574 = CARTESIAN_POINT ( 'NONE',  ( 47.52818463161129614, 5.317970660146690065, 12.34922043697280181 ) ) ;
#2575 = VECTOR ( 'NONE', #1138, 1000.000000000000000 ) ;
#2576 = EDGE_LOOP ( 'NONE', ( #3038, #5355, #2748, #309 ) ) ;
#2577 = DIRECTION ( 'NONE',  ( 1.000000000000000000, 0.000000000000000000, 0.000000000000000000 ) ) ;
#2578 = CARTESIAN_POINT ( 'NONE',  ( 66.34938875305628869, 4.017970660146695572, 22.70000000000000284 ) ) ;
#2579 = VECTOR ( 'NONE', #459, 1000.000000000000000 ) ;
#2580 = CARTESIAN_POINT ( 'NONE',  ( -12.45061124694374044, -1.958100679666324950, -25.00000000000000000 ) ) ;
#2581 = CIRCLE ( 'NONE', #779, 2.700000000000001066 ) ;
#2582 = DIRECTION ( 'NONE',  ( 0.000000000000000000, 0.000000000000000000, -1.000000000000000000 ) ) ;
#2583 = ORIENTED_EDGE ( 'NONE', *, *, #5547, .T. ) ;
#2584 = EDGE_CURVE ( 'NONE', #2412, #5859, #3569, .T. ) ;
#2585 = CARTESIAN_POINT ( 'NONE',  ( 63.84938875305628869, -4.582029339853310290, 22.70000000000000284 ) ) ;
#2586 = PLANE ( 'NONE',  #368 ) ;
#2587 = EDGE_CURVE ( 'NONE', #3721, #29, #5905, .T. ) ;
#2588 = CARTESIAN_POINT ( 'NONE',  ( 67.64938875305628585, 4.317970660146690065, 25.00000000000000000 ) ) ;
#2589 = EDGE_LOOP ( 'NONE', ( #3248, #3789, #5553 ) ) ;
#2590 = CARTESIAN_POINT ( 'NONE',  ( 68.64938875305628585, -3.782029339853310024, -1.057592947645777715 ) ) ;
#2591 = CARTESIAN_POINT ( 'NONE',  ( 65.94938875305629722, 4.017970660146695572, 25.00000000000000000 ) ) ;
#2592 = LINE ( 'NONE', #4515, #3874 ) ;
#2593 = CARTESIAN_POINT ( 'NONE',  ( 65.94938875305629722, 4.317970660146690065, 25.00000000000000000 ) ) ;
#2594 = ADVANCED_FACE ( 'NONE', ( #5808 ), #5778, .F. ) ;
#2595 = ORIENTED_EDGE ( 'NONE', *, *, #5812, .F. ) ;
#2596 = VERTEX_POINT ( 'NONE', #56 ) ;
#2597 = EDGE_LOOP ( 'NONE', ( #6178, #1490, #2164, #3510 ) ) ;
#2598 = VERTEX_POINT ( 'NONE', #1981 ) ;
#2599 = FACE_OUTER_BOUND ( 'NONE', #4421, .T. ) ;
#2600 = CARTESIAN_POINT ( 'NONE',  ( 47.52818463161129614, 2.317970660146694950, 8.777868546064290456 ) ) ;
#2601 = CARTESIAN_POINT ( 'NONE',  ( -11.05061124694374008, 4.317970660146690065, -26.70000000000000284 ) ) ;
#2602 = EDGE_CURVE ( 'NONE', #1151, #1377, #1532, .T. ) ;
#2603 = EDGE_CURVE ( 'NONE', #5616, #1279, #3769, .T. ) ;
#2604 = ORIENTED_EDGE ( 'NONE', *, *, #972, .T. ) ;
#2605 = ORIENTED_EDGE ( 'NONE', *, *, #3061, .F. ) ;
#2606 = LINE ( 'NONE', #2629, #4361 ) ;
#2607 = DIRECTION ( 'NONE',  ( 0.000000000000000000, 1.000000000000000000, 0.000000000000000000 ) ) ;
#2608 = CARTESIAN_POINT ( 'NONE',  ( -4.650611246943759269, -3.982029339853304872, -26.39999999999999858 ) ) ;
#2609 = DIRECTION ( 'NONE',  ( 0.000000000000000000, 1.000000000000000000, -1.523637836666414713E-16 ) ) ;
#2610 = VERTEX_POINT ( 'NONE', #3428 ) ;
#2611 = DIRECTION ( 'NONE',  ( -1.000000000000000000, 0.000000000000000000, 0.000000000000000000 ) ) ;
#2612 = CARTESIAN_POINT ( 'NONE',  ( 45.00876143713070121, 5.317970660146690065, -1.451253375095766129 ) ) ;
#2613 = EDGE_LOOP ( 'NONE', ( #3439, #1273, #4040, #2784 ) ) ;
#2614 = CARTESIAN_POINT ( 'NONE',  ( 70.94938875305629722, -7.682029339853309935, -25.00000000000000000 ) ) ;
#2615 = VERTEX_POINT ( 'NONE', #4869 ) ;
#2616 = LINE ( 'NONE', #1611, #3554 ) ;
#2617 = CARTESIAN_POINT ( 'NONE',  ( 67.34938875305628869, -2.582029339853309846, -1.057592947645777715 ) ) ;
#2618 = CARTESIAN_POINT ( 'NONE',  ( 43.00876143713070121, 4.017970660146695572, -13.45125337509577967 ) ) ;
#2619 = EDGE_CURVE ( 'NONE', #1628, #3573, #3893, .T. ) ;
#2620 = EDGE_LOOP ( 'NONE', ( #5837, #48 ) ) ;
#2621 = ORIENTED_EDGE ( 'NONE', *, *, #718, .F. ) ;
#2622 = ORIENTED_EDGE ( 'NONE', *, *, #5927, .F. ) ;
#2623 = CLOSED_SHELL ( 'NONE', ( #5593, #2829, #5715, #4839, #5352, #2594, #4626, #5428, #5198, #1038, #5901, #5403, #1953, #782, #3252, #5810, #2566, #576, #5238, #1997, #2778, #931, #780, #3823, #1914, #5243, #5926, #5176, #4289, #1357, #4414, #5485, #1278, #322, #1281, #2303, #2937, #4303, #2735, #4517, #3602, #5709, #1548, #827, #622, #2712, #5695, #1314, #5132, #49, #4220, #1929, #5211, #2651, #3260, #2705, #371, #5909, #1808, #4202, #159, #1735, #1902, #5255, #3703, #5087, #4322, #1720, #2093, #326, #3298, #1627, #2969, #1244, #2329, #65, #414, #1545, #340, #2289, #6049, #1774, #715, #2420, #489, #1025, #396, #3964, #4612, #3324, #4112, #2693, #2013, #6119, #992, #2479, #1403, #4945, #4898, #856, #5084, #3937, #5735, #816, #2884, #4938, #6096, #6092, #5448, #5435, #4420, #4970, #3491, #4645, #3658, #1124, #1933, #3447, #4129, #2817, #1730, #3009, #2752, #541, #3203, #5025, #797, #4049, #5937, #6170, #1263, #2285, #4238, #3920, #4159, #1441, #2049, #5429, #5924, #1134, #2926, #3683, #4683, #240, #3321, #1699, #982, #681, #1703, #5521, #3513, #4383, #3782, #2508, #143, #4715, #359, #3210, #5292, #5813, #975, #1527, #3008, #596, #4702, #6085, #2849, #3417, #800, #3506, #5226, #4744, #989, #3236, #3660, #3516, #3477, #3467, #507, #427, #1580, #3237, #133, #5442, #4877, #6150, #2110, #556, #2558, #4358 ) ) ;
#2624 = DIRECTION ( 'NONE',  ( -1.000000000000000000, 0.000000000000000000, 1.387778780781445922E-16 ) ) ;
#2625 = LINE ( 'NONE', #683, #1773 ) ;
#2626 = CARTESIAN_POINT ( 'NONE',  ( -2.150611246943755273, -4.582029339853310290, -21.89999999999999858 ) ) ;
#2627 = ORIENTED_EDGE ( 'NONE', *, *, #3588, .F. ) ;
#2628 = ORIENTED_EDGE ( 'NONE', *, *, #4801, .F. ) ;
#2629 = CARTESIAN_POINT ( 'NONE',  ( -11.05061124694371877, 4.017970660146695572, -3.951253375095770348 ) ) ;
#2630 = CIRCLE ( 'NONE', #5044, 1.000000000000000888 ) ;
#2631 = DIRECTION ( 'NONE',  ( 0.000000000000000000, -1.000000000000000000, 0.000000000000000000 ) ) ;
#2632 = CARTESIAN_POINT ( 'NONE',  ( 70.94938875305629722, -8.782029339853300698, -25.00000000000000000 ) ) ;
#2633 = EDGE_CURVE ( 'NONE', #4393, #6040, #3397, .T. ) ;
#2634 = CIRCLE ( 'NONE', #5054, 0.5000000000000004441 ) ;
#2635 = EDGE_CURVE ( 'NONE', #4867, #5093, #1000, .T. ) ;
#2636 = DIRECTION ( 'NONE',  ( 0.000000000000000000, 0.000000000000000000, 1.000000000000000000 ) ) ;
#2637 = EDGE_LOOP ( 'NONE', ( #5212, #5876, #2165, #2896, #4335, #2257 ) ) ;
#2638 = DIRECTION ( 'NONE',  ( 0.000000000000000000, 0.000000000000000000, 1.000000000000000000 ) ) ;
#2639 = CARTESIAN_POINT ( 'NONE',  ( 69.53517519068319075, -9.782029339853300698, -15.54999999999999893 ) ) ;
#2640 = LINE ( 'NONE', #321, #2667 ) ;
#2641 = AXIS2_PLACEMENT_3D ( 'NONE', #811, #3329, #12 ) ;
#2642 = FACE_BOUND ( 'NONE', #4162, .T. ) ;
#2643 = AXIS2_PLACEMENT_3D ( 'NONE', #5121, #1496, #2469 ) ;
#2644 = EDGE_LOOP ( 'NONE', ( #4212, #3300, #2722, #5050 ) ) ;
#2645 = DIRECTION ( 'NONE',  ( 0.000000000000000000, 0.000000000000000000, -1.000000000000000000 ) ) ;
#2646 = ORIENTED_EDGE ( 'NONE', *, *, #2998, .F. ) ;
#2647 = DIRECTION ( 'NONE',  ( 1.000000000000000000, 0.000000000000000000, 0.000000000000000000 ) ) ;
#2648 = DIRECTION ( 'NONE',  ( 0.000000000000000000, 1.000000000000000000, 0.000000000000000000 ) ) ;
#2649 = DIRECTION ( 'NONE',  ( 1.000000000000000000, 0.000000000000000000, 0.000000000000000000 ) ) ;
#2650 = VECTOR ( 'NONE', #4476, 1000.000000000000000 ) ;
#2651 = ADVANCED_FACE ( 'NONE', ( #2888 ), #1062, .F. ) ;
#2652 = AXIS2_PLACEMENT_3D ( 'NONE', #293, #5195, #1857 ) ;
#2653 = EDGE_LOOP ( 'NONE', ( #5127, #2917, #2505, #4991 ) ) ;
#2654 = ORIENTED_EDGE ( 'NONE', *, *, #5139, .T. ) ;
#2655 = ORIENTED_EDGE ( 'NONE', *, *, #4580, .F. ) ;
#2656 = VECTOR ( 'NONE', #285, 1000.000000000000000 ) ;
#2657 = ORIENTED_EDGE ( 'NONE', *, *, #2998, .T. ) ;
#2658 = EDGE_CURVE ( 'NONE', #82, #911, #2918, .T. ) ;
#2659 = CARTESIAN_POINT ( 'NONE',  ( 59.75442965260419470, -4.567657337583459487, -27.69999999999999929 ) ) ;
#2660 = CARTESIAN_POINT ( 'NONE',  ( -2.150611246943755273, 4.017970660146695572, -24.69999999999999929 ) ) ;
#2661 = EDGE_CURVE ( 'NONE', #4781, #5182, #2075, .T. ) ;
#2662 = AXIS2_PLACEMENT_3D ( 'NONE', #5221, #884, #5692 ) ;
#2663 = CYLINDRICAL_SURFACE ( 'NONE', #5730, 0.5000000000000004441 ) ;
#2664 = AXIS2_PLACEMENT_3D ( 'NONE', #3955, #2011, #2538 ) ;
#2665 = EDGE_LOOP ( 'NONE', ( #3890, #528, #3454, #606 ) ) ;
#2666 = ORIENTED_EDGE ( 'NONE', *, *, #4291, .F. ) ;
#2667 = VECTOR ( 'NONE', #4692, 1000.000000000000000 ) ;
#2668 = DIRECTION ( 'NONE',  ( -1.387778780781445922E-16, 0.000000000000000000, -1.000000000000000000 ) ) ;
#2669 = DIRECTION ( 'NONE',  ( -1.000000000000000000, 0.000000000000000000, 9.606410117365558543E-17 ) ) ;
#2670 = DIRECTION ( 'NONE',  ( 0.000000000000000000, -1.000000000000000000, 1.156482317317869950E-15 ) ) ;
#2671 = VERTEX_POINT ( 'NONE', #149 ) ;
#2672 = CARTESIAN_POINT ( 'NONE',  ( 55.04969678325399940, 5.317970660146690065, 26.39999999999999858 ) ) ;
#2673 = VERTEX_POINT ( 'NONE', #1564 ) ;
#2674 = CIRCLE ( 'NONE', #5684, 1.000000000000000888 ) ;
#2675 = PLANE ( 'NONE',  #3760 ) ;
#2676 = DIRECTION ( 'NONE',  ( -1.000000000000000000, 0.000000000000000000, 1.387778780781445922E-16 ) ) ;
#2677 = CARTESIAN_POINT ( 'NONE',  ( -10.75061124694373937, -1.958100679666324950, 20.00000000000000000 ) ) ;
#2678 = CARTESIAN_POINT ( 'NONE',  ( 67.34938875305628869, 5.317970660146690065, 6.942407052354219843 ) ) ;
#2679 = VECTOR ( 'NONE', #2108, 1000.000000000000000 ) ;
#2680 = CARTESIAN_POINT ( 'NONE',  ( 61.34938875305630290, 4.017970660146695572, -23.30000000000000071 ) ) ;
#2681 = ORIENTED_EDGE ( 'NONE', *, *, #3863, .T. ) ;
#2682 = ORIENTED_EDGE ( 'NONE', *, *, #2114, .T. ) ;
#2683 = DIRECTION ( 'NONE',  ( 0.000000000000000000, 0.000000000000000000, 1.000000000000000000 ) ) ;
#2684 = CARTESIAN_POINT ( 'NONE',  ( 1.154952111509895962, 2.317970660146694950, -25.94512806027880103 ) ) ;
#2685 = AXIS2_PLACEMENT_3D ( 'NONE', #3395, #998, #2913 ) ;
#2686 = DIRECTION ( 'NONE',  ( 0.000000000000000000, -1.000000000000000000, 0.000000000000000000 ) ) ;
#2687 = ORIENTED_EDGE ( 'NONE', *, *, #5301, .F. ) ;
#2688 = ORIENTED_EDGE ( 'NONE', *, *, #5698, .F. ) ;
#2689 = VERTEX_POINT ( 'NONE', #2980 ) ;
#2690 = DIRECTION ( 'NONE',  ( 0.000000000000000000, -1.000000000000000000, 0.000000000000000000 ) ) ;
#2691 = DIRECTION ( 'NONE',  ( -1.387778780781445922E-16, 0.000000000000000000, -1.000000000000000000 ) ) ;
#2692 = ORIENTED_EDGE ( 'NONE', *, *, #2067, .F. ) ;
#2693 = ADVANCED_FACE ( 'NONE', ( #4902 ), #85, .T. ) ;
#2694 = ORIENTED_EDGE ( 'NONE', *, *, #6035, .T. ) ;
#2695 = LINE ( 'NONE', #249, #4149 ) ;
#2696 = LINE ( 'NONE', #6058, #4266 ) ;
#2697 = DIRECTION ( 'NONE',  ( 0.000000000000000000, 1.000000000000000000, 0.000000000000000000 ) ) ;
#2698 = LINE ( 'NONE', #6031, #5353 ) ;
#2699 = VERTEX_POINT ( 'NONE', #5401 ) ;
#2700 = ORIENTED_EDGE ( 'NONE', *, *, #3259, .F. ) ;
#2701 = CARTESIAN_POINT ( 'NONE',  ( 47.52818463161129614, 4.017970660146695572, 14.84922043697280181 ) ) ;
#2702 = DIRECTION ( 'NONE',  ( 0.000000000000000000, -1.000000000000000000, 0.000000000000000000 ) ) ;
#2703 = FACE_OUTER_BOUND ( 'NONE', #6215, .T. ) ;
#2704 = LINE ( 'NONE', #3651, #1555 ) ;
#2705 = ADVANCED_FACE ( 'NONE', ( #2039 ), #1098, .F. ) ;
#2706 = DIRECTION ( 'NONE',  ( 0.000000000000000000, 1.000000000000000000, 0.000000000000000000 ) ) ;
#2707 = ORIENTED_EDGE ( 'NONE', *, *, #2144, .F. ) ;
#2708 = DIRECTION ( 'NONE',  ( 1.387778780781445922E-16, 0.000000000000000000, 1.000000000000000000 ) ) ;
#2709 = DIRECTION ( 'NONE',  ( 1.000000000000000000, 0.000000000000000000, 0.000000000000000000 ) ) ;
#2710 = AXIS2_PLACEMENT_3D ( 'NONE', #2822, #3770, #4375 ) ;
#2711 = DIRECTION ( 'NONE',  ( 0.000000000000000000, 0.000000000000000000, 1.000000000000000000 ) ) ;
#2712 = ADVANCED_FACE ( 'NONE', ( #2421 ), #18, .F. ) ;
#2713 = AXIS2_PLACEMENT_3D ( 'NONE', #3109, #4227, #4701 ) ;
#2714 = ORIENTED_EDGE ( 'NONE', *, *, #4095, .T. ) ;
#2715 = VERTEX_POINT ( 'NONE', #2107 ) ;
#2716 = VERTEX_POINT ( 'NONE', #2659 ) ;
#2717 = EDGE_LOOP ( 'NONE', ( #874, #2985, #2692, #2156 ) ) ;
#2718 = DIRECTION ( 'NONE',  ( 1.000000000000000000, 0.000000000000000000, 0.000000000000000000 ) ) ;
#2719 = VECTOR ( 'NONE', #4617, 1000.000000000000000 ) ;
#2720 = CARTESIAN_POINT ( 'NONE',  ( -11.05061124694371877, -12.68202933985330105, 26.39999999999999858 ) ) ;
#2721 = VERTEX_POINT ( 'NONE', #4494 ) ;
#2722 = ORIENTED_EDGE ( 'NONE', *, *, #219, .T. ) ;
#2723 = DIRECTION ( 'NONE',  ( 0.000000000000000000, 0.000000000000000000, 1.000000000000000000 ) ) ;
#2724 = LINE ( 'NONE', #3143, #4768 ) ;
#2725 = DIRECTION ( 'NONE',  ( 1.000000000000000000, 0.000000000000000000, 0.000000000000000000 ) ) ;
#2726 = ORIENTED_EDGE ( 'NONE', *, *, #3827, .F. ) ;
#2727 = VECTOR ( 'NONE', #1582, 1000.000000000000000 ) ;
#2728 = CARTESIAN_POINT ( 'NONE',  ( -12.45061124694374044, 4.017970660146695572, -25.00000000000000000 ) ) ;
#2729 = EDGE_LOOP ( 'NONE', ( #3882, #1115, #267, #5112 ) ) ;
#2730 = ORIENTED_EDGE ( 'NONE', *, *, #3209, .F. ) ;
#2731 = EDGE_CURVE ( 'NONE', #1840, #4709, #4521, .T. ) ;
#2732 = DIRECTION ( 'NONE',  ( 0.000000000000000000, -1.000000000000000000, 0.000000000000000000 ) ) ;
#2733 = DIRECTION ( 'NONE',  ( 0.000000000000000000, 1.000000000000000000, 0.000000000000000000 ) ) ;
#2735 = ADVANCED_FACE ( 'NONE', ( #6021 ), #712, .F. ) ;
#2734 = FACE_OUTER_BOUND ( 'NONE', #5688, .T. ) ;
#2736 = UNCERTAINTY_MEASURE_WITH_UNIT (LENGTH_MEASURE( 1.000000000000000082E-05 ), #4035, 'distance_accuracy_value', 'NONE');
#2737 = DIRECTION ( 'NONE',  ( 0.000000000000000000, 1.000000000000000000, 0.000000000000000000 ) ) ;
#2738 = EDGE_CURVE ( 'NONE', #1804, #3713, #551, .T. ) ;
#2739 = VECTOR ( 'NONE', #1798, 1000.000000000000000 ) ;
#2740 = DIRECTION ( 'NONE',  ( 0.000000000000000000, 1.000000000000000000, 0.000000000000000000 ) ) ;
#2741 = EDGE_CURVE ( 'NONE', #3507, #1804, #777, .T. ) ;
#2742 = ORIENTED_EDGE ( 'NONE', *, *, #1794, .T. ) ;
#2743 = AXIS2_PLACEMENT_3D ( 'NONE', #5782, #60, #4935 ) ;
#2744 = DIRECTION ( 'NONE',  ( 1.000000000000000000, 0.000000000000000000, 0.000000000000000000 ) ) ;
#2745 = FACE_OUTER_BOUND ( 'NONE', #2362, .T. ) ;
#2746 = CARTESIAN_POINT ( 'NONE',  ( -2.150611246943755273, 4.017970660146695572, 22.70000000000000284 ) ) ;
#2747 = CIRCLE ( 'NONE', #3652, 2.499999999999998668 ) ;
#2748 = ORIENTED_EDGE ( 'NONE', *, *, #6198, .F. ) ;
#2749 = EDGE_CURVE ( 'NONE', #5559, #4377, #3667, .T. ) ;
#2750 = ORIENTED_EDGE ( 'NONE', *, *, #1093, .F. ) ;
#2751 = ORIENTED_EDGE ( 'NONE', *, *, #5530, .F. ) ;
#2752 = ADVANCED_FACE ( 'NONE', ( #4106 ), #1750, .F. ) ;
#2753 = EDGE_LOOP ( 'NONE', ( #2908, #3918, #2569, #3195 ) ) ;
#2754 = AXIS2_PLACEMENT_3D ( 'NONE', #5699, #2432, #5664 ) ;
#2755 = CARTESIAN_POINT ( 'NONE',  ( 65.94938875305629722, 4.317970660146690065, -26.70000000000000284 ) ) ;
#2756 = LINE ( 'NONE', #5145, #4087 ) ;
#2757 = EDGE_CURVE ( 'NONE', #1290, #4532, #4586, .T. ) ;
#2758 = VECTOR ( 'NONE', #4279, 1000.000000000000000 ) ;
#2759 = VERTEX_POINT ( 'NONE', #3607 ) ;
#2760 = VERTEX_POINT ( 'NONE', #4959 ) ;
#2761 = VECTOR ( 'NONE', #413, 1000.000000000000000 ) ;
#2762 = DIRECTION ( 'NONE',  ( 0.000000000000000000, 0.000000000000000000, -1.000000000000000000 ) ) ;
#2763 = VECTOR ( 'NONE', #5149, 1000.000000000000000 ) ;
#2764 = CARTESIAN_POINT ( 'NONE',  ( 67.34938875305628869, 4.017970660146695572, -25.00000000000000000 ) ) ;
#2765 = VECTOR ( 'NONE', #3119, 1000.000000000000000 ) ;
#2766 = EDGE_LOOP ( 'NONE', ( #4007, #5655, #3618, #6145 ) ) ;
#2767 = CARTESIAN_POINT ( 'NONE',  ( 63.84938875305628869, 4.017970660146695572, 24.10000000000000142 ) ) ;
#2768 = EDGE_LOOP ( 'NONE', ( #5582, #3000, #2325, #247, #2570, #757, #4621, #2205 ) ) ;
#2769 = ORIENTED_EDGE ( 'NONE', *, *, #1438, .F. ) ;
#2770 = DIRECTION ( 'NONE',  ( 1.000000000000000000, 0.000000000000000000, 0.000000000000000000 ) ) ;
#2771 = PLANE ( 'NONE',  #2877 ) ;
#2772 = LINE ( 'NONE', #793, #3974 ) ;
#2773 = VECTOR ( 'NONE', #299, 1000.000000000000000 ) ;
#2774 = PLANE ( 'NONE',  #1962 ) ;
#2775 = AXIS2_PLACEMENT_3D ( 'NONE', #5228, #1421, #70 ) ;
#2776 = DIRECTION ( 'NONE',  ( 0.000000000000000000, 0.000000000000000000, 1.000000000000000000 ) ) ;
#2777 = ORIENTED_EDGE ( 'NONE', *, *, #3630, .F. ) ;
#2778 = ADVANCED_FACE ( 'NONE', ( #3135 ), #682, .F. ) ;
#2779 = LINE ( 'NONE', #5, #1149 ) ;
#2780 = DIRECTION ( 'NONE',  ( 0.000000000000000000, -1.000000000000000000, 0.000000000000000000 ) ) ;
#2781 = DIRECTION ( 'NONE',  ( 0.000000000000000000, 0.000000000000000000, -1.000000000000000000 ) ) ;
#2782 = CARTESIAN_POINT ( 'NONE',  ( 68.64938875305628585, -3.782029339853310024, 6.942407052354219843 ) ) ;
#2783 = AXIS2_PLACEMENT_3D ( 'NONE', #1190, #5528, #2137 ) ;
#2784 = ORIENTED_EDGE ( 'NONE', *, *, #3217, .F. ) ;
#2785 = FACE_OUTER_BOUND ( 'NONE', #2997, .T. ) ;
#2786 = AXIS2_PLACEMENT_3D ( 'NONE', #419, #920, #862 ) ;
#2787 = DIRECTION ( 'NONE',  ( 1.000000000000000000, 0.000000000000000000, 0.000000000000000000 ) ) ;
#2788 = CARTESIAN_POINT ( 'NONE',  ( 0.3493887530562619914, 4.017970660146695572, -23.30000000000000071 ) ) ;
#2789 = EDGE_CURVE ( 'NONE', #437, #1894, #1219, .T. ) ;
#2790 = ORIENTED_EDGE ( 'NONE', *, *, #2915, .T. ) ;
#2791 = VERTEX_POINT ( 'NONE', #4995 ) ;
#2792 = VERTEX_POINT ( 'NONE', #3166 ) ;
#2793 = PLANE ( 'NONE',  #5274 ) ;
#2794 = DIRECTION ( 'NONE',  ( 0.000000000000000000, 0.000000000000000000, -1.000000000000000000 ) ) ;
#2795 = ORIENTED_EDGE ( 'NONE', *, *, #1391, .T. ) ;
#2796 = FACE_OUTER_BOUND ( 'NONE', #4686, .T. ) ;
#2797 = VERTEX_POINT ( 'NONE', #2136 ) ;
#2798 = CYLINDRICAL_SURFACE ( 'NONE', #5770, 1.000000000000000000 ) ;
#2799 = LINE ( 'NONE', #4903, #5396 ) ;
#2800 = FACE_OUTER_BOUND ( 'NONE', #887, .T. ) ;
#2801 = CARTESIAN_POINT ( 'NONE',  ( -11.05061124694374008, 5.317970660146690065, -25.00000000000000000 ) ) ;
#2802 = ORIENTED_EDGE ( 'NONE', *, *, #3302, .T. ) ;
#2803 = DIRECTION ( 'NONE',  ( -0.000000000000000000, 1.000000000000000000, 0.000000000000000000 ) ) ;
#2804 = VERTEX_POINT ( 'NONE', #5932 ) ;
#2805 = EDGE_CURVE ( 'NONE', #2424, #1218, #744, .T. ) ;
#2806 = LINE ( 'NONE', #5259, #36 ) ;
#2807 = CARTESIAN_POINT ( 'NONE',  ( -2.150611246943755273, -4.582029339853310290, 24.10000000000000142 ) ) ;
#2808 = CARTESIAN_POINT ( 'NONE',  ( 55.54969678325399940, -4.067657337583460375, -75.14999999999999147 ) ) ;
#2809 = ORIENTED_EDGE ( 'NONE', *, *, #706, .F. ) ;
#2810 = CARTESIAN_POINT ( 'NONE',  ( 66.34938875305628869, 4.017970660146695572, -23.30000000000000071 ) ) ;
#2811 = ORIENTED_EDGE ( 'NONE', *, *, #2324, .F. ) ;
#2812 = FACE_OUTER_BOUND ( 'NONE', #1265, .T. ) ;
#2813 = AXIS2_PLACEMENT_3D ( 'NONE', #1100, #3012, #3080 ) ;
#2814 = EDGE_CURVE ( 'NONE', #4665, #5824, #3576, .T. ) ;
#2815 = DIRECTION ( 'NONE',  ( 0.000000000000000000, 0.000000000000000000, -1.000000000000000000 ) ) ;
#2816 = DIRECTION ( 'NONE',  ( 0.000000000000000000, 0.000000000000000000, 1.000000000000000000 ) ) ;
#2817 = ADVANCED_FACE ( 'NONE', ( #2599 ), #5500, .F. ) ;
#2818 = AXIS2_PLACEMENT_3D ( 'NONE', #3291, #892, #5173 ) ;
#2819 = ORIENTED_EDGE ( 'NONE', *, *, #4679, .T. ) ;
#2820 = VERTEX_POINT ( 'NONE', #1686 ) ;
#2821 = LINE ( 'NONE', #1913, #2763 ) ;
#2822 = CARTESIAN_POINT ( 'NONE',  ( 63.84938875305628869, 4.017970660146695572, 22.70000000000000284 ) ) ;
#2823 = EDGE_CURVE ( 'NONE', #2759, #4311, #5089, .T. ) ;
#2824 = ORIENTED_EDGE ( 'NONE', *, *, #5983, .T. ) ;
#2825 = CARTESIAN_POINT ( 'NONE',  ( 55.85349847498640230, 2.317970660146694950, 6.277868546064289568 ) ) ;
#2826 = EDGE_LOOP ( 'NONE', ( #3133, #848, #2496, #4244 ) ) ;
#2827 = DIRECTION ( 'NONE',  ( 0.000000000000000000, 0.000000000000000000, -1.000000000000000000 ) ) ;
#2828 = FACE_OUTER_BOUND ( 'NONE', #2717, .T. ) ;
#2829 = ADVANCED_FACE ( 'NONE', ( #3668 ), #1125, .F. ) ;
#2830 = DIRECTION ( 'NONE',  ( 1.000000000000000000, 0.000000000000000000, 0.000000000000000000 ) ) ;
#2831 = DIRECTION ( 'NONE',  ( 0.000000000000000000, 1.000000000000000000, 0.000000000000000000 ) ) ;
#2832 = VERTEX_POINT ( 'NONE', #2294 ) ;
#2833 = EDGE_CURVE ( 'NONE', #490, #2290, #3296, .T. ) ;
#2834 = CARTESIAN_POINT ( 'NONE',  ( 70.94938875305629722, -7.682029339853309935, 15.54999999999999893 ) ) ;
#2835 = ORIENTED_EDGE ( 'NONE', *, *, #2517, .F. ) ;
#2836 = CARTESIAN_POINT ( 'NONE',  ( 55.54969678325399940, -4.567657337583459487, -27.69999999999999929 ) ) ;
#2837 = CARTESIAN_POINT ( 'NONE',  ( -12.75061124694371983, 4.317970660146690065, 25.00000000000000000 ) ) ;
#2838 = VECTOR ( 'NONE', #3316, 1000.000000000000000 ) ;
#2839 = LINE ( 'NONE', #1963, #5898 ) ;
#2840 = DIRECTION ( 'NONE',  ( 0.000000000000000000, 0.000000000000000000, -1.000000000000000000 ) ) ;
#2841 = VECTOR ( 'NONE', #1597, 1000.000000000000000 ) ;
#2842 = ORIENTED_EDGE ( 'NONE', *, *, #4438, .F. ) ;
#2843 = CARTESIAN_POINT ( 'NONE',  ( 67.34938875305628869, -4.782029339853309580, 18.23512053801294996 ) ) ;
#2844 = DIRECTION ( 'NONE',  ( 0.000000000000000000, 0.000000000000000000, -1.000000000000000000 ) ) ;
#2845 = ORIENTED_EDGE ( 'NONE', *, *, #3021, .T. ) ;
#2846 = CARTESIAN_POINT ( 'NONE',  ( -10.75061124694373937, -10.37295348812573970, 15.65000000000000036 ) ) ;
#2847 = DIRECTION ( 'NONE',  ( 0.000000000000000000, 1.652117596168390123E-15, -1.000000000000000000 ) ) ;
#2848 = DIRECTION ( 'NONE',  ( 0.000000000000000000, 1.000000000000000000, 0.000000000000000000 ) ) ;
#2849 = ADVANCED_FACE ( 'NONE', ( #425 ), #4206, .T. ) ;
#2850 = AXIS2_PLACEMENT_3D ( 'NONE', #6106, #4128, #4610 ) ;
#2851 = EDGE_CURVE ( 'NONE', #2008, #1476, #4646, .T. ) ;
#2852 = ORIENTED_EDGE ( 'NONE', *, *, #2454, .F. ) ;
#2853 = EDGE_CURVE ( 'NONE', #2044, #1919, #1805, .T. ) ;
#2854 = AXIS2_PLACEMENT_3D ( 'NONE', #1322, #6155, #2333 ) ;
#2855 = EDGE_CURVE ( 'NONE', #1315, #4039, #3730, .T. ) ;
#2856 = FACE_BOUND ( 'NONE', #3074, .T. ) ;
#2857 = CARTESIAN_POINT ( 'NONE',  ( 59.75442965260419470, -3.564322777930264863, 26.39999999999999858 ) ) ;
#2858 = CIRCLE ( 'NONE', #5568, 1.000000000000000000 ) ;
#2859 = ORIENTED_EDGE ( 'NONE', *, *, #4043, .T. ) ;
#2860 = VECTOR ( 'NONE', #2154, 1000.000000000000000 ) ;
#2861 = FACE_OUTER_BOUND ( 'NONE', #2665, .T. ) ;
#2862 = ORIENTED_EDGE ( 'NONE', *, *, #3436, .F. ) ;
#2863 = AXIS2_PLACEMENT_3D ( 'NONE', #649, #4015, #3635 ) ;
#2864 = LINE ( 'NONE', #4750, #4470 ) ;
#2865 = DIRECTION ( 'NONE',  ( -1.000000000000000000, 0.000000000000000000, 0.000000000000000000 ) ) ;
#2866 = FACE_OUTER_BOUND ( 'NONE', #2875, .T. ) ;
#2867 = CYLINDRICAL_SURFACE ( 'NONE', #151, 2.499999999999998668 ) ;
#2868 = CIRCLE ( 'NONE', #1759, 0.5000000000000004441 ) ;
#2869 = DIRECTION ( 'NONE',  ( 1.000000000000000000, 0.000000000000000000, 0.000000000000000000 ) ) ;
#2870 = ORIENTED_EDGE ( 'NONE', *, *, #813, .T. ) ;
#2871 = VECTOR ( 'NONE', #4100, 1000.000000000000000 ) ;
#2872 = PLANE ( 'NONE',  #5464 ) ;
#2873 = DIRECTION ( 'NONE',  ( 0.000000000000000000, 1.000000000000000000, 0.000000000000000000 ) ) ;
#2874 = LINE ( 'NONE', #1489, #4500 ) ;
#2875 = EDGE_LOOP ( 'NONE', ( #2419, #5188, #5414, #1405 ) ) ;
#2876 = EDGE_LOOP ( 'NONE', ( #1843, #3865, #4911, #2966 ) ) ;
#2877 = AXIS2_PLACEMENT_3D ( 'NONE', #291, #2218, #1762 ) ;
#2878 = DIRECTION ( 'NONE',  ( 0.000000000000000000, 0.000000000000000000, 1.000000000000000000 ) ) ;
#2879 = DIRECTION ( 'NONE',  ( 0.000000000000000000, 0.000000000000000000, -1.000000000000000000 ) ) ;
#2880 = LINE ( 'NONE', #3357, #2571 ) ;
#2881 = AXIS2_PLACEMENT_3D ( 'NONE', #5371, #4246, #947 ) ;
#2882 = FACE_BOUND ( 'NONE', #2934, .T. ) ;
#2883 = CARTESIAN_POINT ( 'NONE',  ( 47.52818463161129614, 2.317970660146694950, 8.777868546064290456 ) ) ;
#2884 = ADVANCED_FACE ( 'NONE', ( #2385 ), #6212, .F. ) ;
#2885 = CIRCLE ( 'NONE', #3191, 2.499999999999998668 ) ;
#2886 = ORIENTED_EDGE ( 'NONE', *, *, #592, .F. ) ;
#2887 = ORIENTED_EDGE ( 'NONE', *, *, #1090, .T. ) ;
#2888 = FACE_OUTER_BOUND ( 'NONE', #2477, .T. ) ;
#2889 = AXIS2_PLACEMENT_3D ( 'NONE', #5515, #225, #1606 ) ;
#2890 = DIRECTION ( 'NONE',  ( -1.000000000000000000, 0.000000000000000000, 0.000000000000000000 ) ) ;
#2891 = EDGE_CURVE ( 'NONE', #4993, #93, #1837, .T. ) ;
#2892 = EDGE_LOOP ( 'NONE', ( #3986, #624, #2845, #6018 ) ) ;
#2893 = ORIENTED_EDGE ( 'NONE', *, *, #4493, .F. ) ;
#2894 = EDGE_LOOP ( 'NONE', ( #2790, #3489, #5807, #663 ) ) ;
#2895 = DIRECTION ( 'NONE',  ( 0.000000000000000000, 0.000000000000000000, 1.000000000000000000 ) ) ;
#2896 = ORIENTED_EDGE ( 'NONE', *, *, #4976, .T. ) ;
#2897 = CARTESIAN_POINT ( 'NONE',  ( -12.45061124694374044, -10.37295348812573970, -15.65000000000000036 ) ) ;
#2898 = CYLINDRICAL_SURFACE ( 'NONE', #1363, 0.5000000000000004441 ) ;
#2899 = DIRECTION ( 'NONE',  ( 0.000000000000000000, 1.000000000000000000, 0.000000000000000000 ) ) ;
#2900 = DIRECTION ( 'NONE',  ( 0.000000000000000000, 0.000000000000000000, -1.000000000000000000 ) ) ;
#2901 = ORIENTED_EDGE ( 'NONE', *, *, #5160, .F. ) ;
#2902 = CARTESIAN_POINT ( 'NONE',  ( 65.94938875305629722, -12.68202933985330105, -27.69999999999999929 ) ) ;
#2903 = CARTESIAN_POINT ( 'NONE',  ( 65.94938875305629722, -12.68202933985330105, -25.00000000000000000 ) ) ;
#2904 = PLANE ( 'NONE',  #6097 ) ;
#2905 = EDGE_LOOP ( 'NONE', ( #1791, #1883, #2795, #3317 ) ) ;
#2906 = EDGE_CURVE ( 'NONE', #4351, #3773, #5444, .T. ) ;
#2907 = APPLICATION_PROTOCOL_DEFINITION ( 'draft international standard', 'automotive_design', 1998, #184 ) ;
#2908 = ORIENTED_EDGE ( 'NONE', *, *, #585, .T. ) ;
#2909 = DIRECTION ( 'NONE',  ( 0.000000000000000000, 1.000000000000000000, 0.000000000000000000 ) ) ;
#2910 = LINE ( 'NONE', #4833, #3255 ) ;
#2911 = CYLINDRICAL_SURFACE ( 'NONE', #3676, 1.399999999999998579 ) ;
#2912 = CARTESIAN_POINT ( 'NONE',  ( 55.85349847498640230, 4.017970660146695572, 25.00000000000000000 ) ) ;
#2913 = DIRECTION ( 'NONE',  ( 1.000000000000000000, 0.000000000000000000, 0.000000000000000000 ) ) ;
#2914 = EDGE_CURVE ( 'NONE', #3404, #4783, #3262, .T. ) ;
#2915 = EDGE_CURVE ( 'NONE', #24, #5086, #4738, .T. ) ;
#2916 = ORIENTED_EDGE ( 'NONE', *, *, #4627, .T. ) ;
#2917 = ORIENTED_EDGE ( 'NONE', *, *, #3201, .T. ) ;
#2918 = LINE ( 'NONE', #5370, #5378 ) ;
#2919 = LINE ( 'NONE', #3337, #1312 ) ;
#2920 = EDGE_LOOP ( 'NONE', ( #1575, #1378, #2955, #1502 ) ) ;
#2921 = VECTOR ( 'NONE', #714, 1000.000000000000000 ) ;
#2922 = DIRECTION ( 'NONE',  ( 0.000000000000000000, -1.000000000000000000, 0.000000000000000000 ) ) ;
#2923 = ORIENTED_EDGE ( 'NONE', *, *, #295, .T. ) ;
#2924 = CARTESIAN_POINT ( 'NONE',  ( 1.138336177318524101, 5.317970660146690065, 20.34441820468924789 ) ) ;
#2925 = FACE_OUTER_BOUND ( 'NONE', #1769, .T. ) ;
#2926 = ADVANCED_FACE ( 'NONE', ( #5613 ), #4173, .F. ) ;
#2927 = CARTESIAN_POINT ( 'NONE',  ( -13.75061124694371983, -12.68202933985330105, 25.00000000000000000 ) ) ;
#2928 = ORIENTED_EDGE ( 'NONE', *, *, #20, .T. ) ;
#2929 = EDGE_CURVE ( 'NONE', #200, #2290, #4262, .T. ) ;
#2930 = DIRECTION ( 'NONE',  ( 0.000000000000000000, 0.000000000000000000, 1.000000000000000000 ) ) ;
#2931 = CARTESIAN_POINT ( 'NONE',  ( 65.64938875305630006, -2.582029339853309846, -2.057592947645780157 ) ) ;
#2932 = EDGE_CURVE ( 'NONE', #3802, #4609, #3130, .T. ) ;
#2933 = LINE ( 'NONE', #957, #4600 ) ;
#2934 = EDGE_LOOP ( 'NONE', ( #1410, #2207, #5155, #680 ) ) ;
#2935 = AXIS2_PLACEMENT_3D ( 'NONE', #1935, #2414, #512 ) ;
#2936 = LINE ( 'NONE', #9, #313 ) ;
#2937 = ADVANCED_FACE ( 'NONE', ( #1874 ), #3330, .F. ) ;
#2938 = VERTEX_POINT ( 'NONE', #2321 ) ;
#2939 = DIRECTION ( 'NONE',  ( 1.000000000000000000, 0.000000000000000000, 0.000000000000000000 ) ) ;
#2940 = CARTESIAN_POINT ( 'NONE',  ( 67.34938875305628869, 5.317970660146669637, -5.857018755447420233 ) ) ;
#2941 = DIRECTION ( 'NONE',  ( 1.000000000000000000, 0.000000000000000000, 0.000000000000000000 ) ) ;
#2942 = FACE_OUTER_BOUND ( 'NONE', #518, .T. ) ;
#2943 = DIRECTION ( 'NONE',  ( 0.000000000000000000, 0.000000000000000000, -1.000000000000000000 ) ) ;
#2944 = ORIENTED_EDGE ( 'NONE', *, *, #2789, .F. ) ;
#2945 = AXIS2_PLACEMENT_3D ( 'NONE', #5197, #5726, #857 ) ;
#2946 = EDGE_CURVE ( 'NONE', #6062, #5277, #1372, .T. ) ;
#2947 = ORIENTED_EDGE ( 'NONE', *, *, #1884, .T. ) ;
#2948 = ORIENTED_EDGE ( 'NONE', *, *, #4253, .F. ) ;
#2949 = AXIS2_PLACEMENT_3D ( 'NONE', #5022, #1620, #5707 ) ;
#2950 = AXIS2_PLACEMENT_3D ( 'NONE', #3641, #3171, #312 ) ;
#2951 = EDGE_CURVE ( 'NONE', #1748, #1894, #6083, .T. ) ;
#2952 = DIRECTION ( 'NONE',  ( 1.000000000000000000, 0.000000000000000000, 0.000000000000000000 ) ) ;
#2953 = DIRECTION ( 'NONE',  ( 0.000000000000000000, 0.000000000000000000, 1.000000000000000000 ) ) ;
#2954 = AXIS2_PLACEMENT_3D ( 'NONE', #2004, #138, #3099 ) ;
#2955 = ORIENTED_EDGE ( 'NONE', *, *, #1828, .F. ) ;
#2956 = CARTESIAN_POINT ( 'NONE',  ( 67.34938875305628869, 0.7179706601466929738, -6.357018755447420233 ) ) ;
#2957 = LINE ( 'NONE', #3464, #2458 ) ;
#2958 = CARTESIAN_POINT ( 'NONE',  ( 77.40074519957200039, -9.782029339853300698, -15.54999999999999893 ) ) ;
#2959 = AXIS2_PLACEMENT_3D ( 'NONE', #1292, #2631, #3678 ) ;
#2960 = DIRECTION ( 'NONE',  ( 0.000000000000000000, 1.000000000000000000, 0.000000000000000000 ) ) ;
#2961 = ORIENTED_EDGE ( 'NONE', *, *, #4619, .T. ) ;
#2962 = LINE ( 'NONE', #5446, #845 ) ;
#2963 = DIRECTION ( 'NONE',  ( 1.000000000000000000, 0.000000000000000000, 0.000000000000000000 ) ) ;
#2964 = VECTOR ( 'NONE', #4471, 1000.000000000000000 ) ;
#2965 = FACE_OUTER_BOUND ( 'NONE', #3455, .T. ) ;
#2966 = ORIENTED_EDGE ( 'NONE', *, *, #2402, .F. ) ;
#2967 = VECTOR ( 'NONE', #463, 1000.000000000000000 ) ;
#2968 = EDGE_CURVE ( 'NONE', #1327, #4843, #1780, .T. ) ;
#2969 = ADVANCED_FACE ( 'NONE', ( #4675 ), #369, .F. ) ;
#2970 = AXIS2_PLACEMENT_3D ( 'NONE', #5159, #1324, #292 ) ;
#2971 = VERTEX_POINT ( 'NONE', #1466 ) ;
#2972 = DIRECTION ( 'NONE',  ( 1.000000000000000000, 0.000000000000000000, 0.000000000000000000 ) ) ;
#2973 = CARTESIAN_POINT ( 'NONE',  ( 63.84938875305628869, -4.582029339853310290, -23.30000000000000071 ) ) ;
#2974 = LINE ( 'NONE', #5863, #3772 ) ;
#2975 = DIRECTION ( 'NONE',  ( 1.387778780781445922E-16, 0.000000000000000000, 1.000000000000000000 ) ) ;
#2976 = CIRCLE ( 'NONE', #3077, 2.499999999999998668 ) ;
#2977 = ORIENTED_EDGE ( 'NONE', *, *, #2393, .T. ) ;
#2978 = ORIENTED_EDGE ( 'NONE', *, *, #4790, .T. ) ;
#2979 = VECTOR ( 'NONE', #2873, 1000.000000000000000 ) ;
#2980 = CARTESIAN_POINT ( 'NONE',  ( -2.150611246943755273, -4.582029339853310290, -24.69999999999999929 ) ) ;
#2981 = CARTESIAN_POINT ( 'NONE',  ( -12.45061124694371912, -7.372953488125739696, 15.65000000000000036 ) ) ;
#2982 = EDGE_CURVE ( 'NONE', #5776, #3518, #4427, .T. ) ;
#2983 = DIRECTION ( 'NONE',  ( 0.000000000000000000, 0.000000000000000000, -1.000000000000000000 ) ) ;
#2984 = AXIS2_PLACEMENT_3D ( 'NONE', #930, #2848, #4770 ) ;
#2985 = ORIENTED_EDGE ( 'NONE', *, *, #2731, .T. ) ;
#2986 = LINE ( 'NONE', #4440, #3843 ) ;
#2987 = AXIS2_PLACEMENT_3D ( 'NONE', #537, #988, #3814 ) ;
#2988 = CARTESIAN_POINT ( 'NONE',  ( -13.75061124694374115, -7.372953488125739696, -15.65000000000000036 ) ) ;
#2989 = LINE ( 'NONE', #2580, #2964 ) ;
#2990 = FACE_OUTER_BOUND ( 'NONE', #599, .T. ) ;
#2991 = ORIENTED_EDGE ( 'NONE', *, *, #3048, .F. ) ;
#2992 = CARTESIAN_POINT ( 'NONE',  ( 61.34938875305630290, -3.982029339853304872, -23.30000000000000071 ) ) ;
#2993 = DIRECTION ( 'NONE',  ( -1.000000000000000000, 0.000000000000000000, 9.606410117365558543E-17 ) ) ;
#2994 = CARTESIAN_POINT ( 'NONE',  ( 61.34938875305630290, 4.017970660146695572, -26.39999999999999858 ) ) ;
#2995 = ORIENTED_EDGE ( 'NONE', *, *, #43, .F. ) ;
#2996 = LINE ( 'NONE', #2524, #212 ) ;
#2997 = EDGE_LOOP ( 'NONE', ( #4013, #4136, #163, #6139, #3705, #4906 ) ) ;
#2998 = EDGE_CURVE ( 'NONE', #5093, #5962, #2868, .T. ) ;
#2999 = DIRECTION ( 'NONE',  ( 0.000000000000000000, 0.000000000000000000, -1.000000000000000000 ) ) ;
#3000 = ORIENTED_EDGE ( 'NONE', *, *, #1595, .T. ) ;
#3001 = LINE ( 'NONE', #4514, #1844 ) ;
#3002 = CARTESIAN_POINT ( 'NONE',  ( 53.06673996170920304, 5.317970660146690065, -2.951253375095765019 ) ) ;
#3003 = DIRECTION ( 'NONE',  ( 0.000000000000000000, 0.000000000000000000, 1.000000000000000000 ) ) ;
#3004 = CYLINDRICAL_SURFACE ( 'NONE', #4195, 0.5000000000000004441 ) ;
#3005 = ORIENTED_EDGE ( 'NONE', *, *, #5725, .T. ) ;
#3006 = ORIENTED_EDGE ( 'NONE', *, *, #2102, .T. ) ;
#3007 = ORIENTED_EDGE ( 'NONE', *, *, #2855, .T. ) ;
#3008 = ADVANCED_FACE ( 'NONE', ( #2442, #548, #2882, #5835 ), #612, .F. ) ;
#3009 = ADVANCED_FACE ( 'NONE', ( #2942 ), #4367, .F. ) ;
#3010 = CARTESIAN_POINT ( 'NONE',  ( -11.05061124694371877, 4.317970660146690065, 26.70000000000000284 ) ) ;
#3011 = FACE_OUTER_BOUND ( 'NONE', #6123, .T. ) ;
#3012 = DIRECTION ( 'NONE',  ( 0.000000000000000000, 1.000000000000000000, 0.000000000000000000 ) ) ;
#3013 = EDGE_LOOP ( 'NONE', ( #4259, #5697, #2494, #1150 ) ) ;
#3014 = ORIENTED_EDGE ( 'NONE', *, *, #294, .T. ) ;
#3015 = ORIENTED_EDGE ( 'NONE', *, *, #2014, .F. ) ;
#3016 = EDGE_CURVE ( 'NONE', #2438, #1349, #2503, .T. ) ;
#3017 = LINE ( 'NONE', #156, #633 ) ;
#3018 = AXIS2_PLACEMENT_3D ( 'NONE', #2328, #1946, #5779 ) ;
#3019 = LINE ( 'NONE', #3961, #951 ) ;
#3020 = CARTESIAN_POINT ( 'NONE',  ( 63.84938875305628869, -3.982029339853304872, -23.30000000000000071 ) ) ;
#3021 = EDGE_CURVE ( 'NONE', #2183, #4267, #45, .T. ) ;
#3022 = VECTOR ( 'NONE', #4292, 1000.000000000000000 ) ;
#3023 = CARTESIAN_POINT ( 'NONE',  ( -11.05061124694374008, 4.317970660146690065, -25.00000000000000000 ) ) ;
#3024 = ORIENTED_EDGE ( 'NONE', *, *, #1825, .T. ) ;
#3025 = FACE_OUTER_BOUND ( 'NONE', #4743, .T. ) ;
#3026 = LINE ( 'NONE', #1639, #4185 ) ;
#3027 = EDGE_CURVE ( 'NONE', #858, #4458, #2467, .T. ) ;
#3028 = FACE_BOUND ( 'NONE', #1668, .T. ) ;
#3029 = EDGE_CURVE ( 'NONE', #614, #6046, #6171, .T. ) ;
#3030 = ORIENTED_EDGE ( 'NONE', *, *, #4004, .T. ) ;
#3031 = CARTESIAN_POINT ( 'NONE',  ( 47.26184252009240083, 2.317970660146694950, 16.83140657344729973 ) ) ;
#3032 = ORIENTED_EDGE ( 'NONE', *, *, #3949, .F. ) ;
#3033 = ORIENTED_EDGE ( 'NONE', *, *, #3853, .T. ) ;
#3034 = SURFACE_STYLE_FILL_AREA ( #5861 ) ;
#3035 = CARTESIAN_POINT ( 'NONE',  ( 55.54969678325399940, -4.567657337583459487, -75.14999999999999147 ) ) ;
#3036 = LINE ( 'NONE', #4579, #4089 ) ;
#3037 = ORIENTED_EDGE ( 'NONE', *, *, #5602, .F. ) ;
#3038 = ORIENTED_EDGE ( 'NONE', *, *, #4736, .T. ) ;
#3039 = ORIENTED_EDGE ( 'NONE', *, *, #121, .F. ) ;
#3040 = ORIENTED_EDGE ( 'NONE', *, *, #6079, .T. ) ;
#3041 = CARTESIAN_POINT ( 'NONE',  ( 65.64938875305630006, -3.782029339853310024, 18.23512053801294996 ) ) ;
#3042 = DIRECTION ( 'NONE',  ( 0.000000000000000000, 1.000000000000000000, 0.000000000000000000 ) ) ;
#3043 = AXIS2_PLACEMENT_3D ( 'NONE', #125, #1512, #1135 ) ;
#3044 = CARTESIAN_POINT ( 'NONE',  ( -12.45061124694371912, 5.317970660146639439, 15.65000000000000036 ) ) ;
#3045 = EDGE_CURVE ( 'NONE', #944, #3404, #5307, .T. ) ;
#3046 = EDGE_CURVE ( 'NONE', #6046, #5942, #4835, .T. ) ;
#3047 = EDGE_LOOP ( 'NONE', ( #3763, #968, #5383, #5330 ) ) ;
#3048 = EDGE_CURVE ( 'NONE', #1279, #3496, #2417, .T. ) ;
#3049 = ORIENTED_EDGE ( 'NONE', *, *, #113, .F. ) ;
#3050 = AXIS2_PLACEMENT_3D ( 'NONE', #407, #880, #6189 ) ;
#3051 = CARTESIAN_POINT ( 'NONE',  ( 44.15495211150989263, 4.017970660146695572, -25.94512806027880103 ) ) ;
#3052 = CARTESIAN_POINT ( 'NONE',  ( 65.64938875305630006, -4.782029339853309580, 11.23512053801293931 ) ) ;
#3053 = CARTESIAN_POINT ( 'NONE',  ( 69.94938875305629722, -9.782029339853300698, 9.449999999999999289 ) ) ;
#3054 = AXIS2_PLACEMENT_3D ( 'NONE', #3483, #1179, #4920 ) ;
#3055 = CARTESIAN_POINT ( 'NONE',  ( 68.64938875305628585, -7.682029339853309935, -9.449999999999999289 ) ) ;
#3056 = ORIENTED_EDGE ( 'NONE', *, *, #1361, .T. ) ;
#3057 = VECTOR ( 'NONE', #4603, 1000.000000000000000 ) ;
#3058 = DIRECTION ( 'NONE',  ( -1.000000000000000000, 0.000000000000000000, 0.000000000000000000 ) ) ;
#3059 = FACE_OUTER_BOUND ( 'NONE', #5719, .T. ) ;
#3060 = DIRECTION ( 'NONE',  ( 1.000000000000000000, 0.000000000000000000, 0.000000000000000000 ) ) ;
#3061 = EDGE_CURVE ( 'NONE', #1591, #2797, #4333, .T. ) ;
#3062 = VECTOR ( 'NONE', #409, 1000.000000000000000 ) ;
#3063 = VERTEX_POINT ( 'NONE', #4863 ) ;
#3064 = CARTESIAN_POINT ( 'NONE',  ( 43.00876143713070121, 2.317970660146694950, -13.45125337509577967 ) ) ;
#3065 = EDGE_LOOP ( 'NONE', ( #5841, #3951, #5309, #3674 ) ) ;
#3066 = VECTOR ( 'NONE', #2737, 1000.000000000000000 ) ;
#3067 = DIRECTION ( 'NONE',  ( 0.000000000000000000, 0.000000000000000000, 1.000000000000000000 ) ) ;
#3068 = FACE_BOUND ( 'NONE', #4391, .T. ) ;
#3069 = VECTOR ( 'NONE', #5312, 1000.000000000000000 ) ;
#3070 = DIRECTION ( 'NONE',  ( 0.000000000000000000, 1.000000000000000000, 0.000000000000000000 ) ) ;
#3071 = EDGE_CURVE ( 'NONE', #4483, #4918, #2974, .T. ) ;
#3072 = EDGE_CURVE ( 'NONE', #2200, #4783, #580, .T. ) ;
#3073 = AXIS2_PLACEMENT_3D ( 'NONE', #3886, #140, #3003 ) ;
#3074 = EDGE_LOOP ( 'NONE', ( #5522, #3257 ) ) ;
#3075 = EDGE_LOOP ( 'NONE', ( #3759, #2265, #1917, #5996 ) ) ;
#3076 = ORIENTED_EDGE ( 'NONE', *, *, #2805, .T. ) ;
#3077 = AXIS2_PLACEMENT_3D ( 'NONE', #5202, #1329, #2251 ) ;
#3078 = DIRECTION ( 'NONE',  ( 0.000000000000000000, 0.000000000000000000, 1.000000000000000000 ) ) ;
#3079 = FACE_OUTER_BOUND ( 'NONE', #3704, .T. ) ;
#3080 = DIRECTION ( 'NONE',  ( 0.000000000000000000, 0.000000000000000000, 1.000000000000000000 ) ) ;
#3081 = ORIENTED_EDGE ( 'NONE', *, *, #5256, .F. ) ;
#3082 = VECTOR ( 'NONE', #6125, 1000.000000000000000 ) ;
#3083 = ORIENTED_EDGE ( 'NONE', *, *, #282, .F. ) ;
#3084 = ORIENTED_EDGE ( 'NONE', *, *, #873, .F. ) ;
#3085 = CARTESIAN_POINT ( 'NONE',  ( 44.13833617731850012, 4.017970660146695572, 20.34441820468924789 ) ) ;
#3086 = CARTESIAN_POINT ( 'NONE',  ( 60.25442965260419470, -3.564322777930264863, 26.39999999999999858 ) ) ;
#3087 = AXIS2_PLACEMENT_3D ( 'NONE', #2232, #1751, #5431 ) ;
#3088 = FACE_OUTER_BOUND ( 'NONE', #5210, .T. ) ;
#3089 = VECTOR ( 'NONE', #5925, 1000.000000000000000 ) ;
#3090 = CARTESIAN_POINT ( 'NONE',  ( 65.94938875305629722, -4.567657337583459487, -27.69999999999999929 ) ) ;
#3091 = ORIENTED_EDGE ( 'NONE', *, *, #2929, .F. ) ;
#3092 = EDGE_CURVE ( 'NONE', #200, #614, #1091, .T. ) ;
#3093 = CARTESIAN_POINT ( 'NONE',  ( 1.138336177318524101, 2.317970660146694950, 20.34441820468924789 ) ) ;
#3094 = DIRECTION ( 'NONE',  ( 1.000000000000000000, 0.000000000000000000, 0.000000000000000000 ) ) ;
#3095 = FACE_OUTER_BOUND ( 'NONE', #1369, .T. ) ;
#3096 = CIRCLE ( 'NONE', #5800, 0.5000000000000073275 ) ;
#3097 = ORIENTED_EDGE ( 'NONE', *, *, #4987, .T. ) ;
#3098 = DIRECTION ( 'NONE',  ( 0.000000000000000000, 0.000000000000000000, -1.000000000000000000 ) ) ;
#3099 = DIRECTION ( 'NONE',  ( 0.000000000000000000, 0.000000000000000000, -1.000000000000000000 ) ) ;
#3100 = DIRECTION ( 'NONE',  ( 0.000000000000000000, 1.000000000000000000, 0.000000000000000000 ) ) ;
#3101 = DIRECTION ( 'NONE',  ( 0.000000000000000000, 0.000000000000000000, -1.000000000000000000 ) ) ;
#3102 = ORIENTED_EDGE ( 'NONE', *, *, #907, .T. ) ;
#3103 = ORIENTED_EDGE ( 'NONE', *, *, #3174, .F. ) ;
#3104 = ORIENTED_EDGE ( 'NONE', *, *, #4524, .T. ) ;
#3105 = ORIENTED_EDGE ( 'NONE', *, *, #5889, .T. ) ;
#3106 = EDGE_CURVE ( 'NONE', #5275, #1827, #1431, .T. ) ;
#3107 = CARTESIAN_POINT ( 'NONE',  ( 66.64938875305630006, -10.08346369748242033, 3.149999999999999911 ) ) ;
#3108 = DIRECTION ( 'NONE',  ( 0.000000000000000000, 1.000000000000000000, 0.000000000000000000 ) ) ;
#3109 = CARTESIAN_POINT ( 'NONE',  ( 47.52818463161129614, -1.682029339853305050, 8.777868546064290456 ) ) ;
#3110 = EDGE_CURVE ( 'NONE', #3549, #3902, #5279, .T. ) ;
#3111 = ORIENTED_EDGE ( 'NONE', *, *, #5181, .T. ) ;
#3112 = CARTESIAN_POINT ( 'NONE',  ( 55.54969678325399940, -3.064322777930264863, -75.14999999999999147 ) ) ;
#3113 = CARTESIAN_POINT ( 'NONE',  ( 44.15495211150989263, 2.317970660146694950, -20.14512806027880032 ) ) ;
#3114 = DIRECTION ( 'NONE',  ( 0.000000000000000000, 0.000000000000000000, 1.000000000000000000 ) ) ;
#3115 = CARTESIAN_POINT ( 'NONE',  ( 67.34938875305628869, -1.582029339853310068, 25.00000000000000000 ) ) ;
#3116 = VERTEX_POINT ( 'NONE', #3849 ) ;
#3117 = CARTESIAN_POINT ( 'NONE',  ( 59.75442965260419470, -4.567657337583459487, -75.14999999999999147 ) ) ;
#3118 = DIRECTION ( 'NONE',  ( 0.000000000000000000, 0.000000000000000000, 1.000000000000000000 ) ) ;
#3119 = DIRECTION ( 'NONE',  ( -1.000000000000000000, 0.000000000000000000, 0.000000000000000000 ) ) ;
#3120 = DIRECTION ( 'NONE',  ( -1.000000000000000000, 0.000000000000000000, 0.000000000000000000 ) ) ;
#3121 = AXIS2_PLACEMENT_3D ( 'NONE', #786, #2697, #4625 ) ;
#3122 = EDGE_CURVE ( 'NONE', #578, #911, #3150, .T. ) ;
#3123 = ORIENTED_EDGE ( 'NONE', *, *, #1635, .T. ) ;
#3124 = DIRECTION ( 'NONE',  ( 0.000000000000000000, 0.000000000000000000, 1.000000000000000000 ) ) ;
#3125 = VERTEX_POINT ( 'NONE', #5630 ) ;
#3126 = EDGE_CURVE ( 'NONE', #2096, #4351, #4123, .T. ) ;
#3127 = FACE_OUTER_BOUND ( 'NONE', #4197, .T. ) ;
#3128 = DIRECTION ( 'NONE',  ( 0.000000000000000000, 1.000000000000000000, 0.000000000000000000 ) ) ;
#3129 = CARTESIAN_POINT ( 'NONE',  ( 65.94938875305629722, 5.317970660146690065, 26.70000000000000284 ) ) ;
#3130 = CIRCLE ( 'NONE', #2497, 0.9999999999999991118 ) ;
#3131 = ORIENTED_EDGE ( 'NONE', *, *, #3061, .T. ) ;
#3132 = ORIENTED_EDGE ( 'NONE', *, *, #3851, .T. ) ;
#3133 = ORIENTED_EDGE ( 'NONE', *, *, #4124, .F. ) ;
#3134 = ORIENTED_EDGE ( 'NONE', *, *, #3670, .T. ) ;
#3135 = FACE_OUTER_BOUND ( 'NONE', #467, .T. ) ;
#3136 = DIRECTION ( 'NONE',  ( 0.000000000000000000, 0.000000000000000000, 1.000000000000000000 ) ) ;
#3137 = DIRECTION ( 'NONE',  ( 1.000000000000000000, 0.000000000000000000, 0.000000000000000000 ) ) ;
#3138 = ORIENTED_EDGE ( 'NONE', *, *, #1084, .T. ) ;
#3139 = ORIENTED_EDGE ( 'NONE', *, *, #3126, .T. ) ;
#3140 = EDGE_CURVE ( 'NONE', #5551, #4142, #353, .T. ) ;
#3141 = CARTESIAN_POINT ( 'NONE',  ( 63.84938875305628869, 4.017970660146695572, 20.19999999999999929 ) ) ;
#3142 = VECTOR ( 'NONE', #4250, 1000.000000000000000 ) ;
#3143 = CARTESIAN_POINT ( 'NONE',  ( 65.64938875305630006, 0.2179706601466920024, -18.85701875544739892 ) ) ;
#3144 = CARTESIAN_POINT ( 'NONE',  ( -10.75061124694373937, -3.958100679666319621, -20.00000000000000000 ) ) ;
#3145 = CIRCLE ( 'NONE', #4457, 0.5000000000000004441 ) ;
#3146 = LINE ( 'NONE', #2672, #428 ) ;
#3147 = EDGE_LOOP ( 'NONE', ( #5516, #1589, #2312, #3845 ) ) ;
#3148 = CYLINDRICAL_SURFACE ( 'NONE', #1048, 1.000000000000000888 ) ;
#3149 = FACE_OUTER_BOUND ( 'NONE', #3941, .T. ) ;
#3150 = LINE ( 'NONE', #2677, #4881 ) ;
#3151 = VECTOR ( 'NONE', #2708, 1000.000000000000000 ) ;
#3152 = DIRECTION ( 'NONE',  ( 0.000000000000000000, -1.000000000000000000, 0.000000000000000000 ) ) ;
#3153 = AXIS2_PLACEMENT_3D ( 'NONE', #3250, #3189, #734 ) ;
#3154 = FACE_OUTER_BOUND ( 'NONE', #6110, .T. ) ;
#3155 = EDGE_LOOP ( 'NONE', ( #3037, #214, #4574, #400, #4073, #2726, #3083, #2353 ) ) ;
#3156 = ORIENTED_EDGE ( 'NONE', *, *, #5468, .T. ) ;
#3157 = DIRECTION ( 'NONE',  ( -9.606410117365558543E-17, 0.000000000000000000, 1.000000000000000000 ) ) ;
#3158 = DIRECTION ( 'NONE',  ( 1.000000000000000000, 0.000000000000000000, 0.000000000000000000 ) ) ;
#3159 = CARTESIAN_POINT ( 'NONE',  ( 63.84938875305628869, -4.582029339853310290, 22.70000000000000284 ) ) ;
#3160 = CIRCLE ( 'NONE', #1250, 1.399999999999998579 ) ;
#3161 = EDGE_CURVE ( 'NONE', #5671, #1376, #2640, .T. ) ;
#3162 = VECTOR ( 'NONE', #1956, 1000.000000000000000 ) ;
#3163 = ORIENTED_EDGE ( 'NONE', *, *, #1284, .T. ) ;
#3164 = EDGE_LOOP ( 'NONE', ( #4956, #6118, #1145, #3015 ) ) ;
#3165 = VECTOR ( 'NONE', #2545, 1000.000000000000000 ) ;
#3166 = CARTESIAN_POINT ( 'NONE',  ( 68.64938875305628585, 0.2179706601466920024, -5.857018755447420233 ) ) ;
#3167 = DIRECTION ( 'NONE',  ( 0.000000000000000000, -1.000000000000000000, 0.000000000000000000 ) ) ;
#3168 = CIRCLE ( 'NONE', #1262, 1.399999999999998579 ) ;
#3169 = EDGE_LOOP ( 'NONE', ( #4778, #1809, #256, #6216 ) ) ;
#3170 = ORIENTED_EDGE ( 'NONE', *, *, #5540, .F. ) ;
#3171 = DIRECTION ( 'NONE',  ( 0.000000000000000000, 1.000000000000000000, 0.000000000000000000 ) ) ;
#3172 = EDGE_CURVE ( 'NONE', #2615, #477, #2772, .T. ) ;
#3173 = CARTESIAN_POINT ( 'NONE',  ( 61.34938875305630290, -3.982029339853304872, 26.39999999999999858 ) ) ;
#3174 = EDGE_CURVE ( 'NONE', #1085, #582, #3595, .T. ) ;
#3175 = DIRECTION ( 'NONE',  ( 0.000000000000000000, 0.000000000000000000, -1.000000000000000000 ) ) ;
#3176 = VECTOR ( 'NONE', #4506, 1000.000000000000000 ) ;
#3177 = ORIENTED_EDGE ( 'NONE', *, *, #1692, .F. ) ;
#3178 = DIRECTION ( 'NONE',  ( 0.000000000000000000, 0.000000000000000000, 1.000000000000000000 ) ) ;
#3179 = ORIENTED_EDGE ( 'NONE', *, *, #3621, .T. ) ;
#3180 = VECTOR ( 'NONE', #3042, 1000.000000000000000 ) ;
#3181 = DIRECTION ( 'NONE',  ( 0.000000000000000000, -1.000000000000000000, 0.000000000000000000 ) ) ;
#3182 = DIRECTION ( 'NONE',  ( 1.000000000000000000, 0.000000000000000000, 0.000000000000000000 ) ) ;
#3183 = CARTESIAN_POINT ( 'NONE',  ( -11.05061124694371877, 4.017970660146695572, 20.34441820468924789 ) ) ;
#3184 = CYLINDRICAL_SURFACE ( 'NONE', #5670, 1.000000000000000888 ) ;
#3185 = CIRCLE ( 'NONE', #73, 2.000000000000000000 ) ;
#3186 = EDGE_CURVE ( 'NONE', #1187, #2168, #4569, .T. ) ;
#3187 = DIRECTION ( 'NONE',  ( 0.000000000000000000, 0.000000000000000000, 1.000000000000000000 ) ) ;
#3188 = ORIENTED_EDGE ( 'NONE', *, *, #5335, .F. ) ;
#3189 = DIRECTION ( 'NONE',  ( 0.000000000000000000, -1.000000000000000000, 0.000000000000000000 ) ) ;
#3190 = LINE ( 'NONE', #418, #6078 ) ;
#3191 = AXIS2_PLACEMENT_3D ( 'NONE', #5864, #517, #488 ) ;
#3192 = LINE ( 'NONE', #2343, #3992 ) ;
#3193 = ORIENTED_EDGE ( 'NONE', *, *, #219, .F. ) ;
#3194 = VECTOR ( 'NONE', #2718, 1000.000000000000000 ) ;
#3195 = ORIENTED_EDGE ( 'NONE', *, *, #3863, .F. ) ;
#3196 = DIRECTION ( 'NONE',  ( 0.000000000000000000, 0.000000000000000000, 1.000000000000000000 ) ) ;
#3197 = ORIENTED_EDGE ( 'NONE', *, *, #1028, .F. ) ;
#3198 = ORIENTED_EDGE ( 'NONE', *, *, #1173, .F. ) ;
#3199 = DIRECTION ( 'NONE',  ( 0.000000000000000000, 0.000000000000000000, -1.000000000000000000 ) ) ;
#3200 = LINE ( 'NONE', #5614, #4190 ) ;
#3201 = EDGE_CURVE ( 'NONE', #5218, #5033, #2188, .T. ) ;
#3202 = ORIENTED_EDGE ( 'NONE', *, *, #6143, .F. ) ;
#3203 = ADVANCED_FACE ( 'NONE', ( #2734 ), #821, .F. ) ;
#3204 = ORIENTED_EDGE ( 'NONE', *, *, #697, .F. ) ;
#3205 = LINE ( 'NONE', #1937, #1041 ) ;
#3206 = EDGE_CURVE ( 'NONE', #1614, #5868, #3623, .T. ) ;
#3207 = DIRECTION ( 'NONE',  ( 0.000000000000000000, -1.000000000000000000, 0.000000000000000000 ) ) ;
#3208 = CARTESIAN_POINT ( 'NONE',  ( 67.34938875305628869, -3.782029339853310024, 6.942407052354219843 ) ) ;
#3209 = EDGE_CURVE ( 'NONE', #3977, #1215, #4606, .T. ) ;
#3210 = ADVANCED_FACE ( 'NONE', ( #3688, #5036, #1233, #2703 ), #1732, .T. ) ;
#3211 = DIRECTION ( 'NONE',  ( 1.000000000000000000, 0.000000000000000000, 0.000000000000000000 ) ) ;
#3212 = ORIENTED_EDGE ( 'NONE', *, *, #178, .T. ) ;
#3213 = CARTESIAN_POINT ( 'NONE',  ( -11.05061124694371877, -12.68202933985330105, 25.00000000000000000 ) ) ;
#3214 = LINE ( 'NONE', #352, #1073 ) ;
#3215 = DIRECTION ( 'NONE',  ( 0.000000000000000000, 0.000000000000000000, -1.000000000000000000 ) ) ;
#3216 = DIRECTION ( 'NONE',  ( 0.000000000000000000, 0.000000000000000000, -1.000000000000000000 ) ) ;
#3217 = EDGE_CURVE ( 'NONE', #4205, #1849, #5777, .T. ) ;
#3218 = EDGE_CURVE ( 'NONE', #34, #809, #4155, .T. ) ;
#3219 = CYLINDRICAL_SURFACE ( 'NONE', #3448, 0.5000000000000004441 ) ;
#3220 = ORIENTED_EDGE ( 'NONE', *, *, #3771, .T. ) ;
#3221 = EDGE_CURVE ( 'NONE', #1784, #5275, #4193, .T. ) ;
#3222 = LINE ( 'NONE', #5077, #1443 ) ;
#3223 = CARTESIAN_POINT ( 'NONE',  ( 44.13833617731850012, 2.317970660146694950, 20.34441820468924789 ) ) ;
#3224 = CIRCLE ( 'NONE', #3526, 0.5000000000000004441 ) ;
#3225 = CARTESIAN_POINT ( 'NONE',  ( 59.75442965260419470, -4.067657337583460375, -75.14999999999999147 ) ) ;
#3226 = ORIENTED_EDGE ( 'NONE', *, *, #787, .F. ) ;
#3227 = EDGE_LOOP ( 'NONE', ( #4402, #5971, #4957, #976 ) ) ;
#3228 = ORIENTED_EDGE ( 'NONE', *, *, #4437, .F. ) ;
#3229 = DIRECTION ( 'NONE',  ( 1.000000000000000000, 0.000000000000000000, 0.000000000000000000 ) ) ;
#3230 = DIRECTION ( 'NONE',  ( 0.000000000000000000, 1.000000000000000000, 0.000000000000000000 ) ) ;
#3231 = EDGE_LOOP ( 'NONE', ( #1413, #5264, #2528, #4050 ) ) ;
#3232 = VERTEX_POINT ( 'NONE', #1795 ) ;
#3233 = LINE ( 'NONE', #2355, #2173 ) ;
#3234 = PLANE ( 'NONE',  #2225 ) ;
#3235 = VECTOR ( 'NONE', #4769, 1000.000000000000000 ) ;
#3236 = ADVANCED_FACE ( 'NONE', ( #3716 ), #1763, .F. ) ;
#3237 = ADVANCED_FACE ( 'NONE', ( #3244 ), #852, .T. ) ;
#3238 = VERTEX_POINT ( 'NONE', #2366 ) ;
#3239 = VECTOR ( 'NONE', #455, 1000.000000000000000 ) ;
#3240 = CARTESIAN_POINT ( 'NONE',  ( 60.25442965260419470, -3.564322777930264863, -75.14999999999999147 ) ) ;
#3241 = ORIENTED_EDGE ( 'NONE', *, *, #4804, .T. ) ;
#3242 = CARTESIAN_POINT ( 'NONE',  ( 67.34938875305628869, -12.68202933985330105, 25.00000000000000000 ) ) ;
#3243 = LINE ( 'NONE', #6036, #3284 ) ;
#3244 = FACE_OUTER_BOUND ( 'NONE', #1223, .T. ) ;
#3245 = DIRECTION ( 'NONE',  ( 0.000000000000000000, 0.000000000000000000, 1.000000000000000000 ) ) ;
#3246 = VECTOR ( 'NONE', #2086, 1000.000000000000000 ) ;
#3247 = LINE ( 'NONE', #952, #628 ) ;
#3248 = ORIENTED_EDGE ( 'NONE', *, *, #2855, .F. ) ;
#3249 = VECTOR ( 'NONE', #191, 1000.000000000000000 ) ;
#3250 = CARTESIAN_POINT ( 'NONE',  ( -2.150611246943755273, 4.017970660146695572, 22.70000000000000284 ) ) ;
#3251 = DIRECTION ( 'NONE',  ( 1.000000000000000000, 0.000000000000000000, 0.000000000000000000 ) ) ;
#3252 = ADVANCED_FACE ( 'NONE', ( #3313 ), #656, .T. ) ;
#3253 = CYLINDRICAL_SURFACE ( 'NONE', #1283, 1.399999999999998579 ) ;
#3254 = CARTESIAN_POINT ( 'NONE',  ( 65.94938875305629722, -12.68202933985330105, -26.39999999999999858 ) ) ;
#3255 = VECTOR ( 'NONE', #545, 1000.000000000000000 ) ;
#3256 = ORIENTED_EDGE ( 'NONE', *, *, #3593, .F. ) ;
#3257 = ORIENTED_EDGE ( 'NONE', *, *, #4856, .F. ) ;
#3258 = ORIENTED_EDGE ( 'NONE', *, *, #4336, .T. ) ;
#3259 = EDGE_CURVE ( 'NONE', #3391, #4118, #5659, .T. ) ;
#3260 = ADVANCED_FACE ( 'NONE', ( #2800 ), #3744, .F. ) ;
#3261 = VECTOR ( 'NONE', #3532, 1000.000000000000000 ) ;
#3262 = LINE ( 'NONE', #929, #3235 ) ;
#3263 = CARTESIAN_POINT ( 'NONE',  ( 51.06673996170919594, 2.317970660146694950, -16.45125337509579566 ) ) ;
#3264 = VECTOR ( 'NONE', #5157, 1000.000000000000000 ) ;
#3265 = ORIENTED_EDGE ( 'NONE', *, *, #4558, .F. ) ;
#3266 = ORIENTED_EDGE ( 'NONE', *, *, #1203, .F. ) ;
#3267 = ORIENTED_EDGE ( 'NONE', *, *, #651, .F. ) ;
#3268 = VECTOR ( 'NONE', #3585, 999.9999999999998863 ) ;
#3269 = LINE ( 'NONE', #6184, #3373 ) ;
#3270 = AXIS2_PLACEMENT_3D ( 'NONE', #492, #5341, #1503 ) ;
#3271 = DIRECTION ( 'NONE',  ( 0.000000000000000000, 0.000000000000000000, 1.000000000000000000 ) ) ;
#3272 = EDGE_LOOP ( 'NONE', ( #5348, #5406, #2193, #4900 ) ) ;
#3273 = AXIS2_PLACEMENT_3D ( 'NONE', #2069, #3982, #5899 ) ;
#3274 = VERTEX_POINT ( 'NONE', #5722 ) ;
#3275 = CARTESIAN_POINT ( 'NONE',  ( -11.05061124694371877, 5.317970660146690065, 26.39999999999999858 ) ) ;
#3276 = ORIENTED_EDGE ( 'NONE', *, *, #6198, .T. ) ;
#3277 = ORIENTED_EDGE ( 'NONE', *, *, #4046, .F. ) ;
#3278 = DIRECTION ( 'NONE',  ( 0.000000000000000000, 0.000000000000000000, 1.000000000000000000 ) ) ;
#3279 = CARTESIAN_POINT ( 'NONE',  ( 41.00876143713075095, 4.017970660146695572, -10.95125337509577967 ) ) ;
#3280 = CARTESIAN_POINT ( 'NONE',  ( 70.24228197186970135, -9.489136121039839722, -9.449999999999999289 ) ) ;
#3281 = AXIS2_PLACEMENT_3D ( 'NONE', #2563, #3128, #269 ) ;
#3282 = CARTESIAN_POINT ( 'NONE',  ( 63.84938875305628869, 4.017970660146695572, -23.30000000000000071 ) ) ;
#3283 = EDGE_CURVE ( 'NONE', #4814, #655, #5974, .T. ) ;
#3284 = VECTOR ( 'NONE', #1297, 1000.000000000000000 ) ;
#3285 = CYLINDRICAL_SURFACE ( 'NONE', #2945, 2.517942532974349223 ) ;
#3286 = ORIENTED_EDGE ( 'NONE', *, *, #5405, .F. ) ;
#3287 = PLANE ( 'NONE',  #2754 ) ;
#3288 = CARTESIAN_POINT ( 'NONE',  ( 65.64938875305630006, -4.282029339853305139, -18.85701875544739892 ) ) ;
#3289 = CARTESIAN_POINT ( 'NONE',  ( 55.54969678325399940, -4.567657337583459487, 27.69999999999999929 ) ) ;
#3290 = ORIENTED_EDGE ( 'NONE', *, *, #4140, .F. ) ;
#3291 = CARTESIAN_POINT ( 'NONE',  ( 63.84938875305628869, 4.017970660146695572, -23.30000000000000071 ) ) ;
#3292 = VECTOR ( 'NONE', #5708, 1000.000000000000000 ) ;
#3293 = EDGE_LOOP ( 'NONE', ( #4273, #774, #1951, #6080 ) ) ;
#3294 = LINE ( 'NONE', #867, #1427 ) ;
#3295 = AXIS2_PLACEMENT_3D ( 'NONE', #966, #1499, #3915 ) ;
#3296 = LINE ( 'NONE', #458, #233 ) ;
#3297 = DIRECTION ( 'NONE',  ( 1.000000000000000000, 0.000000000000000000, 0.000000000000000000 ) ) ;
#3298 = ADVANCED_FACE ( 'NONE', ( #5252 ), #2898, .F. ) ;
#3299 = PRODUCT ( '\X2\540e\X0\8.0', '\X2\540e\X0\8.0', '', ( #132 ) ) ;
#3300 = ORIENTED_EDGE ( 'NONE', *, *, #4544, .T. ) ;
#3301 = ORIENTED_EDGE ( 'NONE', *, *, #3682, .F. ) ;
#3302 = EDGE_CURVE ( 'NONE', #6012, #3931, #3375, .T. ) ;
#3303 = EDGE_LOOP ( 'NONE', ( #4823, #68 ) ) ;
#3304 = DIRECTION ( 'NONE',  ( 1.000000000000000000, 0.000000000000000000, -4.038158615950355110E-16 ) ) ;
#3305 = EDGE_CURVE ( 'NONE', #4133, #5576, #948, .T. ) ;
#3306 = CARTESIAN_POINT ( 'NONE',  ( 57.06673996170920304, 4.017970660146695572, -8.951253375095769016 ) ) ;
#3307 = ORIENTED_EDGE ( 'NONE', *, *, #432, .T. ) ;
#3308 = ORIENTED_EDGE ( 'NONE', *, *, #5651, .T. ) ;
#3309 = DIRECTION ( 'NONE',  ( 0.000000000000000000, -1.000000000000000000, 0.000000000000000000 ) ) ;
#3310 = ORIENTED_EDGE ( 'NONE', *, *, #378, .F. ) ;
#3311 = CARTESIAN_POINT ( 'NONE',  ( 41.00876143713075095, 5.317970660146690065, -10.95125337509577967 ) ) ;
#3312 = DIRECTION ( 'NONE',  ( -1.000000000000000000, 0.000000000000000000, 1.387778780781445922E-16 ) ) ;
#3313 = FACE_OUTER_BOUND ( 'NONE', #2753, .T. ) ;
#3314 = CARTESIAN_POINT ( 'NONE',  ( -4.650611246943759269, -3.982029339853304872, 22.70000000000000284 ) ) ;
#3315 = EDGE_CURVE ( 'NONE', #5277, #923, #442, .T. ) ;
#3316 = DIRECTION ( 'NONE',  ( 0.000000000000000000, 0.000000000000000000, -1.000000000000000000 ) ) ;
#3317 = ORIENTED_EDGE ( 'NONE', *, *, #3046, .F. ) ;
#3318 = FACE_OUTER_BOUND ( 'NONE', #3811, .T. ) ;
#3319 = CARTESIAN_POINT ( 'NONE',  ( 27.44938875305625103, 5.317970660146690065, 10.77786854606430111 ) ) ;
#3320 = DIRECTION ( 'NONE',  ( 0.000000000000000000, 0.000000000000000000, 1.000000000000000000 ) ) ;
#3321 = ADVANCED_FACE ( 'NONE', ( #2866 ), #1823, .F. ) ;
#3322 = ORIENTED_EDGE ( 'NONE', *, *, #4838, .F. ) ;
#3323 = PLANE ( 'NONE',  #1411 ) ;
#3324 = ADVANCED_FACE ( 'NONE', ( #5289 ), #1416, .F. ) ;
#3325 = EDGE_CURVE ( 'NONE', #805, #2096, #3168, .T. ) ;
#3326 = VERTEX_POINT ( 'NONE', #3280 ) ;
#3327 = LINE ( 'NONE', #422, #2139 ) ;
#3328 = VECTOR ( 'NONE', #3430, 1000.000000000000000 ) ;
#3329 = DIRECTION ( 'NONE',  ( 0.000000000000000000, -1.000000000000000000, 0.000000000000000000 ) ) ;
#3330 = PLANE ( 'NONE',  #791 ) ;
#3331 = LINE ( 'NONE', #2295, #1375 ) ;
#3332 = ORIENTED_EDGE ( 'NONE', *, *, #4340, .F. ) ;
#3333 = AXIS2_PLACEMENT_3D ( 'NONE', #2172, #3907, #3386 ) ;
#3334 = VERTEX_POINT ( 'NONE', #412 ) ;
#3335 = VERTEX_POINT ( 'NONE', #4752 ) ;
#3336 = DIRECTION ( 'NONE',  ( 0.000000000000000000, 0.000000000000000000, 1.000000000000000000 ) ) ;
#3337 = CARTESIAN_POINT ( 'NONE',  ( -11.05061124694371877, 4.017970660146695572, 26.39999999999999858 ) ) ;
#3338 = ORIENTED_EDGE ( 'NONE', *, *, #3372, .F. ) ;
#3339 = ORIENTED_EDGE ( 'NONE', *, *, #4679, .F. ) ;
#3340 = FACE_OUTER_BOUND ( 'NONE', #3799, .T. ) ;
#3341 = ORIENTED_EDGE ( 'NONE', *, *, #504, .T. ) ;
#3342 = CIRCLE ( 'NONE', #6138, 0.5000000000000004441 ) ;
#3343 = CARTESIAN_POINT ( 'NONE',  ( -2.150611246943755273, -3.982029339853304872, -23.30000000000000071 ) ) ;
#3344 = PLANE ( 'NONE',  #2286 ) ;
#3345 = CARTESIAN_POINT ( 'NONE',  ( 51.06673996170919594, 2.317970660146694950, -15.95125337509580099 ) ) ;
#3346 = LINE ( 'NONE', #26, #6068 ) ;
#3347 = DIRECTION ( 'NONE',  ( 0.000000000000000000, -1.000000000000000000, 0.000000000000000000 ) ) ;
#3348 = CARTESIAN_POINT ( 'NONE',  ( -2.150611246943755273, -4.582029339853310290, -23.30000000000000071 ) ) ;
#3349 = LINE ( 'NONE', #2462, #3381 ) ;
#3350 = AXIS2_PLACEMENT_3D ( 'NONE', #1272, #2706, #325 ) ;
#3351 = CARTESIAN_POINT ( 'NONE',  ( -11.05061124694371877, 4.017970660146695572, 10.77786854606430111 ) ) ;
#3352 = ORIENTED_EDGE ( 'NONE', *, *, #3016, .F. ) ;
#3353 = LINE ( 'NONE', #4799, #1117 ) ;
#3354 = ORIENTED_EDGE ( 'NONE', *, *, #1660, .T. ) ;
#3355 = CARTESIAN_POINT ( 'NONE',  ( 65.64938875305630006, -1.582029339853310068, 11.23512053801293931 ) ) ;
#3356 = CARTESIAN_POINT ( 'NONE',  ( -13.75061124694374115, -1.958100679666324950, -20.00000000000000000 ) ) ;
#3357 = CARTESIAN_POINT ( 'NONE',  ( -12.45061124694371912, 5.317970660146690065, 25.00000000000000000 ) ) ;
#3358 = CARTESIAN_POINT ( 'NONE',  ( 67.34938875305628869, -7.237112297184710386, 25.00000000000000000 ) ) ;
#3359 = DIRECTION ( 'NONE',  ( 0.000000000000000000, 1.000000000000000000, 0.000000000000000000 ) ) ;
#3360 = EDGE_CURVE ( 'NONE', #4490, #5953, #2335, .T. ) ;
#3361 = CIRCLE ( 'NONE', #3153, 1.399999999999998579 ) ;
#3362 = ORIENTED_EDGE ( 'NONE', *, *, #3409, .T. ) ;
#3363 = VERTEX_POINT ( 'NONE', #2470 ) ;
#3364 = CIRCLE ( 'NONE', #5368, 2.499999999999998668 ) ;
#3365 = CARTESIAN_POINT ( 'NONE',  ( 55.85349847498640230, 4.017970660146695572, 6.777868546064289568 ) ) ;
#3366 = DIRECTION ( 'NONE',  ( 0.000000000000000000, 0.000000000000000000, 1.000000000000000000 ) ) ;
#3367 = CIRCLE ( 'NONE', #5875, 2.499999999999998668 ) ;
#3368 = VERTEX_POINT ( 'NONE', #4299 ) ;
#3369 = VECTOR ( 'NONE', #4348, 1000.000000000000000 ) ;
#3370 = LINE ( 'NONE', #5718, #4754 ) ;
#3371 = ORIENTED_EDGE ( 'NONE', *, *, #1060, .F. ) ;
#3372 = EDGE_CURVE ( 'NONE', #1591, #126, #1167, .T. ) ;
#3373 = VECTOR ( 'NONE', #3734, 1000.000000000000000 ) ;
#3374 = DIRECTION ( 'NONE',  ( 0.000000000000000000, 1.000000000000000000, 0.000000000000000000 ) ) ;
#3375 = LINE ( 'NONE', #5194, #262 ) ;
#3376 = DIRECTION ( 'NONE',  ( 1.000000000000000000, 0.000000000000000000, 0.000000000000000000 ) ) ;
#3377 = AXIS2_PLACEMENT_3D ( 'NONE', #5603, #1298, #3215 ) ;
#3378 = FACE_OUTER_BOUND ( 'NONE', #2451, .T. ) ;
#3379 = EDGE_CURVE ( 'NONE', #2760, #2562, #2032, .T. ) ;
#3380 = VERTEX_POINT ( 'NONE', #3820 ) ;
#3381 = VECTOR ( 'NONE', #1488, 1000.000000000000000 ) ;
#3382 = CARTESIAN_POINT ( 'NONE',  ( 51.06673996170919594, 2.317970660146694950, -15.45125337509579921 ) ) ;
#3383 = DIRECTION ( 'NONE',  ( 0.000000000000000000, 1.000000000000000000, 0.000000000000000000 ) ) ;
#3384 = FACE_OUTER_BOUND ( 'NONE', #10, .T. ) ;
#3385 = ORIENTED_EDGE ( 'NONE', *, *, #4042, .F. ) ;
#3386 = DIRECTION ( 'NONE',  ( 1.000000000000000000, 0.000000000000000000, 0.000000000000000000 ) ) ;
#3387 = VERTEX_POINT ( 'NONE', #3393 ) ;
#3388 = VECTOR ( 'NONE', #3094, 1000.000000000000000 ) ;
#3389 = VERTEX_POINT ( 'NONE', #3884 ) ;
#3390 = DIRECTION ( 'NONE',  ( 0.000000000000000000, -1.000000000000000000, 0.000000000000000000 ) ) ;
#3391 = VERTEX_POINT ( 'NONE', #5234 ) ;
#3392 = CARTESIAN_POINT ( 'NONE',  ( 68.64938875305628585, -4.782029339853309580, 5.942407052354219843 ) ) ;
#3393 = CARTESIAN_POINT ( 'NONE',  ( -13.75061124694371983, 4.317970660146690065, 25.00000000000000000 ) ) ;
#3394 = CARTESIAN_POINT ( 'NONE',  ( 63.84938875305628869, -4.582029339853310290, -23.30000000000000071 ) ) ;
#3395 = CARTESIAN_POINT ( 'NONE',  ( 65.94938875305629722, 5.317970660146690065, -27.69999999999999929 ) ) ;
#3396 = ORIENTED_EDGE ( 'NONE', *, *, #5636, .T. ) ;
#3397 = LINE ( 'NONE', #1592, #5574 ) ;
#3398 = AXIS2_PLACEMENT_3D ( 'NONE', #602, #2189, #3534 ) ;
#3399 = CYLINDRICAL_SURFACE ( 'NONE', #3018, 1.000000000000000888 ) ;
#3400 = EDGE_CURVE ( 'NONE', #3380, #72, #2880, .T. ) ;
#3401 = ORIENTED_EDGE ( 'NONE', *, *, #4412, .F. ) ;
#3402 = EDGE_CURVE ( 'NONE', #4888, #4827, #3944, .T. ) ;
#3403 = EDGE_CURVE ( 'NONE', #6010, #5138, #5267, .T. ) ;
#3404 = VERTEX_POINT ( 'NONE', #5834 ) ;
#3405 = CARTESIAN_POINT ( 'NONE',  ( 69.53517519068319075, -9.782029339853300698, 15.54999999999999893 ) ) ;
#3406 = ORIENTED_EDGE ( 'NONE', *, *, #5773, .T. ) ;
#3407 = DIRECTION ( 'NONE',  ( 0.000000000000000000, 0.000000000000000000, 1.000000000000000000 ) ) ;
#3408 = CARTESIAN_POINT ( 'NONE',  ( -11.05061124694374008, 5.317970660146690065, -25.00000000000000000 ) ) ;
#3409 = EDGE_CURVE ( 'NONE', #1151, #2699, #579, .T. ) ;
#3410 = CARTESIAN_POINT ( 'NONE',  ( 63.84938875305628869, 4.017970660146695572, -24.69999999999999929 ) ) ;
#3411 = ORIENTED_EDGE ( 'NONE', *, *, #5009, .F. ) ;
#3412 = DIRECTION ( 'NONE',  ( 0.000000000000000000, 0.000000000000000000, 1.000000000000000000 ) ) ;
#3413 = DIRECTION ( 'NONE',  ( 0.000000000000000000, 1.000000000000000000, 0.000000000000000000 ) ) ;
#3414 = DIRECTION ( 'NONE',  ( 0.000000000000000000, -1.000000000000000000, 1.445602896647340100E-15 ) ) ;
#3415 = EDGE_CURVE ( 'NONE', #4546, #283, #4893, .T. ) ;
#3416 = ORIENTED_EDGE ( 'NONE', *, *, #5276, .F. ) ;
#3417 = ADVANCED_FACE ( 'NONE', ( #13, #515 ), #486, .F. ) ;
#3418 = EDGE_LOOP ( 'NONE', ( #2525, #81, #3479, #891 ) ) ;
#3419 = CARTESIAN_POINT ( 'NONE',  ( 65.64938875305630006, 0.7179706601466929738, -18.35701875544739892 ) ) ;
#3420 = ORIENTED_EDGE ( 'NONE', *, *, #702, .F. ) ;
#3421 = FACE_OUTER_BOUND ( 'NONE', #1116, .T. ) ;
#3422 = DIRECTION ( 'NONE',  ( 0.000000000000000000, -1.000000000000000000, 0.000000000000000000 ) ) ;
#3423 = DIRECTION ( 'NONE',  ( 0.000000000000000000, 0.000000000000000000, -1.000000000000000000 ) ) ;
#3424 = DIRECTION ( 'NONE',  ( 0.000000000000000000, 0.000000000000000000, -1.000000000000000000 ) ) ;
#3425 = ORIENTED_EDGE ( 'NONE', *, *, #3851, .F. ) ;
#3426 = ORIENTED_EDGE ( 'NONE', *, *, #2982, .T. ) ;
#3427 = ORIENTED_EDGE ( 'NONE', *, *, #1634, .T. ) ;
#3428 = CARTESIAN_POINT ( 'NONE',  ( 51.06673996170919594, 5.317970660146690065, -1.451253375095766129 ) ) ;
#3429 = VECTOR ( 'NONE', #1787, 1000.000000000000000 ) ;
#3430 = DIRECTION ( 'NONE',  ( 0.000000000000000000, 1.000000000000000000, 0.000000000000000000 ) ) ;
#3431 = ORIENTED_EDGE ( 'NONE', *, *, #3515, .T. ) ;
#3432 = ORIENTED_EDGE ( 'NONE', *, *, #2661, .T. ) ;
#3433 = CARTESIAN_POINT ( 'NONE',  ( 43.00876143713070121, 2.317970660146694950, -12.95125337509577967 ) ) ;
#3434 = DIRECTION ( 'NONE',  ( -1.000000000000000000, 0.000000000000000000, 0.000000000000000000 ) ) ;
#3435 = PLANE ( 'NONE',  #652 ) ;
#3436 = EDGE_CURVE ( 'NONE', #2096, #805, #4681, .T. ) ;
#3437 = EDGE_CURVE ( 'NONE', #2523, #708, #5862, .T. ) ;
#3438 = CARTESIAN_POINT ( 'NONE',  ( 55.54969678325399940, -3.564322777930264863, 26.39999999999999858 ) ) ;
#3439 = ORIENTED_EDGE ( 'NONE', *, *, #1355, .T. ) ;
#3440 = CARTESIAN_POINT ( 'NONE',  ( 67.34938875305628869, -7.237112297184710386, -3.149999999999999911 ) ) ;
#3441 = CARTESIAN_POINT ( 'NONE',  ( 45.00876143713070121, 5.317970660146690065, -16.45125337509579566 ) ) ;
#3442 = LINE ( 'NONE', #3905, #5100 ) ;
#3443 = ORIENTED_EDGE ( 'NONE', *, *, #5471, .F. ) ;
#3444 = CARTESIAN_POINT ( 'NONE',  ( 0.000000000000000000, 0.000000000000000000, 0.000000000000000000 ) ) ;
#3445 = ORIENTED_EDGE ( 'NONE', *, *, #3568, .F. ) ;
#3446 = CARTESIAN_POINT ( 'NONE',  ( 68.64938875305628585, 4.317970660146690065, -25.00000000000000000 ) ) ;
#3447 = ADVANCED_FACE ( 'NONE', ( #5306 ), #6210, .F. ) ;
#3448 = AXIS2_PLACEMENT_3D ( 'NONE', #1178, #2740, #1705 ) ;
#3449 = FACE_OUTER_BOUND ( 'NONE', #3293, .T. ) ;
#3450 = CARTESIAN_POINT ( 'NONE',  ( 67.34938875305628869, 5.317970660146690065, 19.23512053801294996 ) ) ;
#3451 = DIRECTION ( 'NONE',  ( 0.000000000000000000, 0.000000000000000000, 1.000000000000000000 ) ) ;
#3452 = LINE ( 'NONE', #5363, #1881 ) ;
#3453 = PRODUCT_DEFINITION_SHAPE ( 'NONE', 'NONE',  #6211 ) ;
#3454 = ORIENTED_EDGE ( 'NONE', *, *, #5927, .T. ) ;
#3455 = EDGE_LOOP ( 'NONE', ( #235, #3076, #4424, #5814 ) ) ;
#3456 = VECTOR ( 'NONE', #3711, 1000.000000000000000 ) ;
#3457 = CARTESIAN_POINT ( 'NONE',  ( 55.54969678325399940, -4.567657337583459487, 27.69999999999999929 ) ) ;
#3458 = CARTESIAN_POINT ( 'NONE',  ( 47.52818463161129614, -1.682029339853305050, 8.777868546064290456 ) ) ;
#3459 = CYLINDRICAL_SURFACE ( 'NONE', #3724, 0.5000000000000073275 ) ;
#3460 = VECTOR ( 'NONE', #104, 1000.000000000000000 ) ;
#3461 = ORIENTED_EDGE ( 'NONE', *, *, #4404, .T. ) ;
#3462 = ORIENTED_EDGE ( 'NONE', *, *, #698, .T. ) ;
#3463 = DIRECTION ( 'NONE',  ( 0.000000000000000000, 0.000000000000000000, -1.000000000000000000 ) ) ;
#3464 = CARTESIAN_POINT ( 'NONE',  ( -13.75061124694374115, -7.372953488125739696, 9.350000000000001421 ) ) ;
#3465 = VECTOR ( 'NONE', #6034, 1000.000000000000000 ) ;
#3466 = CARTESIAN_POINT ( 'NONE',  ( 65.94938875305629722, -3.982029339853304872, -26.39999999999999858 ) ) ;
#3467 = ADVANCED_FACE ( 'NONE', ( #2005 ), #2911, .F. ) ;
#3468 = CIRCLE ( 'NONE', #5072, 0.5000000000000004441 ) ;
#3469 = DIRECTION ( 'NONE',  ( 0.000000000000000000, -1.000000000000000000, 0.000000000000000000 ) ) ;
#3470 = VERTEX_POINT ( 'NONE', #2383 ) ;
#3471 = PLANE ( 'NONE',  #2053 ) ;
#3472 = PLANE ( 'NONE',  #271 ) ;
#3473 = CARTESIAN_POINT ( 'NONE',  ( 66.34938875305628869, 4.017970660146695572, -26.34164078649984830 ) ) ;
#3474 = ORIENTED_EDGE ( 'NONE', *, *, #3929, .F. ) ;
#3475 = VECTOR ( 'NONE', #4840, 1000.000000000000000 ) ;
#3476 = EDGE_CURVE ( 'NONE', #3274, #5763, #3847, .T. ) ;
#3477 = ADVANCED_FACE ( 'NONE', ( #1556 ), #928, .T. ) ;
#3478 = VECTOR ( 'NONE', #1524, 1000.000000000000000 ) ;
#3479 = ORIENTED_EDGE ( 'NONE', *, *, #2603, .T. ) ;
#3480 = DIRECTION ( 'NONE',  ( 0.000000000000000000, -1.000000000000000000, 0.000000000000000000 ) ) ;
#3481 = ORIENTED_EDGE ( 'NONE', *, *, #3437, .T. ) ;
#3482 = ORIENTED_EDGE ( 'NONE', *, *, #16, .T. ) ;
#3483 = CARTESIAN_POINT ( 'NONE',  ( 47.52818463161129614, 2.317970660146694950, 14.84922043697280181 ) ) ;
#3484 = FACE_BOUND ( 'NONE', #5987, .T. ) ;
#3485 = CARTESIAN_POINT ( 'NONE',  ( 45.00876143713070121, 2.317970660146694950, -15.95125337509580099 ) ) ;
#3486 = CARTESIAN_POINT ( 'NONE',  ( -12.45061124694374044, 5.317970660146690065, -20.00000000000000000 ) ) ;
#3487 = EDGE_CURVE ( 'NONE', #4415, #1058, #105, .T. ) ;
#3488 = ORIENTED_EDGE ( 'NONE', *, *, #2982, .F. ) ;
#3489 = ORIENTED_EDGE ( 'NONE', *, *, #1825, .F. ) ;
#3490 = ORIENTED_EDGE ( 'NONE', *, *, #4083, .F. ) ;
#3491 = ADVANCED_FACE ( 'NONE', ( #5740 ), #1429, .F. ) ;
#3492 = CARTESIAN_POINT ( 'NONE',  ( 61.34938875305630290, -3.982029339853304872, -26.39999999999999858 ) ) ;
#3493 = DIRECTION ( 'NONE',  ( -8.024708101613479802E-32, -1.000000000000000000, -5.782411586589360597E-16 ) ) ;
#3494 = DIRECTION ( 'NONE',  ( 1.000000000000000000, 0.000000000000000000, 0.000000000000000000 ) ) ;
#3495 = ORIENTED_EDGE ( 'NONE', *, *, #6174, .T. ) ;
#3496 = VERTEX_POINT ( 'NONE', #5043 ) ;
#3497 = DIRECTION ( 'NONE',  ( 0.000000000000000000, 1.000000000000000000, 0.000000000000000000 ) ) ;
#3498 = EDGE_CURVE ( 'NONE', #76, #5322, #2099, .T. ) ;
#3499 = LINE ( 'NONE', #3926, #2167 ) ;
#3500 = DIRECTION ( 'NONE',  ( 1.000000000000000000, 0.000000000000000000, 0.000000000000000000 ) ) ;
#3501 = CARTESIAN_POINT ( 'NONE',  ( 55.85349847498640230, 5.317970660146690065, 0.000000000000000000 ) ) ;
#3502 = EDGE_LOOP ( 'NONE', ( #2003, #3134, #5120, #630 ) ) ;
#3503 = DIRECTION ( 'NONE',  ( 1.000000000000000000, 0.000000000000000000, 0.000000000000000000 ) ) ;
#3504 = CARTESIAN_POINT ( 'NONE',  ( 68.64938875305628585, -2.582029339853309846, 18.23512053801294996 ) ) ;
#3505 = CARTESIAN_POINT ( 'NONE',  ( 47.52818463161129614, 5.317970660146690065, 6.777868546064289568 ) ) ;
#3506 = ADVANCED_FACE ( 'NONE', ( #3981, #3068, #5897, #3484, #5519, #4986, #1586, #4921, #1181, #4454, #4577, #3600 ), #1679, .T. ) ;
#3507 = VERTEX_POINT ( 'NONE', #3539 ) ;
#3508 = CARTESIAN_POINT ( 'NONE',  ( 67.64938875305628585, 5.317970660146690065, 25.00000000000000000 ) ) ;
#3509 = ORIENTED_EDGE ( 'NONE', *, *, #4485, .F. ) ;
#3510 = ORIENTED_EDGE ( 'NONE', *, *, #1622, .T. ) ;
#3511 = DIRECTION ( 'NONE',  ( 0.000000000000000000, 1.000000000000000000, 0.000000000000000000 ) ) ;
#3512 = CARTESIAN_POINT ( 'NONE',  ( -10.75061124694373937, -7.372953488125739696, 15.65000000000000036 ) ) ;
#3513 = ADVANCED_FACE ( 'NONE', ( #672 ), #704, .F. ) ;
#3514 = DIRECTION ( 'NONE',  ( 0.000000000000000000, -1.000000000000000000, 0.000000000000000000 ) ) ;
#3515 = EDGE_CURVE ( 'NONE', #4251, #1748, #640, .T. ) ;
#3516 = ADVANCED_FACE ( 'NONE', ( #1209 ), #611, .T. ) ;
#3517 = EDGE_LOOP ( 'NONE', ( #1397, #2802, #4110, #4268 ) ) ;
#3518 = VERTEX_POINT ( 'NONE', #1647 ) ;
#3519 = ORIENTED_EDGE ( 'NONE', *, *, #4749, .F. ) ;
#3520 = CARTESIAN_POINT ( 'NONE',  ( 65.94938875305629722, -3.064322777930264863, -27.69999999999999929 ) ) ;
#3521 = DIRECTION ( 'NONE',  ( -0.000000000000000000, 1.000000000000000000, 0.000000000000000000 ) ) ;
#3522 = DIRECTION ( 'NONE',  ( 0.000000000000000000, 0.000000000000000000, -1.000000000000000000 ) ) ;
#3523 = EDGE_LOOP ( 'NONE', ( #2681, #3179, #3024, #3537, #4643, #2961, #5567, #5606 ) ) ;
#3524 = ORIENTED_EDGE ( 'NONE', *, *, #1234, .T. ) ;
#3525 = CARTESIAN_POINT ( 'NONE',  ( -2.150611246943755273, -4.582029339853310290, 22.70000000000000284 ) ) ;
#3526 = AXIS2_PLACEMENT_3D ( 'NONE', #4115, #3271, #4654 ) ;
#3527 = CARTESIAN_POINT ( 'NONE',  ( 65.64938875305630006, -4.782029339853309580, 5.942407052354219843 ) ) ;
#3528 = LINE ( 'NONE', #3928, #854 ) ;
#3529 = CARTESIAN_POINT ( 'NONE',  ( 68.64938875305628585, -7.237112297184710386, -3.149999999999999911 ) ) ;
#3530 = ORIENTED_EDGE ( 'NONE', *, *, #4791, .T. ) ;
#3531 = EDGE_CURVE ( 'NONE', #437, #4251, #6014, .T. ) ;
#3532 = DIRECTION ( 'NONE',  ( 0.000000000000000000, 0.000000000000000000, -1.000000000000000000 ) ) ;
#3533 = DIRECTION ( 'NONE',  ( 0.000000000000000000, 1.000000000000000000, 0.000000000000000000 ) ) ;
#3534 = DIRECTION ( 'NONE',  ( 0.000000000000000000, 0.000000000000000000, -1.000000000000000000 ) ) ;
#3535 = ORIENTED_EDGE ( 'NONE', *, *, #4619, .F. ) ;
#3536 = CARTESIAN_POINT ( 'NONE',  ( 66.34938875305628869, 4.017970660146695572, 22.70000000000000284 ) ) ;
#3537 = ORIENTED_EDGE ( 'NONE', *, *, #304, .T. ) ;
#3538 = LINE ( 'NONE', #4984, #4258 ) ;
#3539 = CARTESIAN_POINT ( 'NONE',  ( -2.150611246943755273, 4.017970660146695572, 21.30000000000000071 ) ) ;
#3540 = CARTESIAN_POINT ( 'NONE',  ( 63.84938875305628869, 4.017970660146695572, 22.70000000000000284 ) ) ;
#3541 = EDGE_LOOP ( 'NONE', ( #4057, #3156, #1136, #1544 ) ) ;
#3542 = VERTEX_POINT ( 'NONE', #1147 ) ;
#3543 = EDGE_CURVE ( 'NONE', #5750, #2339, #2592, .T. ) ;
#3544 = CARTESIAN_POINT ( 'NONE',  ( 1.154952111509895962, 5.317970660146690065, -25.94512806027880103 ) ) ;
#3545 = CARTESIAN_POINT ( 'NONE',  ( -12.45061124694371912, -10.37295348812573970, 15.65000000000000036 ) ) ;
#3546 = TOROIDAL_SURFACE ( 'NONE', #2041, 1.699999999999999956, 1.000000000000000000 ) ;
#3547 = PLANE ( 'NONE',  #206 ) ;
#3548 = VERTEX_POINT ( 'NONE', #204 ) ;
#3549 = VERTEX_POINT ( 'NONE', #5395 ) ;
#3550 = VECTOR ( 'NONE', #5473, 1000.000000000000000 ) ;
#3551 = DIRECTION ( 'NONE',  ( 0.000000000000000000, 0.000000000000000000, -1.000000000000000000 ) ) ;
#3552 = CARTESIAN_POINT ( 'NONE',  ( -2.150611246943755273, -3.982029339853304872, 22.70000000000000284 ) ) ;
#3553 = CARTESIAN_POINT ( 'NONE',  ( 53.06673996170920304, 5.317970660146690065, -13.45125337509577967 ) ) ;
#3554 = VECTOR ( 'NONE', #1088, 1000.000000000000000 ) ;
#3555 = CARTESIAN_POINT ( 'NONE',  ( 53.06673996170920304, 4.017970660146695572, -12.95125337509577967 ) ) ;
#3556 = ORIENTED_EDGE ( 'NONE', *, *, #318, .F. ) ;
#3557 = AXIS2_PLACEMENT_3D ( 'NONE', #1993, #4388, #1604 ) ;
#3558 = CARTESIAN_POINT ( 'NONE',  ( 63.84938875305628869, -4.582029339853310290, -21.89999999999999858 ) ) ;
#3559 = LINE ( 'NONE', #2612, #3176 ) ;
#3560 = CARTESIAN_POINT ( 'NONE',  ( 68.64938875305628585, 5.317970660146690065, 25.00000000000000000 ) ) ;
#3561 = VECTOR ( 'NONE', #89, 1000.000000000000000 ) ;
#3562 = EDGE_CURVE ( 'NONE', #1934, #1290, #2129, .T. ) ;
#3563 = ORIENTED_EDGE ( 'NONE', *, *, #4589, .T. ) ;
#3564 = DIRECTION ( 'NONE',  ( -1.000000000000000000, 0.000000000000000000, 0.000000000000000000 ) ) ;
#3565 = AXIS2_PLACEMENT_3D ( 'NONE', #659, #218, #4937 ) ;
#3566 = LINE ( 'NONE', #174, #3460 ) ;
#3567 = DIRECTION ( 'NONE',  ( 0.000000000000000000, 1.000000000000000000, 0.000000000000000000 ) ) ;
#3568 = EDGE_CURVE ( 'NONE', #1436, #2424, #4036, .T. ) ;
#3569 = CIRCLE ( 'NONE', #3270, 0.5000000000000004441 ) ;
#3570 = FACE_BOUND ( 'NONE', #3303, .T. ) ;
#3571 = VECTOR ( 'NONE', #5269, 1000.000000000000000 ) ;
#3572 = ORIENTED_EDGE ( 'NONE', *, *, #2968, .T. ) ;
#3573 = VERTEX_POINT ( 'NONE', #3002 ) ;
#3574 = ORIENTED_EDGE ( 'NONE', *, *, #4801, .T. ) ;
#3575 = AXIS2_PLACEMENT_3D ( 'NONE', #4010, #5457, #4951 ) ;
#3576 = LINE ( 'NONE', #3544, #2719 ) ;
#3577 = CARTESIAN_POINT ( 'NONE',  ( 0.3493887530562465038, 4.017970660146695572, 22.70000000000000284 ) ) ;
#3578 = DIRECTION ( 'NONE',  ( 0.000000000000000000, 0.000000000000000000, -1.000000000000000000 ) ) ;
#3579 = VECTOR ( 'NONE', #224, 1000.000000000000000 ) ;
#3580 = ORIENTED_EDGE ( 'NONE', *, *, #4027, .F. ) ;
#3581 = EDGE_LOOP ( 'NONE', ( #3697, #3006, #6071, #3923 ) ) ;
#3582 = DIRECTION ( 'NONE',  ( 0.000000000000000000, -1.000000000000000000, 0.000000000000000000 ) ) ;
#3583 = DIRECTION ( 'NONE',  ( -1.000000000000000000, 0.000000000000000000, 1.387778780781445922E-16 ) ) ;
#3584 = AXIS2_PLACEMENT_3D ( 'NONE', #6022, #3167, #4960 ) ;
#3585 = DIRECTION ( 'NONE',  ( -0.7071067811865420216, -0.7071067811865531239, 0.000000000000000000 ) ) ;
#3586 = EDGE_CURVE ( 'NONE', #4874, #2028, #4540, .T. ) ;
#3587 = EDGE_LOOP ( 'NONE', ( #1338, #5240, #6026, #4362 ) ) ;
#3588 = EDGE_CURVE ( 'NONE', #2044, #3633, #1976, .T. ) ;
#3589 = AXIS2_PLACEMENT_3D ( 'NONE', #3225, #2711, #2252 ) ;
#3590 = FACE_OUTER_BOUND ( 'NONE', #2892, .T. ) ;
#3591 = ORIENTED_EDGE ( 'NONE', *, *, #5712, .F. ) ;
#3592 = DIRECTION ( 'NONE',  ( 0.000000000000000000, 0.000000000000000000, 1.000000000000000000 ) ) ;
#3593 = EDGE_CURVE ( 'NONE', #5310, #1282, #5422, .T. ) ;
#3594 = LINE ( 'NONE', #5513, #5389 ) ;
#3595 = LINE ( 'NONE', #3183, #2567 ) ;
#3596 = DIRECTION ( 'NONE',  ( 0.000000000000000000, 0.000000000000000000, -1.000000000000000000 ) ) ;
#3597 = ORIENTED_EDGE ( 'NONE', *, *, #430, .T. ) ;
#3598 = CARTESIAN_POINT ( 'NONE',  ( 45.00876143713070121, 2.317970660146694950, -15.45125337509579921 ) ) ;
#3599 = FACE_OUTER_BOUND ( 'NONE', #3878, .T. ) ;
#3600 = FACE_OUTER_BOUND ( 'NONE', #3523, .T. ) ;
#3601 = DIRECTION ( 'NONE',  ( 0.000000000000000000, -1.000000000000000000, 0.000000000000000000 ) ) ;
#3602 = ADVANCED_FACE ( 'NONE', ( #5982 ), #3694, .F. ) ;
#3603 = ORIENTED_EDGE ( 'NONE', *, *, #2358, .T. ) ;
#3604 = EDGE_LOOP ( 'NONE', ( #4467, #2893 ) ) ;
#3605 = EDGE_LOOP ( 'NONE', ( #1238, #1217, #3081, #740 ) ) ;
#3606 = EDGE_LOOP ( 'NONE', ( #3681, #1409, #2026, #2388 ) ) ;
#3607 = CARTESIAN_POINT ( 'NONE',  ( 0.3493887530562465038, 4.017970660146695572, 26.39999999999999858 ) ) ;
#3608 = DIRECTION ( 'NONE',  ( 0.000000000000000000, 1.000000000000000000, 0.000000000000000000 ) ) ;
#3609 = DIRECTION ( 'NONE',  ( 0.000000000000000000, 0.000000000000000000, 1.000000000000000000 ) ) ;
#3610 = ORIENTED_EDGE ( 'NONE', *, *, #3543, .F. ) ;
#3611 = ORIENTED_EDGE ( 'NONE', *, *, #2092, .T. ) ;
#3612 = DIRECTION ( 'NONE',  ( 1.387778780781445922E-16, 0.000000000000000000, 1.000000000000000000 ) ) ;
#3613 = DIRECTION ( 'NONE',  ( 0.000000000000000000, 1.000000000000000000, 0.000000000000000000 ) ) ;
#3614 = DIRECTION ( 'NONE',  ( 1.000000000000000000, 0.000000000000000000, 0.000000000000000000 ) ) ;
#3615 = AXIS2_PLACEMENT_3D ( 'NONE', #814, #2725, #3175 ) ;
#3616 = AXIS2_PLACEMENT_3D ( 'NONE', #3795, #6176, #1400 ) ;
#3617 = CARTESIAN_POINT ( 'NONE',  ( 63.84938875305628869, -3.982029339853304872, 25.19999999999999929 ) ) ;
#3618 = ORIENTED_EDGE ( 'NONE', *, *, #4432, .F. ) ;
#3619 = VERTEX_POINT ( 'NONE', #1241 ) ;
#3620 = CARTESIAN_POINT ( 'NONE',  ( 68.64938875305628585, 5.317970660146690065, 25.00000000000000000 ) ) ;
#3621 = EDGE_CURVE ( 'NONE', #182, #4892, #6042, .T. ) ;
#3622 = DIRECTION ( 'NONE',  ( 0.000000000000000000, -1.000000000000000000, 0.000000000000000000 ) ) ;
#3623 = LINE ( 'NONE', #4660, #4071 ) ;
#3624 = DIRECTION ( 'NONE',  ( 0.000000000000000000, 1.000000000000000000, 0.000000000000000000 ) ) ;
#3625 = CARTESIAN_POINT ( 'NONE',  ( 51.06673996170919594, 5.317970660146690065, -0.9512533750957660184 ) ) ;
#3626 = ORIENTED_EDGE ( 'NONE', *, *, #2097, .T. ) ;
#3627 = DIRECTION ( 'NONE',  ( 0.000000000000000000, -1.000000000000000000, 5.782411586589360597E-16 ) ) ;
#3628 = CARTESIAN_POINT ( 'NONE',  ( 65.94938875305629722, 4.317970660146690065, -25.00000000000000000 ) ) ;
#3629 = CARTESIAN_POINT ( 'NONE',  ( 61.34938875305630290, -3.982029339853304872, -26.39999999999999858 ) ) ;
#3630 = EDGE_CURVE ( 'NONE', #878, #4665, #1305, .T. ) ;
#3631 = ORIENTED_EDGE ( 'NONE', *, *, #4025, .T. ) ;
#3632 = VERTEX_POINT ( 'NONE', #3723 ) ;
#3633 = VERTEX_POINT ( 'NONE', #4224 ) ;
#3634 = EDGE_CURVE ( 'NONE', #5713, #137, #1708, .T. ) ;
#3635 = DIRECTION ( 'NONE',  ( 0.000000000000000000, 0.000000000000000000, -1.000000000000000000 ) ) ;
#3636 = CARTESIAN_POINT ( 'NONE',  ( 47.52818463161129614, 4.017970660146695572, 12.34922043697280181 ) ) ;
#3637 = FACE_OUTER_BOUND ( 'NONE', #4572, .T. ) ;
#3638 = CIRCLE ( 'NONE', #4545, 2.000000000000001776 ) ;
#3639 = ORIENTED_EDGE ( 'NONE', *, *, #2814, .T. ) ;
#3640 = ORIENTED_EDGE ( 'NONE', *, *, #5666, .T. ) ;
#3641 = CARTESIAN_POINT ( 'NONE',  ( -2.150611246943755273, -3.982029339853304872, 22.70000000000000284 ) ) ;
#3642 = CIRCLE ( 'NONE', #1133, 0.5000000000000004441 ) ;
#3643 = DIRECTION ( 'NONE',  ( 0.000000000000000000, -1.000000000000000000, 0.000000000000000000 ) ) ;
#3644 = CARTESIAN_POINT ( 'NONE',  ( -11.05061124694371877, 4.317970660146690065, 27.69999999999999929 ) ) ;
#3645 = CIRCLE ( 'NONE', #5459, 2.700000000000001066 ) ;
#3646 = ORIENTED_EDGE ( 'NONE', *, *, #752, .T. ) ;
#3647 = DIRECTION ( 'NONE',  ( 0.000000000000000000, 0.000000000000000000, 1.000000000000000000 ) ) ;
#3648 = DIRECTION ( 'NONE',  ( -1.000000000000000000, 0.000000000000000000, 0.000000000000000000 ) ) ;
#3649 = DIRECTION ( 'NONE',  ( 0.000000000000000000, 0.000000000000000000, 1.000000000000000000 ) ) ;
#3650 = CIRCLE ( 'NONE', #2850, 2.499999999999998668 ) ;
#3651 = CARTESIAN_POINT ( 'NONE',  ( -12.45061124694371912, 5.317970660146690065, 20.00000000000000000 ) ) ;
#3652 = AXIS2_PLACEMENT_3D ( 'NONE', #31, #4287, #448 ) ;
#3653 = FACE_OUTER_BOUND ( 'NONE', #1975, .T. ) ;
#3654 = ORIENTED_EDGE ( 'NONE', *, *, #1492, .T. ) ;
#3655 = CARTESIAN_POINT ( 'NONE',  ( -12.45061124694374044, 4.017970660146695572, -25.00000000000000000 ) ) ;
#3656 = DIRECTION ( 'NONE',  ( 0.000000000000000000, 1.000000000000000000, 0.000000000000000000 ) ) ;
#3657 = CARTESIAN_POINT ( 'NONE',  ( 45.00876143713070121, 4.017970660146695572, -0.4512533750957660184 ) ) ;
#3658 = ADVANCED_FACE ( 'NONE', ( #5608 ), #5638, .F. ) ;
#3659 = CIRCLE ( 'NONE', #2959, 2.499999999999998668 ) ;
#3660 = ADVANCED_FACE ( 'NONE', ( #1742, #2745 ), #4698, .T. ) ;
#3661 = EDGE_CURVE ( 'NONE', #2339, #2412, #4611, .T. ) ;
#3662 = AXIS2_PLACEMENT_3D ( 'NONE', #4943, #3624, #3717 ) ;
#3663 = ORIENTED_EDGE ( 'NONE', *, *, #3754, .T. ) ;
#3664 = DIRECTION ( 'NONE',  ( 0.000000000000000000, 1.000000000000000000, 0.000000000000000000 ) ) ;
#3665 = EDGE_LOOP ( 'NONE', ( #3727, #5114, #1691, #180 ) ) ;
#3666 = AXIS2_PLACEMENT_3D ( 'NONE', #6140, #897, #3229 ) ;
#3667 = CIRCLE ( 'NONE', #959, 2.499999999999998668 ) ;
#3668 = FACE_OUTER_BOUND ( 'NONE', #2527, .T. ) ;
#3669 = CARTESIAN_POINT ( 'NONE',  ( 55.85349847498640230, 4.017970660146695572, 16.83140657344729973 ) ) ;
#3670 = EDGE_CURVE ( 'NONE', #3116, #5750, #1269, .T. ) ;
#3671 = AXIS2_PLACEMENT_3D ( 'NONE', #997, #2471, #4455 ) ;
#3672 = EDGE_CURVE ( 'NONE', #4918, #773, #6073, .T. ) ;
#3673 = ORIENTED_EDGE ( 'NONE', *, *, #1892, .T. ) ;
#3674 = ORIENTED_EDGE ( 'NONE', *, *, #2450, .F. ) ;
#3675 = EDGE_LOOP ( 'NONE', ( #4098, #1186, #5075, #4492 ) ) ;
#3676 = AXIS2_PLACEMENT_3D ( 'NONE', #1972, #3422, #2502 ) ;
#3677 = LINE ( 'NONE', #5833, #1643 ) ;
#3678 = DIRECTION ( 'NONE',  ( 0.000000000000000000, 0.000000000000000000, -1.000000000000000000 ) ) ;
#3679 = LINE ( 'NONE', #4211, #4723 ) ;
#3680 = VECTOR ( 'NONE', #4786, 1000.000000000000000 ) ;
#3681 = ORIENTED_EDGE ( 'NONE', *, *, #6016, .T. ) ;
#3682 = EDGE_CURVE ( 'NONE', #6005, #4118, #2181, .T. ) ;
#3683 = ADVANCED_FACE ( 'NONE', ( #2224 ), #362, .F. ) ;
#3684 = CARTESIAN_POINT ( 'NONE',  ( 65.64938875305630006, -2.582029339853309846, 11.23512053801293931 ) ) ;
#3685 = CIRCLE ( 'NONE', #2482, 0.9999999999999991118 ) ;
#3686 = LINE ( 'NONE', #290, #5067 ) ;
#3687 = CARTESIAN_POINT ( 'NONE',  ( 43.00876143713070121, 5.317970660146690065, -3.451253375095765019 ) ) ;
#3688 = FACE_BOUND ( 'NONE', #3605, .T. ) ;
#3689 = DIRECTION ( 'NONE',  ( 1.000000000000000000, 0.000000000000000000, 0.000000000000000000 ) ) ;
#3690 = AXIS2_PLACEMENT_3D ( 'NONE', #770, #5016, #1681 ) ;
#3691 = DIRECTION ( 'NONE',  ( 0.000000000000000000, -1.000000000000000000, 0.000000000000000000 ) ) ;
#3692 = ORIENTED_EDGE ( 'NONE', *, *, #5976, .F. ) ;
#3693 = DIRECTION ( 'NONE',  ( 1.000000000000000000, 0.000000000000000000, 0.000000000000000000 ) ) ;
#3694 = PLANE ( 'NONE',  #2074 ) ;
#3695 = AXIS2_PLACEMENT_3D ( 'NONE', #1422, #96, #5325 ) ;
#3696 = LINE ( 'NONE', #1276, #4800 ) ;
#3697 = ORIENTED_EDGE ( 'NONE', *, *, #1433, .T. ) ;
#3698 = DIRECTION ( 'NONE',  ( -1.387778780781445922E-16, -8.715763992105050417E-33, -1.000000000000000000 ) ) ;
#3699 = ORIENTED_EDGE ( 'NONE', *, *, #3016, .T. ) ;
#3700 = EDGE_CURVE ( 'NONE', #1423, #687, #2976, .T. ) ;
#3701 = CARTESIAN_POINT ( 'NONE',  ( 47.52818463161129614, 2.317970660146694950, 6.777868546064289568 ) ) ;
#3702 = CARTESIAN_POINT ( 'NONE',  ( 1.138336177318524101, 5.317970660146690065, 26.14441820468924860 ) ) ;
#3703 = ADVANCED_FACE ( 'NONE', ( #5578 ), #6132, .F. ) ;
#3704 = EDGE_LOOP ( 'NONE', ( #5340, #4649, #2687, #1152 ) ) ;
#3705 = ORIENTED_EDGE ( 'NONE', *, *, #1528, .F. ) ;
#3706 = VERTEX_POINT ( 'NONE', #1275 ) ;
#3707 = LINE ( 'NONE', #374, #1757 ) ;
#3708 = FACE_OUTER_BOUND ( 'NONE', #3227, .T. ) ;
#3709 = EDGE_CURVE ( 'NONE', #2438, #2820, #5665, .T. ) ;
#3710 = ORIENTED_EDGE ( 'NONE', *, *, #1895, .T. ) ;
#3711 = DIRECTION ( 'NONE',  ( 0.000000000000000000, -1.000000000000000000, 0.000000000000000000 ) ) ;
#3712 = VERTEX_POINT ( 'NONE', #769 ) ;
#3713 = VERTEX_POINT ( 'NONE', #2807 ) ;
#3714 = DIRECTION ( 'NONE',  ( -1.000000000000000000, 0.000000000000000000, 0.000000000000000000 ) ) ;
#3715 = CARTESIAN_POINT ( 'NONE',  ( 65.94938875305629722, -12.68202933985330105, 27.69999999999999929 ) ) ;
#3716 = FACE_OUTER_BOUND ( 'NONE', #999, .T. ) ;
#3717 = DIRECTION ( 'NONE',  ( 0.000000000000000000, 0.000000000000000000, 1.000000000000000000 ) ) ;
#3718 = EDGE_CURVE ( 'NONE', #5641, #6050, #3190, .T. ) ;
#3719 = EDGE_CURVE ( 'NONE', #24, #215, #4780, .T. ) ;
#3720 = CARTESIAN_POINT ( 'NONE',  ( 70.94938875305629722, -7.682029339853309935, 15.54999999999999893 ) ) ;
#3721 = VERTEX_POINT ( 'NONE', #5761 ) ;
#3722 = FACE_OUTER_BOUND ( 'NONE', #5168, .T. ) ;
#3723 = CARTESIAN_POINT ( 'NONE',  ( 47.52818463161129614, -1.682029339853305050, 16.84922043697280003 ) ) ;
#3724 = AXIS2_PLACEMENT_3D ( 'NONE', #5404, #2077, #3522 ) ;
#3725 = CARTESIAN_POINT ( 'NONE',  ( -4.650611246943759269, 4.017970660146695572, 22.70000000000000284 ) ) ;
#3726 = PRODUCT_DEFINITION_FORMATION_WITH_SPECIFIED_SOURCE ( 'ä»', '', #3299, .NOT_KNOWN. ) ;
#3727 = ORIENTED_EDGE ( 'NONE', *, *, #3221, .F. ) ;
#3728 = ORIENTED_EDGE ( 'NONE', *, *, #5057, .F. ) ;
#3729 = ORIENTED_EDGE ( 'NONE', *, *, #5432, .F. ) ;
#3730 = LINE ( 'NONE', #5643, #4763 ) ;
#3731 = DIRECTION ( 'NONE',  ( 1.387778780781445922E-16, -5.782411586589360597E-16, 1.000000000000000000 ) ) ;
#3732 = EDGE_LOOP ( 'NONE', ( #3040, #3530 ) ) ;
#3733 = ORIENTED_EDGE ( 'NONE', *, *, #893, .T. ) ;
#3734 = DIRECTION ( 'NONE',  ( 0.000000000000000000, 0.000000000000000000, -1.000000000000000000 ) ) ;
#3735 = LINE ( 'NONE', #5062, #3429 ) ;
#3736 = EDGE_CURVE ( 'NONE', #3380, #4737, #1067, .T. ) ;
#3737 = ORIENTED_EDGE ( 'NONE', *, *, #1028, .T. ) ;
#3738 = AXIS2_PLACEMENT_3D ( 'NONE', #3064, #5419, #2002 ) ;
#3739 = CARTESIAN_POINT ( 'NONE',  ( 55.06673996170920304, 4.017970660146695572, -10.95125337509577967 ) ) ;
#3740 = ORIENTED_EDGE ( 'NONE', *, *, #2371, .T. ) ;
#3741 = ORIENTED_EDGE ( 'NONE', *, *, #295, .F. ) ;
#3742 = CARTESIAN_POINT ( 'NONE',  ( 45.00876143713070121, 5.317970660146690065, -0.4512533750957660184 ) ) ;
#3743 = LINE ( 'NONE', #4632, #4889 ) ;
#3744 = CYLINDRICAL_SURFACE ( 'NONE', #1461, 0.5000000000000000000 ) ;
#3745 = DIRECTION ( 'NONE',  ( 0.000000000000000000, 0.000000000000000000, 1.000000000000000000 ) ) ;
#3746 = CIRCLE ( 'NONE', #1334, 0.5000000000000004441 ) ;
#3747 = PLANE ( 'NONE',  #5047 ) ;
#3748 = EDGE_LOOP ( 'NONE', ( #3626, #1224, #5884, #5929, #1777, #236 ) ) ;
#3749 = AXIS2_PLACEMENT_3D ( 'NONE', #3525, #5438, #2879 ) ;
#3750 = DIRECTION ( 'NONE',  ( 0.000000000000000000, -1.000000000000000000, 0.000000000000000000 ) ) ;
#3751 = DIRECTION ( 'NONE',  ( 0.000000000000000000, 0.000000000000000000, 1.000000000000000000 ) ) ;
#3752 = CARTESIAN_POINT ( 'NONE',  ( 61.34938875305630290, -3.982029339853304872, 26.39999999999999858 ) ) ;
#3753 = DIRECTION ( 'NONE',  ( 0.000000000000000000, 0.000000000000000000, 1.000000000000000000 ) ) ;
#3754 = EDGE_CURVE ( 'NONE', #4609, #280, #3349, .T. ) ;
#3755 = AXIS2_PLACEMENT_3D ( 'NONE', #3819, #5801, #5591 ) ;
#3756 = EDGE_LOOP ( 'NONE', ( #1004, #2537, #3815, #5339 ) ) ;
#3757 = CARTESIAN_POINT ( 'NONE',  ( 63.84938875305628869, -3.982029339853304872, -23.30000000000000071 ) ) ;
#3758 = EDGE_CURVE ( 'NONE', #5102, #3987, #2433, .T. ) ;
#3759 = ORIENTED_EDGE ( 'NONE', *, *, #4432, .T. ) ;
#3760 = AXIS2_PLACEMENT_3D ( 'NONE', #2701, #258, #5481 ) ;
#3761 = CARTESIAN_POINT ( 'NONE',  ( 65.94938875305629722, 5.317970660146690065, 25.00000000000000000 ) ) ;
#3762 = CARTESIAN_POINT ( 'NONE',  ( 60.25442965260419470, -3.564322777930264863, -75.14999999999999147 ) ) ;
#3763 = ORIENTED_EDGE ( 'NONE', *, *, #3531, .F. ) ;
#3764 = VECTOR ( 'NONE', #2607, 1000.000000000000000 ) ;
#3765 = ORIENTED_EDGE ( 'NONE', *, *, #4526, .F. ) ;
#3766 = ORIENTED_EDGE ( 'NONE', *, *, #4831, .F. ) ;
#3767 = AXIS2_PLACEMENT_3D ( 'NONE', #5509, #691, #2117 ) ;
#3768 = CARTESIAN_POINT ( 'NONE',  ( 66.34938875305628869, -3.982029339853304872, -23.30000000000000071 ) ) ;
#3769 = CIRCLE ( 'NONE', #4380, 1.000000000000000888 ) ;
#3770 = DIRECTION ( 'NONE',  ( 0.000000000000000000, -1.000000000000000000, 0.000000000000000000 ) ) ;
#3771 = EDGE_CURVE ( 'NONE', #3549, #5962, #1515, .T. ) ;
#3772 = VECTOR ( 'NONE', #4399, 1000.000000000000000 ) ;
#3773 = VERTEX_POINT ( 'NONE', #4353 ) ;
#3774 = CARTESIAN_POINT ( 'NONE',  ( 68.64938875305628585, -2.582029339853309846, -2.057592947645780157 ) ) ;
#3775 = EDGE_LOOP ( 'NONE', ( #3426, #2928, #1010, #993 ) ) ;
#3776 = DIRECTION ( 'NONE',  ( 0.000000000000000000, 1.000000000000000000, 0.000000000000000000 ) ) ;
#3777 = DIRECTION ( 'NONE',  ( 0.000000000000000000, 1.000000000000000000, 0.000000000000000000 ) ) ;
#3779 = EDGE_CURVE ( 'NONE', #3633, #834, #32, .T. ) ;
#3778 = CARTESIAN_POINT ( 'NONE',  ( 27.44938875305625103, 2.317970660146694950, 12.84922043697280181 ) ) ;
#3780 = AXIS2_PLACEMENT_3D ( 'NONE', #1830, #5170, #3751 ) ;
#3781 = DIRECTION ( 'NONE',  ( 0.000000000000000000, 1.000000000000000000, 0.000000000000000000 ) ) ;
#3782 = ADVANCED_FACE ( 'NONE', ( #5729 ), #1961, .F. ) ;
#3783 = CIRCLE ( 'NONE', #5585, 1.399999999999998579 ) ;
#3784 = PLANE ( 'NONE',  #1834 ) ;
#3785 = ORIENTED_EDGE ( 'NONE', *, *, #6001, .F. ) ;
#3786 = CARTESIAN_POINT ( 'NONE',  ( 68.64938875305628585, -9.782029339853300698, -9.449999999999999289 ) ) ;
#3787 = LINE ( 'NONE', #4759, #5494 ) ;
#3788 = DIRECTION ( 'NONE',  ( -1.604941620322694866E-31, 1.000000000000000000, -1.156482317317869950E-15 ) ) ;
#3789 = ORIENTED_EDGE ( 'NONE', *, *, #178, .F. ) ;
#3790 = CARTESIAN_POINT ( 'NONE',  ( 55.54969678325399940, -3.564322777930264863, -75.14999999999999147 ) ) ;
#3791 = CIRCLE ( 'NONE', #4597, 2.499999999999998668 ) ;
#3792 = DIRECTION ( 'NONE',  ( 0.000000000000000000, 0.000000000000000000, 1.000000000000000000 ) ) ;
#3793 = AXIS2_PLACEMENT_3D ( 'NONE', #3540, #4070, #5423 ) ;
#3794 = CARTESIAN_POINT ( 'NONE',  ( 68.64938875305628585, -3.782029339853310024, 11.23512053801293931 ) ) ;
#3795 = CARTESIAN_POINT ( 'NONE',  ( 65.64938875305630006, -4.282029339853305139, -18.35701875544739892 ) ) ;
#3796 = DIRECTION ( 'NONE',  ( 0.000000000000000000, -1.000000000000000000, 0.000000000000000000 ) ) ;
#3797 = ORIENTED_EDGE ( 'NONE', *, *, #3027, .F. ) ;
#3798 = ORIENTED_EDGE ( 'NONE', *, *, #2027, .T. ) ;
#3799 = EDGE_LOOP ( 'NONE', ( #4680, #3952, #4815, #1754 ) ) ;
#3800 = FACE_OUTER_BOUND ( 'NONE', #4488, .T. ) ;
#3801 = DIRECTION ( 'NONE',  ( 0.000000000000000000, 0.000000000000000000, -1.000000000000000000 ) ) ;
#3802 = VERTEX_POINT ( 'NONE', #1394 ) ;
#3803 = DIRECTION ( 'NONE',  ( 0.000000000000000000, 0.000000000000000000, 1.000000000000000000 ) ) ;
#3804 = EDGE_LOOP ( 'NONE', ( #574, #305, #590, #1779, #4890, #3132, #1002, #509 ) ) ;
#3805 = DIRECTION ( 'NONE',  ( 0.000000000000000000, -1.000000000000000000, 0.000000000000000000 ) ) ;
#3806 = CYLINDRICAL_SURFACE ( 'NONE', #2881, 1.000000000000000000 ) ;
#3807 = CARTESIAN_POINT ( 'NONE',  ( 69.53517519068319075, -9.782029339853300698, -9.449999999999999289 ) ) ;
#3808 = DIRECTION ( 'NONE',  ( 0.000000000000000000, 0.000000000000000000, 1.000000000000000000 ) ) ;
#3809 = DIRECTION ( 'NONE',  ( 0.000000000000000000, 0.000000000000000000, 1.000000000000000000 ) ) ;
#3810 = EDGE_CURVE ( 'NONE', #2445, #4178, #1563, .T. ) ;
#3811 = EDGE_LOOP ( 'NONE', ( #2073, #4536, #1698, #4075 ) ) ;
#3812 = CARTESIAN_POINT ( 'NONE',  ( 68.64938875305628585, -10.08346369748242033, 3.149999999999999911 ) ) ;
#3813 = DIRECTION ( 'NONE',  ( -1.000000000000000000, 0.000000000000000000, 0.000000000000000000 ) ) ;
#3814 = DIRECTION ( 'NONE',  ( 0.000000000000000000, 0.000000000000000000, -1.000000000000000000 ) ) ;
#3815 = ORIENTED_EDGE ( 'NONE', *, *, #59, .T. ) ;
#3816 = DIRECTION ( 'NONE',  ( 0.000000000000000000, 0.000000000000000000, -1.000000000000000000 ) ) ;
#3817 = CYLINDRICAL_SURFACE ( 'NONE', #2534, 2.499999999999998668 ) ;
#3818 = VECTOR ( 'NONE', #2392, 1000.000000000000000 ) ;
#3819 = CARTESIAN_POINT ( 'NONE',  ( 41.00876143713075095, 2.317970660146694950, -5.451253375095769904 ) ) ;
#3820 = CARTESIAN_POINT ( 'NONE',  ( -12.45061124694371912, 4.017970660146695572, 25.00000000000000000 ) ) ;
#3821 = CARTESIAN_POINT ( 'NONE',  ( -2.150611246943755273, -4.582029339853310290, 25.19999999999999929 ) ) ;
#3822 = DIRECTION ( 'NONE',  ( 0.000000000000000000, 0.000000000000000000, -1.000000000000000000 ) ) ;
#3823 = ADVANCED_FACE ( 'NONE', ( #1994 ), #1012, .F. ) ;
#3824 = VERTEX_POINT ( 'NONE', #6 ) ;
#3825 = DIRECTION ( 'NONE',  ( 1.000000000000000000, 0.000000000000000000, 0.000000000000000000 ) ) ;
#3826 = CARTESIAN_POINT ( 'NONE',  ( 44.15495211150989263, 5.317970660146690065, -20.14512806027880032 ) ) ;
#3827 = EDGE_CURVE ( 'NONE', #3125, #4014, #5792, .T. ) ;
#3828 = ORIENTED_EDGE ( 'NONE', *, *, #377, .F. ) ;
#3829 = CARTESIAN_POINT ( 'NONE',  ( 1.154952111509895962, 4.017970660146695572, -25.94512806027880103 ) ) ;
#3830 = ORIENTED_EDGE ( 'NONE', *, *, #1243, .F. ) ;
#3831 = CARTESIAN_POINT ( 'NONE',  ( 63.84938875305628869, 4.017970660146695572, 21.30000000000000071 ) ) ;
#3832 = DIRECTION ( 'NONE',  ( 1.000000000000000000, 0.000000000000000000, 0.000000000000000000 ) ) ;
#3833 = DIRECTION ( 'NONE',  ( 0.000000000000000000, 0.000000000000000000, 1.000000000000000000 ) ) ;
#3834 = PLANE ( 'NONE',  #5573 ) ;
#3835 = CIRCLE ( 'NONE', #1130, 2.000000000000000000 ) ;
#3836 = DIRECTION ( 'NONE',  ( 0.000000000000000000, 1.000000000000000000, 0.000000000000000000 ) ) ;
#3837 = ORIENTED_EDGE ( 'NONE', *, *, #3403, .F. ) ;
#3838 = CARTESIAN_POINT ( 'NONE',  ( 41.00876143713075095, 2.317970660146694950, -11.45125337509577967 ) ) ;
#3839 = CARTESIAN_POINT ( 'NONE',  ( 65.94938875305629722, 5.317970660146690065, 25.00000000000000000 ) ) ;
#3840 = AXIS2_PLACEMENT_3D ( 'NONE', #3023, #2960, #4443 ) ;
#3841 = DIRECTION ( 'NONE',  ( 0.000000000000000000, 0.000000000000000000, -1.000000000000000000 ) ) ;
#3842 = VERTEX_POINT ( 'NONE', #3441 ) ;
#3843 = VECTOR ( 'NONE', #3960, 1000.000000000000000 ) ;
#3844 = DIRECTION ( 'NONE',  ( 0.000000000000000000, 0.000000000000000000, -1.000000000000000000 ) ) ;
#3845 = ORIENTED_EDGE ( 'NONE', *, *, #1141, .F. ) ;
#3846 = CYLINDRICAL_SURFACE ( 'NONE', #4562, 1.000000000000000000 ) ;
#3847 = LINE ( 'NONE', #5769, #5977 ) ;
#3848 = EDGE_CURVE ( 'NONE', #6214, #3542, #4852, .T. ) ;
#3849 = CARTESIAN_POINT ( 'NONE',  ( 45.00876143713070121, 4.017970660146695572, -16.45125337509579566 ) ) ;
#3850 = LINE ( 'NONE', #613, #1877 ) ;
#3851 = EDGE_CURVE ( 'NONE', #5285, #4142, #5885, .T. ) ;
#3852 = MECHANICAL_DESIGN_GEOMETRIC_PRESENTATION_REPRESENTATION (  '', ( #743 ), #4156 ) ;
#3853 = EDGE_CURVE ( 'NONE', #544, #1256, #506, .T. ) ;
#3854 = ORIENTED_EDGE ( 'NONE', *, *, #2550, .T. ) ;
#3855 = CIRCLE ( 'NONE', #4962, 0.5000000000000004441 ) ;
#3856 = EDGE_CURVE ( 'NONE', #1095, #4096, #1927, .T. ) ;
#3857 = DIRECTION ( 'NONE',  ( 0.000000000000000000, 0.000000000000000000, 1.000000000000000000 ) ) ;
#3858 = LINE ( 'NONE', #3894, #5724 ) ;
#3859 = VECTOR ( 'NONE', #3434, 1000.000000000000000 ) ;
#3860 = VERTEX_POINT ( 'NONE', #6165 ) ;
#3861 = VERTEX_POINT ( 'NONE', #5700 ) ;
#3862 = VECTOR ( 'NONE', #1540, 1000.000000000000000 ) ;
#3863 = EDGE_CURVE ( 'NONE', #4827, #182, #2184, .T. ) ;
#3864 = CYLINDRICAL_SURFACE ( 'NONE', #2350, 1.399999999999998579 ) ;
#3865 = ORIENTED_EDGE ( 'NONE', *, *, #4046, .T. ) ;
#3866 = AXIS2_PLACEMENT_3D ( 'NONE', #3107, #5527, #5957 ) ;
#3867 = DIRECTION ( 'NONE',  ( 1.000000000000000000, 0.000000000000000000, 0.000000000000000000 ) ) ;
#3868 = EDGE_CURVE ( 'NONE', #1714, #3387, #4487, .T. ) ;
#3869 = FACE_OUTER_BOUND ( 'NONE', #2576, .T. ) ;
#3870 = EDGE_CURVE ( 'NONE', #1817, #5763, #4788, .T. ) ;
#3871 = VECTOR ( 'NONE', #5397, 1000.000000000000000 ) ;
#3872 = DIRECTION ( 'NONE',  ( 1.000000000000000000, 0.000000000000000000, -4.038158615950355110E-16 ) ) ;
#3873 = ORIENTED_EDGE ( 'NONE', *, *, #3870, .T. ) ;
#3874 = VECTOR ( 'NONE', #139, 1000.000000000000000 ) ;
#3875 = DIRECTION ( 'NONE',  ( 0.000000000000000000, 0.000000000000000000, -1.000000000000000000 ) ) ;
#3876 = CARTESIAN_POINT ( 'NONE',  ( 51.06673996170919594, 4.017970660146695572, -15.95125337509580099 ) ) ;
#3877 = CARTESIAN_POINT ( 'NONE',  ( -13.75061124694374115, -10.37295348812573970, -9.350000000000001421 ) ) ;
#3878 = EDGE_LOOP ( 'NONE', ( #1193, #1513, #281, #2134 ) ) ;
#3879 = VECTOR ( 'NONE', #6065, 1000.000000000000000 ) ;
#3880 = ORIENTED_EDGE ( 'NONE', *, *, #1634, .F. ) ;
#3881 = DIRECTION ( 'NONE',  ( -1.000000000000000000, 0.000000000000000000, 1.387778780781445922E-16 ) ) ;
#3882 = ORIENTED_EDGE ( 'NONE', *, *, #4472, .T. ) ;
#3883 = PLANE ( 'NONE',  #2643 ) ;
#3884 = CARTESIAN_POINT ( 'NONE',  ( 44.15495211150989263, 4.017970660146695572, -20.14512806027880032 ) ) ;
#3885 = CIRCLE ( 'NONE', #565, 1.399999999999998579 ) ;
#3886 = CARTESIAN_POINT ( 'NONE',  ( 67.34938875305628869, -4.282029339853305139, -6.357018755447420233 ) ) ;
#3887 = CARTESIAN_POINT ( 'NONE',  ( 66.64938875305630006, -7.237112297184710386, 3.149999999999999911 ) ) ;
#3888 = VERTEX_POINT ( 'NONE', #1864 ) ;
#3889 = AXIS2_PLACEMENT_3D ( 'NONE', #3159, #2070, #3101 ) ;
#3890 = ORIENTED_EDGE ( 'NONE', *, *, #1180, .T. ) ;
#3891 = ORIENTED_EDGE ( 'NONE', *, *, #161, .T. ) ;
#3892 = EDGE_CURVE ( 'NONE', #5710, #1307, #3787, .T. ) ;
#3893 = LINE ( 'NONE', #4462, #153 ) ;
#3894 = CARTESIAN_POINT ( 'NONE',  ( 67.34938875305628869, 5.317970660146690065, -3.149999999999999911 ) ) ;
#3895 = ORIENTED_EDGE ( 'NONE', *, *, #5783, .F. ) ;
#3896 = FACE_OUTER_BOUND ( 'NONE', #846, .T. ) ;
#3897 = ORIENTED_EDGE ( 'NONE', *, *, #4095, .F. ) ;
#3898 = DIRECTION ( 'NONE',  ( 0.000000000000000000, 0.000000000000000000, 1.000000000000000000 ) ) ;
#3899 = DIRECTION ( 'NONE',  ( 0.000000000000000000, 0.000000000000000000, 1.000000000000000000 ) ) ;
#3900 = EDGE_CURVE ( 'NONE', #3824, #571, #2375, .T. ) ;
#3901 = DIRECTION ( 'NONE',  ( 0.000000000000000000, 0.000000000000000000, 1.000000000000000000 ) ) ;
#3902 = VERTEX_POINT ( 'NONE', #5447 ) ;
#3903 = DIRECTION ( 'NONE',  ( 1.000000000000000000, 0.000000000000000000, 0.000000000000000000 ) ) ;
#3904 = DIRECTION ( 'NONE',  ( 0.000000000000000000, 0.000000000000000000, 1.000000000000000000 ) ) ;
#3905 = CARTESIAN_POINT ( 'NONE',  ( 44.15495211150989263, 4.017970660146695572, 25.00000000000000000 ) ) ;
#3906 = ORIENTED_EDGE ( 'NONE', *, *, #4703, .T. ) ;
#3907 = DIRECTION ( 'NONE',  ( 0.000000000000000000, 0.000000000000000000, 1.000000000000000000 ) ) ;
#3908 = EDGE_CURVE ( 'NONE', #4711, #3470, #5035, .T. ) ;
#3909 = ORIENTED_EDGE ( 'NONE', *, *, #5698, .T. ) ;
#3910 = ORIENTED_EDGE ( 'NONE', *, *, #164, .T. ) ;
#3911 = DIRECTION ( 'NONE',  ( 0.000000000000000000, 0.000000000000000000, -1.000000000000000000 ) ) ;
#3912 =( NAMED_UNIT ( * ) PLANE_ANGLE_UNIT ( ) SI_UNIT ( $, .RADIAN. ) );
#3913 = DIRECTION ( 'NONE',  ( 0.000000000000000000, -1.000000000000000000, 0.000000000000000000 ) ) ;
#3914 = DIRECTION ( 'NONE',  ( 0.000000000000000000, 1.000000000000000000, 0.000000000000000000 ) ) ;
#3915 = DIRECTION ( 'NONE',  ( 1.000000000000000000, 0.000000000000000000, 0.000000000000000000 ) ) ;
#3916 = VECTOR ( 'NONE', #5595, 1000.000000000000000 ) ;
#3917 = ORIENTED_EDGE ( 'NONE', *, *, #1066, .T. ) ;
#3918 = ORIENTED_EDGE ( 'NONE', *, *, #4804, .F. ) ;
#3919 = DIRECTION ( 'NONE',  ( 0.000000000000000000, 1.000000000000000000, 0.000000000000000000 ) ) ;
#3920 = ADVANCED_FACE ( 'NONE', ( #725 ), #3472, .F. ) ;
#3921 = AXIS2_PLACEMENT_3D ( 'NONE', #684, #557, #2983 ) ;
#3922 = FACE_OUTER_BOUND ( 'NONE', #1462, .T. ) ;
#3923 = ORIENTED_EDGE ( 'NONE', *, *, #2371, .F. ) ;
#3924 = AXIS2_PLACEMENT_3D ( 'NONE', #864, #1833, #3753 ) ;
#3925 = DIRECTION ( 'NONE',  ( 0.000000000000000000, -1.000000000000000000, 0.000000000000000000 ) ) ;
#3926 = CARTESIAN_POINT ( 'NONE',  ( 55.04969678325399940, -4.067657337583455046, -75.14999999999999147 ) ) ;
#3927 = EDGE_CURVE ( 'NONE', #3860, #3518, #3026, .T. ) ;
#3928 = CARTESIAN_POINT ( 'NONE',  ( 68.64938875305628585, -7.237112297184710386, 3.149999999999999911 ) ) ;
#3929 = EDGE_CURVE ( 'NONE', #5953, #3888, #563, .T. ) ;
#3930 = CARTESIAN_POINT ( 'NONE',  ( 1.138336177318524101, 4.017970660146695572, 20.34441820468924789 ) ) ;
#3931 = VERTEX_POINT ( 'NONE', #95 ) ;
#3932 = CARTESIAN_POINT ( 'NONE',  ( 67.34938875305628869, -10.08346369748242033, 3.149999999999999911 ) ) ;
#3933 = DIRECTION ( 'NONE',  ( 0.000000000000000000, 0.000000000000000000, 1.000000000000000000 ) ) ;
#3934 = CARTESIAN_POINT ( 'NONE',  ( 59.75442965260419470, -4.567657337583459487, 27.69999999999999929 ) ) ;
#3935 = ORIENTED_EDGE ( 'NONE', *, *, #3, .T. ) ;
#3936 = VECTOR ( 'NONE', #4423, 1000.000000000000000 ) ;
#3937 = ADVANCED_FACE ( 'NONE', ( #3059 ), #2586, .F. ) ;
#3938 = ORIENTED_EDGE ( 'NONE', *, *, #4337, .T. ) ;
#3939 = DIRECTION ( 'NONE',  ( 0.000000000000000000, 1.000000000000000000, 0.000000000000000000 ) ) ;
#3940 = ORIENTED_EDGE ( 'NONE', *, *, #3771, .F. ) ;
#3941 = EDGE_LOOP ( 'NONE', ( #1949, #4144, #1581, #4761 ) ) ;
#3942 = VECTOR ( 'NONE', #2636, 1000.000000000000000 ) ;
#3943 = PRESENTATION_STYLE_ASSIGNMENT (( #639 ) ) ;
#3944 = LINE ( 'NONE', #4834, #5486 ) ;
#3945 = CARTESIAN_POINT ( 'NONE',  ( 59.75442965260419470, -4.067657337583460375, 27.69999999999999929 ) ) ;
#3946 = DIRECTION ( 'NONE',  ( 0.000000000000000000, 1.000000000000000000, 0.000000000000000000 ) ) ;
#3947 = EDGE_CURVE ( 'NONE', #93, #1279, #695, .T. ) ;
#3948 = AXIS2_PLACEMENT_3D ( 'NONE', #3739, #5654, #1348 ) ;
#3949 = EDGE_CURVE ( 'NONE', #280, #5988, #2674, .T. ) ;
#3950 = VERTEX_POINT ( 'NONE', #4913 ) ;
#3951 = ORIENTED_EDGE ( 'NONE', *, *, #3072, .T. ) ;
#3952 = ORIENTED_EDGE ( 'NONE', *, *, #131, .T. ) ;
#3953 = VERTEX_POINT ( 'NONE', #2556 ) ;
#3954 = VECTOR ( 'NONE', #3750, 1000.000000000000000 ) ;
#3955 = CARTESIAN_POINT ( 'NONE',  ( -4.650611246943759269, -3.982029339853304872, -23.30000000000000071 ) ) ;
#3956 = CARTESIAN_POINT ( 'NONE',  ( 55.54969678325399940, -3.064322777930264863, 27.69999999999999929 ) ) ;
#3957 = CARTESIAN_POINT ( 'NONE',  ( 68.64938875305628585, -2.582029339853304961, 19.23512053801294996 ) ) ;
#3958 = EDGE_LOOP ( 'NONE', ( #5646, #2015, #58, #5048 ) ) ;
#3959 = VERTEX_POINT ( 'NONE', #4002 ) ;
#3960 = DIRECTION ( 'NONE',  ( -1.000000000000000000, 0.000000000000000000, 0.000000000000000000 ) ) ;
#3961 = CARTESIAN_POINT ( 'NONE',  ( 68.64938875305628585, -7.682029339853309935, -15.54999999999999893 ) ) ;
#3962 = VECTOR ( 'NONE', #5250, 1000.000000000000000 ) ;
#3963 = DIRECTION ( 'NONE',  ( 0.000000000000000000, 0.000000000000000000, 1.000000000000000000 ) ) ;
#3964 = ADVANCED_FACE ( 'NONE', ( #4977 ), #4417, .T. ) ;
#3965 = AXIS2_PLACEMENT_3D ( 'NONE', #499, #2487, #5693 ) ;
#3966 = EDGE_CURVE ( 'NONE', #2610, #5908, #3559, .T. ) ;
#3967 = CIRCLE ( 'NONE', #4772, 0.5000000000000000000 ) ;
#3968 = DIRECTION ( 'NONE',  ( 0.000000000000000000, -1.000000000000000000, -1.156482317317869950E-15 ) ) ;
#3969 = EDGE_LOOP ( 'NONE', ( #2707, #4186, #5148, #4235 ) ) ;
#3970 = EDGE_CURVE ( 'NONE', #3363, #571, #601, .T. ) ;
#3971 = CARTESIAN_POINT ( 'NONE',  ( 1.154952111509895962, 2.317970660146694950, -25.94512806027880103 ) ) ;
#3972 = CARTESIAN_POINT ( 'NONE',  ( 55.54969678325399940, -3.064322777930264863, -75.14999999999999147 ) ) ;
#3973 = EDGE_CURVE ( 'NONE', #2832, #2200, #2521, .T. ) ;
#3974 = VECTOR ( 'NONE', #4093, 1000.000000000000000 ) ;
#3975 = PLANE ( 'NONE',  #676 ) ;
#3976 = AXIS2_PLACEMENT_3D ( 'NONE', #3288, #2341, #2282 ) ;
#3977 = VERTEX_POINT ( 'NONE', #2089 ) ;
#3978 = CARTESIAN_POINT ( 'NONE',  ( 67.34938875305628869, 5.317970660146690065, -18.85701875544739892 ) ) ;
#3979 = EDGE_LOOP ( 'NONE', ( #5147, #881, #2870, #2995 ) ) ;
#3980 = CARTESIAN_POINT ( 'NONE',  ( 39.00876143713075095, 2.317970660146694950, -7.951253375095769016 ) ) ;
#3981 = FACE_BOUND ( 'NONE', #2001, .T. ) ;
#3982 = DIRECTION ( 'NONE',  ( 0.000000000000000000, 1.000000000000000000, 0.000000000000000000 ) ) ;
#3983 = CARTESIAN_POINT ( 'NONE',  ( 60.25442965260419470, -3.564322777930264863, -75.14999999999999147 ) ) ;
#3984 = AXIS2_PLACEMENT_3D ( 'NONE', #5260, #955, #987 ) ;
#3985 = ORIENTED_EDGE ( 'NONE', *, *, #4163, .T. ) ;
#3986 = ORIENTED_EDGE ( 'NONE', *, *, #3106, .T. ) ;
#3987 = VERTEX_POINT ( 'NONE', #5917 ) ;
#3988 = AXIS2_PLACEMENT_3D ( 'NONE', #1373, #3731, #6084 ) ;
#3989 = DIRECTION ( 'NONE',  ( 0.000000000000000000, -1.000000000000000000, 0.000000000000000000 ) ) ;
#3990 = DIRECTION ( 'NONE',  ( 0.7071067811865431318, 0.7071067811865520136, 0.000000000000000000 ) ) ;
#3991 = CARTESIAN_POINT ( 'NONE',  ( 68.64938875305628585, -4.282029339853305139, -5.857018755447420233 ) ) ;
#3992 = VECTOR ( 'NONE', #4226, 1000.000000000000000 ) ;
#3993 = ORIENTED_EDGE ( 'NONE', *, *, #1635, .F. ) ;
#3994 = ORIENTED_EDGE ( 'NONE', *, *, #168, .T. ) ;
#3995 = DIRECTION ( 'NONE',  ( -1.000000000000000000, 0.000000000000000000, 0.000000000000000000 ) ) ;
#3996 = VECTOR ( 'NONE', #4390, 1000.000000000000000 ) ;
#3997 = DIRECTION ( 'NONE',  ( 0.000000000000000000, -1.000000000000000000, 5.782411586589360597E-16 ) ) ;
#3998 = CARTESIAN_POINT ( 'NONE',  ( 66.34938875305628869, -3.982029339853304872, 26.34164078649989804 ) ) ;
#3999 = CARTESIAN_POINT ( 'NONE',  ( 41.00876143713075095, 5.317970660146690065, -5.451253375095769904 ) ) ;
#4000 = EDGE_LOOP ( 'NONE', ( #2498, #4395, #796, #1321 ) ) ;
#4001 = DIRECTION ( 'NONE',  ( 0.000000000000000000, 0.000000000000000000, 1.000000000000000000 ) ) ;
#4002 = CARTESIAN_POINT ( 'NONE',  ( 55.06673996170920304, 5.317970660146690065, -6.451253375095769904 ) ) ;
#4003 = DIRECTION ( 'NONE',  ( 0.000000000000000000, 1.000000000000000000, 0.000000000000000000 ) ) ;
#4004 = EDGE_CURVE ( 'NONE', #1835, #1436, #1567, .T. ) ;
#4005 = ORIENTED_EDGE ( 'NONE', *, *, #3848, .T. ) ;
#4006 = CARTESIAN_POINT ( 'NONE',  ( 59.75442965260419470, -4.067657337583460375, -26.39999999999999858 ) ) ;
#4007 = ORIENTED_EDGE ( 'NONE', *, *, #1617, .T. ) ;
#4008 = ORIENTED_EDGE ( 'NONE', *, *, #5369, .F. ) ;
#4009 = LINE ( 'NONE', #3980, #2354 ) ;
#4010 = CARTESIAN_POINT ( 'NONE',  ( -2.150611246943755273, 4.017970660146695572, -23.30000000000000071 ) ) ;
#4011 = FACE_OUTER_BOUND ( 'NONE', #483, .T. ) ;
#4012 = ORIENTED_EDGE ( 'NONE', *, *, #1601, .F. ) ;
#4013 = ORIENTED_EDGE ( 'NONE', *, *, #991, .F. ) ;
#4014 = VERTEX_POINT ( 'NONE', #5386 ) ;
#4015 = DIRECTION ( 'NONE',  ( 0.000000000000000000, -1.000000000000000000, 0.000000000000000000 ) ) ;
#4016 = PLANE ( 'NONE',  #3087 ) ;
#4017 = DIRECTION ( 'NONE',  ( 0.000000000000000000, 1.000000000000000000, 0.000000000000000000 ) ) ;
#4018 = EDGE_CURVE ( 'NONE', #2820, #2465, #5945, .T. ) ;
#4019 = EDGE_LOOP ( 'NONE', ( #3123, #895 ) ) ;
#4020 = EDGE_LOOP ( 'NONE', ( #3014, #5855, #1404, #533 ) ) ;
#4021 = CARTESIAN_POINT ( 'NONE',  ( 47.52818463161129614, 4.017970660146695572, 14.84922043697280181 ) ) ;
#4022 = AXIS2_PLACEMENT_3D ( 'NONE', #1695, #3614, #4684 ) ;
#4023 = CARTESIAN_POINT ( 'NONE',  ( 51.06673996170919594, 5.317970660146690065, -15.45125337509579921 ) ) ;
#4024 = CARTESIAN_POINT ( 'NONE',  ( 55.54969678325399940, -4.067657337583460375, -27.69999999999999929 ) ) ;
#4025 = EDGE_CURVE ( 'NONE', #5299, #3334, #5482, .T. ) ;
#4026 = VECTOR ( 'NONE', #5702, 1000.000000000000000 ) ;
#4027 = EDGE_CURVE ( 'NONE', #538, #1280, #5008, .T. ) ;
#4028 = CYLINDRICAL_SURFACE ( 'NONE', #1239, 2.700000000000001066 ) ;
#4029 = ORIENTED_EDGE ( 'NONE', *, *, #2450, .T. ) ;
#4030 = PLANE ( 'NONE',  #3557 ) ;
#4031 = DIRECTION ( 'NONE',  ( 0.000000000000000000, -1.000000000000000000, 0.000000000000000000 ) ) ;
#4032 = FACE_BOUND ( 'NONE', #4074, .T. ) ;
#4033 = EDGE_LOOP ( 'NONE', ( #5425, #4525, #2141, #5463 ) ) ;
#4034 = DIRECTION ( 'NONE',  ( 0.000000000000000000, 1.000000000000000000, 0.000000000000000000 ) ) ;
#4035 =( LENGTH_UNIT ( ) NAMED_UNIT ( * ) SI_UNIT ( .MILLI., .METRE. ) );
#4036 = LINE ( 'NONE', #5015, #460 ) ;
#4037 = DIRECTION ( 'NONE',  ( 1.000000000000000000, 0.000000000000000000, 0.000000000000000000 ) ) ;
#4038 = AXIS2_PLACEMENT_3D ( 'NONE', #5920, #4859, #2029 ) ;
#4039 = VERTEX_POINT ( 'NONE', #1671 ) ;
#4040 = ORIENTED_EDGE ( 'NONE', *, *, #5037, .F. ) ;
#4041 = ORIENTED_EDGE ( 'NONE', *, *, #510, .F. ) ;
#4042 = EDGE_CURVE ( 'NONE', #5596, #5427, #3594, .T. ) ;
#4043 = EDGE_CURVE ( 'NONE', #3861, #6163, #3783, .T. ) ;
#4044 = DIRECTION ( 'NONE',  ( 0.000000000000000000, -1.000000000000000000, 0.000000000000000000 ) ) ;
#4045 = LINE ( 'NONE', #713, #3180 ) ;
#4046 = EDGE_CURVE ( 'NONE', #1192, #1628, #1471, .T. ) ;
#4047 = VECTOR ( 'NONE', #2776, 1000.000000000000000 ) ;
#4048 = CARTESIAN_POINT ( 'NONE',  ( 67.34938875305628869, -4.282029339853305139, -5.857018755447409575 ) ) ;
#4049 = ADVANCED_FACE ( 'NONE', ( #383 ), #4092, .F. ) ;
#4050 = ORIENTED_EDGE ( 'NONE', *, *, #2351, .F. ) ;
#4051 = AXIS2_PLACEMENT_3D ( 'NONE', #719, #1226, #1693 ) ;
#4052 = LINE ( 'NONE', #5936, #4556 ) ;
#4053 = CARTESIAN_POINT ( 'NONE',  ( 63.84938875305628869, -4.582029339853310290, 25.19999999999999929 ) ) ;
#4054 = LINE ( 'NONE', #2632, #753 ) ;
#4055 = EDGE_CURVE ( 'NONE', #1377, #1128, #3243, .T. ) ;
#4056 = PLANE ( 'NONE',  #1941 ) ;
#4057 = ORIENTED_EDGE ( 'NONE', *, *, #2397, .T. ) ;
#4058 = CIRCLE ( 'NONE', #4372, 1.399999999999998579 ) ;
#4059 = DIRECTION ( 'NONE',  ( 0.000000000000000000, -1.000000000000000000, 0.000000000000000000 ) ) ;
#4060 = DIRECTION ( 'NONE',  ( -1.000000000000000000, 0.000000000000000000, 1.387778780781445922E-16 ) ) ;
#4061 = EDGE_CURVE ( 'NONE', #461, #4177, #1232, .T. ) ;
#4062 = CARTESIAN_POINT ( 'NONE',  ( 66.64938875305630006, -7.237112297184710386, -3.149999999999999911 ) ) ;
#4063 = ORIENTED_EDGE ( 'NONE', *, *, #1071, .T. ) ;
#4064 = DIRECTION ( 'NONE',  ( 0.000000000000000000, 1.000000000000000000, 0.000000000000000000 ) ) ;
#4065 = EDGE_LOOP ( 'NONE', ( #2372, #5461, #21, #879 ) ) ;
#4066 = AXIS2_PLACEMENT_3D ( 'NONE', #2801, #4635, #1235 ) ;
#4067 = CARTESIAN_POINT ( 'NONE',  ( 55.06673996170920304, 4.017970660146695572, -11.45125337509577967 ) ) ;
#4068 = DIRECTION ( 'NONE',  ( 0.000000000000000000, 1.000000000000000000, 0.000000000000000000 ) ) ;
#4069 = CIRCLE ( 'NONE', #1859, 2.000000000000000000 ) ;
#4070 = DIRECTION ( 'NONE',  ( 0.000000000000000000, -1.000000000000000000, 0.000000000000000000 ) ) ;
#4071 = VECTOR ( 'NONE', #2275, 1000.000000000000000 ) ;
#4072 = ORIENTED_EDGE ( 'NONE', *, *, #4779, .T. ) ;
#4073 = ORIENTED_EDGE ( 'NONE', *, *, #5943, .F. ) ;
#4074 = EDGE_LOOP ( 'NONE', ( #3728, #2298, #5915, #2751 ) ) ;
#4075 = ORIENTED_EDGE ( 'NONE', *, *, #522, .F. ) ;
#4076 = VECTOR ( 'NONE', #861, 1000.000000000000000 ) ;
#4077 = CARTESIAN_POINT ( 'NONE',  ( -2.150611246943755273, 4.017970660146695572, 22.70000000000000284 ) ) ;
#4078 = CARTESIAN_POINT ( 'NONE',  ( 77.40074519957200039, -7.682029339853309935, -15.54999999999999893 ) ) ;
#4079 = FACE_OUTER_BOUND ( 'NONE', #5399, .T. ) ;
#4080 = AXIS2_PLACEMENT_3D ( 'NONE', #4122, #2702, #1822 ) ;
#4081 = VERTEX_POINT ( 'NONE', #4154 ) ;
#4082 = EDGE_CURVE ( 'NONE', #614, #490, #1323, .T. ) ;
#4083 = EDGE_CURVE ( 'NONE', #824, #4169, #820, .T. ) ;
#4084 = EDGE_LOOP ( 'NONE', ( #3556, #4673, #1385, #511 ) ) ;
#4085 = PLANE ( 'NONE',  #531 ) ;
#4086 = DIRECTION ( 'NONE',  ( -1.000000000000000000, 0.000000000000000000, 0.000000000000000000 ) ) ;
#4087 = VECTOR ( 'NONE', #4676, 1000.000000000000000 ) ;
#4088 = DIRECTION ( 'NONE',  ( 1.000000000000000000, 0.000000000000000000, 0.000000000000000000 ) ) ;
#4089 = VECTOR ( 'NONE', #1120, 1000.000000000000000 ) ;
#4090 = DIRECTION ( 'NONE',  ( -0.000000000000000000, 1.000000000000000000, 0.000000000000000000 ) ) ;
#4091 = DIRECTION ( 'NONE',  ( 0.000000000000000000, 1.000000000000000000, 0.000000000000000000 ) ) ;
#4092 = PLANE ( 'NONE',  #1271 ) ;
#4093 = DIRECTION ( 'NONE',  ( 0.000000000000000000, 0.000000000000000000, 1.000000000000000000 ) ) ;
#4094 = FACE_OUTER_BOUND ( 'NONE', #5947, .T. ) ;
#4095 = EDGE_CURVE ( 'NONE', #1818, #6048, #1171, .T. ) ;
#4096 = VERTEX_POINT ( 'NONE', #1701 ) ;
#4097 = DIRECTION ( 'NONE',  ( 0.000000000000000000, -1.000000000000000000, 0.000000000000000000 ) ) ;
#4098 = ORIENTED_EDGE ( 'NONE', *, *, #2381, .T. ) ;
#4099 = LINE ( 'NONE', #1274, #635 ) ;
#4100 = DIRECTION ( 'NONE',  ( 1.387778780781445922E-16, 0.000000000000000000, 1.000000000000000000 ) ) ;
#4101 = LINE ( 'NONE', #6015, #5504 ) ;
#4102 = EDGE_LOOP ( 'NONE', ( #1999, #4614, #6089, #4127 ) ) ;
#4103 = ORIENTED_EDGE ( 'NONE', *, *, #5276, .T. ) ;
#4104 = ORIENTED_EDGE ( 'NONE', *, *, #6016, .F. ) ;
#4105 = ORIENTED_EDGE ( 'NONE', *, *, #2633, .T. ) ;
#4106 = FACE_OUTER_BOUND ( 'NONE', #3418, .T. ) ;
#4107 = LINE ( 'NONE', #1687, #170 ) ;
#4108 = DIRECTION ( 'NONE',  ( -1.000000000000000000, 0.000000000000000000, 0.000000000000000000 ) ) ;
#4109 = VERTEX_POINT ( 'NONE', #3715 ) ;
#4110 = ORIENTED_EDGE ( 'NONE', *, *, #5773, .F. ) ;
#4111 = ORIENTED_EDGE ( 'NONE', *, *, #3736, .T. ) ;
#4112 = ADVANCED_FACE ( 'NONE', ( #3149 ), #5601, .T. ) ;
#4113 = CARTESIAN_POINT ( 'NONE',  ( 47.23027191974109940, 4.017970660146695572, 17.33140657344729973 ) ) ;
#4114 = CYLINDRICAL_SURFACE ( 'NONE', #1351, 0.5000000000000004441 ) ;
#4115 = CARTESIAN_POINT ( 'NONE',  ( 55.54969678325399940, -4.067657337583460375, 27.69999999999999929 ) ) ;
#4116 = VECTOR ( 'NONE', #4088, 1000.000000000000000 ) ;
#4117 = CARTESIAN_POINT ( 'NONE',  ( 45.00876143713070121, 4.017970660146695572, -1.451253375095766129 ) ) ;
#4118 = VERTEX_POINT ( 'NONE', #5658 ) ;
#4119 = EDGE_LOOP ( 'NONE', ( #1500, #2435, #2436, #4955 ) ) ;
#4120 = EDGE_CURVE ( 'NONE', #1690, #2552, #3214, .T. ) ;
#4121 = LINE ( 'NONE', #694, #1649 ) ;
#4122 = CARTESIAN_POINT ( 'NONE',  ( 47.52818463161129614, 4.017970660146695572, 14.84922043697280181 ) ) ;
#4124 = EDGE_CURVE ( 'NONE', #80, #3713, #5158, .T. ) ;
#4123 = LINE ( 'NONE', #260, #554 ) ;
#4125 = DIRECTION ( 'NONE',  ( 0.000000000000000000, 1.000000000000000000, 0.000000000000000000 ) ) ;
#4126 = CYLINDRICAL_SURFACE ( 'NONE', #4448, 0.5000000000000000000 ) ;
#4127 = ORIENTED_EDGE ( 'NONE', *, *, #4176, .T. ) ;
#4128 = DIRECTION ( 'NONE',  ( 0.000000000000000000, 1.000000000000000000, 0.000000000000000000 ) ) ;
#4129 = ADVANCED_FACE ( 'NONE', ( #762 ), #2771, .F. ) ;
#4130 = CARTESIAN_POINT ( 'NONE',  ( 45.00876143713070121, 4.017970660146695572, -15.95125337509580099 ) ) ;
#4131 = CARTESIAN_POINT ( 'NONE',  ( 39.00876143713075095, 4.017970660146695572, -8.451253375095769016 ) ) ;
#4132 = EDGE_CURVE ( 'NONE', #5859, #3842, #4691, .T. ) ;
#4133 = VERTEX_POINT ( 'NONE', #2639 ) ;
#4134 = VERTEX_POINT ( 'NONE', #1353 ) ;
#4135 = ORIENTED_EDGE ( 'NONE', *, *, #3476, .F. ) ;
#4136 = ORIENTED_EDGE ( 'NONE', *, *, #2174, .T. ) ;
#4137 = DIRECTION ( 'NONE',  ( 0.000000000000000000, 0.000000000000000000, -1.000000000000000000 ) ) ;
#4138 = CARTESIAN_POINT ( 'NONE',  ( 1.154952111509895962, 2.317970660146694950, -20.14512806027880032 ) ) ;
#4139 = EDGE_CURVE ( 'NONE', #2523, #4039, #165, .T. ) ;
#4140 = EDGE_CURVE ( 'NONE', #3274, #5596, #1731, .T. ) ;
#4141 = AXIS2_PLACEMENT_3D ( 'NONE', #3757, #5798, #4733 ) ;
#4142 = VERTEX_POINT ( 'NONE', #4568 ) ;
#4143 = EDGE_LOOP ( 'NONE', ( #5857, #2052, #5099, #3535 ) ) ;
#4144 = ORIENTED_EDGE ( 'NONE', *, *, #3498, .T. ) ;
#4145 = CARTESIAN_POINT ( 'NONE',  ( 70.94938875305629722, -8.782029339853300698, 9.449999999999999289 ) ) ;
#4146 = AXIS2_PLACEMENT_3D ( 'NONE', #2338, #3347, #2900 ) ;
#4147 = LINE ( 'NONE', #3173, #3764 ) ;
#4148 = DIRECTION ( 'NONE',  ( 0.000000000000000000, 1.000000000000000000, 0.000000000000000000 ) ) ;
#4149 = VECTOR ( 'NONE', #1194, 1000.000000000000000 ) ;
#4150 = CARTESIAN_POINT ( 'NONE',  ( 66.64938875305630006, -7.237112297184710386, 3.149999999999999911 ) ) ;
#4151 = ORIENTED_EDGE ( 'NONE', *, *, #5795, .T. ) ;
#4152 = ORIENTED_EDGE ( 'NONE', *, *, #2149, .F. ) ;
#4153 = FACE_OUTER_BOUND ( 'NONE', #4000, .T. ) ;
#4154 = CARTESIAN_POINT ( 'NONE',  ( 55.04969678325399940, -4.067657337583455046, -26.39999999999999858 ) ) ;
#4155 = LINE ( 'NONE', #5571, #4677 ) ;
#4156 =( GEOMETRIC_REPRESENTATION_CONTEXT ( 3 ) GLOBAL_UNCERTAINTY_ASSIGNED_CONTEXT ( ( #2736 ) ) GLOBAL_UNIT_ASSIGNED_CONTEXT ( ( #4035, #3912, #5360 ) ) REPRESENTATION_CONTEXT ( 'NONE', 'WORKASPACE' ) );
#4157 = CARTESIAN_POINT ( 'NONE',  ( 53.06673996170920304, 2.317970660146694950, -2.951253375095765019 ) ) ;
#4158 = EDGE_CURVE ( 'NONE', #5576, #1675, #3743, .T. ) ;
#4159 = ADVANCED_FACE ( 'NONE', ( #320 ), #2186, .F. ) ;
#4160 = AXIS2_PLACEMENT_3D ( 'NONE', #2120, #535, #1514 ) ;
#4161 = CARTESIAN_POINT ( 'NONE',  ( 68.64938875305628585, -10.08346369748242033, 3.149999999999999911 ) ) ;
#4162 = EDGE_LOOP ( 'NONE', ( #553, #3032, #4688, #5408, #1625, #5919, #2991, #274 ) ) ;
#4163 = EDGE_CURVE ( 'NONE', #1550, #5216, #1533, .T. ) ;
#4164 = CARTESIAN_POINT ( 'NONE',  ( 53.06673996170920304, 5.317970660146690065, -3.451253375095765019 ) ) ;
#4165 = CARTESIAN_POINT ( 'NONE',  ( -4.650611246943759269, -3.982029339853304872, 26.39999999999999858 ) ) ;
#4166 = CARTESIAN_POINT ( 'NONE',  ( -11.05061124694371877, 5.317970660146690065, 26.70000000000000284 ) ) ;
#4167 = VECTOR ( 'NONE', #4596, 1000.000000000000000 ) ;
#4168 = AXIS2_PLACEMENT_3D ( 'NONE', #3282, #3152, #765 ) ;
#4169 = VERTEX_POINT ( 'NONE', #3956 ) ;
#4170 = ORIENTED_EDGE ( 'NONE', *, *, #519, .F. ) ;
#4171 = EDGE_LOOP ( 'NONE', ( #1869, #2862, #3139, #1347 ) ) ;
#4172 = ORIENTED_EDGE ( 'NONE', *, *, #1810, .T. ) ;
#4173 = CYLINDRICAL_SURFACE ( 'NONE', #3616, 0.5000000000000004441 ) ;
#4174 = FACE_OUTER_BOUND ( 'NONE', #3979, .T. ) ;
#4175 = VECTOR ( 'NONE', #2309, 1000.000000000000000 ) ;
#4176 = EDGE_CURVE ( 'NONE', #558, #5310, #1571, .T. ) ;
#4177 = VERTEX_POINT ( 'NONE', #1565 ) ;
#4178 = VERTEX_POINT ( 'NONE', #2365 ) ;
#4179 = AXIS2_PLACEMENT_3D ( 'NONE', #3035, #5923, #5490 ) ;
#4180 = DIRECTION ( 'NONE',  ( 0.000000000000000000, 0.000000000000000000, -1.000000000000000000 ) ) ;
#4181 = CARTESIAN_POINT ( 'NONE',  ( 67.34938875305628869, -2.582029339853309846, 5.942407052354219843 ) ) ;
#4182 = DIRECTION ( 'NONE',  ( 0.000000000000000000, 1.000000000000000000, 0.000000000000000000 ) ) ;
#4183 = EDGE_CURVE ( 'NONE', #3232, #1550, #6156, .T. ) ;
#4184 = EDGE_CURVE ( 'NONE', #2059, #2234, #588, .T. ) ;
#4185 = VECTOR ( 'NONE', #2993, 1000.000000000000000 ) ;
#4186 = ORIENTED_EDGE ( 'NONE', *, *, #6190, .F. ) ;
#4187 = PLANE ( 'NONE',  #5151 ) ;
#4188 = ORIENTED_EDGE ( 'NONE', *, *, #4821, .F. ) ;
#4189 = ORIENTED_EDGE ( 'NONE', *, *, #4856, .T. ) ;
#4190 = VECTOR ( 'NONE', #370, 1000.000000000000000 ) ;
#4191 = DIRECTION ( 'NONE',  ( 1.000000000000000000, 0.000000000000000000, 0.000000000000000000 ) ) ;
#4192 = DIRECTION ( 'NONE',  ( 0.000000000000000000, 0.000000000000000000, -1.000000000000000000 ) ) ;
#4193 = LINE ( 'NONE', #5130, #5483 ) ;
#4194 = CARTESIAN_POINT ( 'NONE',  ( 67.34938875305628869, -7.237112297184710386, 3.149999999999999911 ) ) ;
#4195 = AXIS2_PLACEMENT_3D ( 'NONE', #2418, #5742, #3822 ) ;
#4196 = CARTESIAN_POINT ( 'NONE',  ( 67.34938875305628869, -4.782029339853309580, 25.00000000000000000 ) ) ;
#4197 = EDGE_LOOP ( 'NONE', ( #108, #1644, #1159, #1247 ) ) ;
#4198 = CARTESIAN_POINT ( 'NONE',  ( -11.05061124694371877, -12.68202933985330105, 25.00000000000000000 ) ) ;
#4199 = CARTESIAN_POINT ( 'NONE',  ( -10.75061124694373937, -7.372953488125739696, -15.65000000000000036 ) ) ;
#4200 = CIRCLE ( 'NONE', #1782, 1.000000000000000888 ) ;
#4201 = CARTESIAN_POINT ( 'NONE',  ( 41.00876143713075095, 5.317970660146690065, -10.45125337509577967 ) ) ;
#4202 = ADVANCED_FACE ( 'NONE', ( #2828 ), #2510, .F. ) ;
#4203 = EDGE_LOOP ( 'NONE', ( #4554, #2507, #2119, #5480, #686 ) ) ;
#4204 = EDGE_LOOP ( 'NONE', ( #4518, #2688, #5903, #3830, #3371, #3286, #3084, #2646 ) ) ;
#4205 = VERTEX_POINT ( 'NONE', #472 ) ;
#4206 = CYLINDRICAL_SURFACE ( 'NONE', #4561, 2.700000000000001066 ) ;
#4207 = LINE ( 'NONE', #2261, #1983 ) ;
#4208 = ORIENTED_EDGE ( 'NONE', *, *, #2915, .F. ) ;
#4209 = VERTEX_POINT ( 'NONE', #2400 ) ;
#4210 = CARTESIAN_POINT ( 'NONE',  ( 27.44938875305625103, 2.317970660146694950, 16.83140657344729973 ) ) ;
#4211 = CARTESIAN_POINT ( 'NONE',  ( 61.34938875305630290, -3.982029339853304872, 22.70000000000000284 ) ) ;
#4212 = ORIENTED_EDGE ( 'NONE', *, *, #1017, .T. ) ;
#4213 = CARTESIAN_POINT ( 'NONE',  ( 55.06673996170920304, 5.317970660146690065, -10.45125337509577967 ) ) ;
#4214 = ORIENTED_EDGE ( 'NONE', *, *, #4404, .F. ) ;
#4215 = CARTESIAN_POINT ( 'NONE',  ( -2.150611246943755273, -4.582029339853310290, -25.80000000000000071 ) ) ;
#4216 = CARTESIAN_POINT ( 'NONE',  ( 45.00876143713070121, 5.317970660146690065, -16.45125337509579566 ) ) ;
#4217 = EDGE_CURVE ( 'NONE', #4344, #648, #3685, .T. ) ;
#4218 = DIRECTION ( 'NONE',  ( 0.000000000000000000, 0.000000000000000000, 1.000000000000000000 ) ) ;
#4219 = DIRECTION ( 'NONE',  ( 0.000000000000000000, 0.000000000000000000, 1.000000000000000000 ) ) ;
#4220 = ADVANCED_FACE ( 'NONE', ( #1415 ), #3344, .T. ) ;
#4221 = FACE_OUTER_BOUND ( 'NONE', #4343, .T. ) ;
#4222 = ORIENTED_EDGE ( 'NONE', *, *, #404, .F. ) ;
#4223 = DIRECTION ( 'NONE',  ( 0.000000000000000000, -1.000000000000000000, 0.000000000000000000 ) ) ;
#4224 = CARTESIAN_POINT ( 'NONE',  ( 67.34938875305628869, -2.582029339853309846, -2.057592947645780157 ) ) ;
#4225 = VECTOR ( 'NONE', #4407, 1000.000000000000000 ) ;
#4226 = DIRECTION ( 'NONE',  ( 0.000000000000000000, 1.000000000000000000, 0.000000000000000000 ) ) ;
#4227 = DIRECTION ( 'NONE',  ( 0.000000000000000000, -1.000000000000000000, 0.000000000000000000 ) ) ;
#4228 = ORIENTED_EDGE ( 'NONE', *, *, #5273, .T. ) ;
#4229 = ORIENTED_EDGE ( 'NONE', *, *, #2749, .F. ) ;
#4230 = DIRECTION ( 'NONE',  ( 1.000000000000000000, 0.000000000000000000, 0.000000000000000000 ) ) ;
#4231 = ORIENTED_EDGE ( 'NONE', *, *, #6196, .T. ) ;
#4232 = DIRECTION ( 'NONE',  ( 1.000000000000000000, 0.000000000000000000, 0.000000000000000000 ) ) ;
#4233 = CARTESIAN_POINT ( 'NONE',  ( -2.150611246943755273, -4.582029339853310290, -23.30000000000000071 ) ) ;
#4234 = ORIENTED_EDGE ( 'NONE', *, *, #685, .T. ) ;
#4235 = ORIENTED_EDGE ( 'NONE', *, *, #3970, .F. ) ;
#4236 = EDGE_CURVE ( 'NONE', #4178, #3116, #2040, .T. ) ;
#4237 = VERTEX_POINT ( 'NONE', #1099 ) ;
#4238 = ADVANCED_FACE ( 'NONE', ( #5251 ), #3806, .F. ) ;
#4239 = CARTESIAN_POINT ( 'NONE',  ( 68.64938875305628585, -9.782029339853300698, -15.54999999999999893 ) ) ;
#4240 = CARTESIAN_POINT ( 'NONE',  ( -4.650611246943759269, 4.017970660146695572, -23.30000000000000071 ) ) ;
#4241 = ORIENTED_EDGE ( 'NONE', *, *, #5619, .F. ) ;
#4242 = AXIS2_PLACEMENT_3D ( 'NONE', #2590, #2972, #75 ) ;
#4243 = LINE ( 'NONE', #2825, #5254 ) ;
#4244 = ORIENTED_EDGE ( 'NONE', *, *, #2738, .T. ) ;
#4245 = DIRECTION ( 'NONE',  ( 0.000000000000000000, 0.000000000000000000, 1.000000000000000000 ) ) ;
#4246 = DIRECTION ( 'NONE',  ( 1.000000000000000000, 0.000000000000000000, 0.000000000000000000 ) ) ;
#4247 = CARTESIAN_POINT ( 'NONE',  ( 68.64938875305628585, -4.282029339853305139, -18.85701875544739892 ) ) ;
#4248 = DIRECTION ( 'NONE',  ( 0.000000000000000000, -1.000000000000000000, 0.000000000000000000 ) ) ;
#4249 = AXIS2_PLACEMENT_3D ( 'NONE', #4413, #92, #3968 ) ;
#4250 = DIRECTION ( 'NONE',  ( 2.292773743318139901E-31, 1.000000000000000000, 1.652117596168390123E-15 ) ) ;
#4251 = VERTEX_POINT ( 'NONE', #2981 ) ;
#4252 = VECTOR ( 'NONE', #438, 1000.000000000000000 ) ;
#4253 = EDGE_CURVE ( 'NONE', #3326, #5216, #5402, .T. ) ;
#4254 = CARTESIAN_POINT ( 'NONE',  ( 65.94938875305629722, -3.982029339853304872, -25.00000000000000000 ) ) ;
#4255 = DIRECTION ( 'NONE',  ( 1.000000000000000000, 0.000000000000000000, 0.000000000000000000 ) ) ;
#4256 = LINE ( 'NONE', #6133, #2085 ) ;
#4257 = DIRECTION ( 'NONE',  ( 0.000000000000000000, 0.000000000000000000, 1.000000000000000000 ) ) ;
#4258 = VECTOR ( 'NONE', #1118, 1000.000000000000000 ) ;
#4259 = ORIENTED_EDGE ( 'NONE', *, *, #5760, .F. ) ;
#4260 = CARTESIAN_POINT ( 'NONE',  ( -12.45061124694371912, -12.68202933985330105, 25.00000000000000000 ) ) ;
#4261 = AXIS2_PLACEMENT_3D ( 'NONE', #1172, #4657, #2638 ) ;
#4262 = LINE ( 'NONE', #5586, #817 ) ;
#4263 = CARTESIAN_POINT ( 'NONE',  ( 47.52818463161129614, 2.317970660146694950, 16.84922043697280003 ) ) ;
#4264 = ORIENTED_EDGE ( 'NONE', *, *, #737, .F. ) ;
#4265 = VECTOR ( 'NONE', #5604, 1000.000000000000000 ) ;
#4266 = VECTOR ( 'NONE', #4086, 1000.000000000000000 ) ;
#4267 = VERTEX_POINT ( 'NONE', #1387 ) ;
#4268 = ORIENTED_EDGE ( 'NONE', *, *, #4599, .F. ) ;
#4269 = ORIENTED_EDGE ( 'NONE', *, *, #3779, .T. ) ;
#4270 = VECTOR ( 'NONE', #5741, 1000.000000000000000 ) ;
#4271 = LINE ( 'NONE', #5620, #5673 ) ;
#4272 = CARTESIAN_POINT ( 'NONE',  ( 57.06673996170920304, 2.317970660146694950, -7.951253375095769016 ) ) ;
#4273 = ORIENTED_EDGE ( 'NONE', *, *, #3900, .F. ) ;
#4274 = EDGE_CURVE ( 'NONE', #3326, #5781, #2799, .T. ) ;
#4275 = VECTOR ( 'NONE', #6107, 1000.000000000000000 ) ;
#4276 = ORIENTED_EDGE ( 'NONE', *, *, #5526, .F. ) ;
#4277 = LINE ( 'NONE', #1886, #5556 ) ;
#4278 = EDGE_LOOP ( 'NONE', ( #3307, #4231, #2087, #1050 ) ) ;
#4279 = DIRECTION ( 'NONE',  ( 0.000000000000000000, 0.000000000000000000, 1.000000000000000000 ) ) ;
#4280 = LINE ( 'NONE', #1593, #973 ) ;
#4281 = DIRECTION ( 'NONE',  ( 0.000000000000000000, 0.000000000000000000, -1.000000000000000000 ) ) ;
#4282 = AXIS2_PLACEMENT_3D ( 'NONE', #5721, #3777, #1889 ) ;
#4283 = CARTESIAN_POINT ( 'NONE',  ( 0.3493887530562465038, -3.982029339853304872, 22.70000000000000284 ) ) ;
#4284 = AXIS2_PLACEMENT_3D ( 'NONE', #6194, #3832, #4720 ) ;
#4285 = FACE_BOUND ( 'NONE', #1505, .T. ) ;
#4286 = ORIENTED_EDGE ( 'NONE', *, *, #2381, .F. ) ;
#4287 = DIRECTION ( 'NONE',  ( 0.000000000000000000, 1.000000000000000000, 0.000000000000000000 ) ) ;
#4288 = DIRECTION ( 'NONE',  ( 1.000000000000000000, 0.000000000000000000, 0.000000000000000000 ) ) ;
#4289 = ADVANCED_FACE ( 'NONE', ( #3011 ), #4930, .F. ) ;
#4290 = LINE ( 'NONE', #7, #1579 ) ;
#4291 = EDGE_CURVE ( 'NONE', #4918, #2759, #4280, .T. ) ;
#4292 = DIRECTION ( 'NONE',  ( 0.000000000000000000, 1.000000000000000000, 0.000000000000000000 ) ) ;
#4293 = AXIS2_PLACEMENT_3D ( 'NONE', #4618, #307, #6052 ) ;
#4294 = ORIENTED_EDGE ( 'NONE', *, *, #1337, .T. ) ;
#4295 = CARTESIAN_POINT ( 'NONE',  ( -2.150611246943755273, -4.582029339853310290, 20.19999999999999929 ) ) ;
#4296 = ORIENTED_EDGE ( 'NONE', *, *, #1255, .T. ) ;
#4297 = VECTOR ( 'NONE', #5854, 1000.000000000000000 ) ;
#4298 = PLANE ( 'NONE',  #4757 ) ;
#4299 = CARTESIAN_POINT ( 'NONE',  ( -12.45061124694374044, -12.68202933985330105, -25.00000000000000000 ) ) ;
#4300 = DIRECTION ( 'NONE',  ( 0.000000000000000000, -1.000000000000000000, 0.000000000000000000 ) ) ;
#4301 = DIRECTION ( 'NONE',  ( 0.000000000000000000, 1.000000000000000000, 0.000000000000000000 ) ) ;
#4302 = ORIENTED_EDGE ( 'NONE', *, *, #1619, .T. ) ;
#4303 = ADVANCED_FACE ( 'NONE', ( #150 ), #441, .F. ) ;
#4304 = ORIENTED_EDGE ( 'NONE', *, *, #991, .T. ) ;
#4305 = CARTESIAN_POINT ( 'NONE',  ( 70.94938875305629722, -7.682029339853309935, 9.449999999999999289 ) ) ;
#4306 = DIRECTION ( 'NONE',  ( 0.000000000000000000, 0.000000000000000000, -1.000000000000000000 ) ) ;
#4307 = ORIENTED_EDGE ( 'NONE', *, *, #2067, .T. ) ;
#4308 = ORIENTED_EDGE ( 'NONE', *, *, #4782, .T. ) ;
#4309 = EDGE_LOOP ( 'NONE', ( #372, #61, #2654, #5375 ) ) ;
#4310 = LINE ( 'NONE', #1851, #129 ) ;
#4311 = VERTEX_POINT ( 'NONE', #2334 ) ;
#4312 = DIRECTION ( 'NONE',  ( 0.000000000000000000, 0.000000000000000000, 1.000000000000000000 ) ) ;
#4313 = DIRECTION ( 'NONE',  ( 0.000000000000000000, 0.000000000000000000, -1.000000000000000000 ) ) ;
#4314 = CARTESIAN_POINT ( 'NONE',  ( 53.06673996170920304, 2.317970660146694950, -3.451253375095765019 ) ) ;
#4315 = DIRECTION ( 'NONE',  ( 1.000000000000000000, 0.000000000000000000, 0.000000000000000000 ) ) ;
#4316 = EDGE_CURVE ( 'NONE', #3902, #5495, #5023, .T. ) ;
#4317 = DIRECTION ( 'NONE',  ( 1.000000000000000000, 0.000000000000000000, 0.000000000000000000 ) ) ;
#4318 = EDGE_LOOP ( 'NONE', ( #5505, #5679, #4615, #3828, #5990, #4449, #2627, #2809 ) ) ;
#4319 = EDGE_CURVE ( 'NONE', #582, #2293, #4107, .T. ) ;
#4320 = DIRECTION ( 'NONE',  ( 0.000000000000000000, 0.000000000000000000, -1.000000000000000000 ) ) ;
#4321 = DIRECTION ( 'NONE',  ( 0.000000000000000000, -1.000000000000000000, 0.000000000000000000 ) ) ;
#4322 = ADVANCED_FACE ( 'NONE', ( #3079 ), #4996, .F. ) ;
#4323 = CARTESIAN_POINT ( 'NONE',  ( 77.40074519957200039, -7.682029339853309935, 9.449999999999999289 ) ) ;
#4324 = ORIENTED_EDGE ( 'NONE', *, *, #1660, .F. ) ;
#4325 = EDGE_LOOP ( 'NONE', ( #1722, #3104, #4716, #3785 ) ) ;
#4326 = EDGE_CURVE ( 'NONE', #4377, #2759, #1220, .T. ) ;
#4327 = ORIENTED_EDGE ( 'NONE', *, *, #1094, .T. ) ;
#4328 = EDGE_CURVE ( 'NONE', #2804, #248, #4045, .T. ) ;
#4329 = PLANE ( 'NONE',  #4944 ) ;
#4330 = CIRCLE ( 'NONE', #1709, 1.399999999999998579 ) ;
#4331 = DIRECTION ( 'NONE',  ( -1.000000000000000000, 0.000000000000000000, 0.000000000000000000 ) ) ;
#4332 = DIRECTION ( 'NONE',  ( 0.000000000000000000, 1.000000000000000000, 0.000000000000000000 ) ) ;
#4333 = LINE ( 'NONE', #3821, #1161 ) ;
#4334 = FACE_BOUND ( 'NONE', #4866, .T. ) ;
#4335 = ORIENTED_EDGE ( 'NONE', *, *, #3900, .T. ) ;
#4336 = EDGE_CURVE ( 'NONE', #5711, #3950, #2625, .T. ) ;
#4337 = EDGE_CURVE ( 'NONE', #2673, #5824, #2203, .T. ) ;
#4338 = VERTEX_POINT ( 'NONE', #5555 ) ;
#4339 = EDGE_LOOP ( 'NONE', ( #1108, #4817, #1536, #1493 ) ) ;
#4340 = EDGE_CURVE ( 'NONE', #4209, #4665, #2170, .T. ) ;
#4341 = CARTESIAN_POINT ( 'NONE',  ( -11.05061124694371877, 4.017970660146695572, 17.33140657344729973 ) ) ;
#4342 = CARTESIAN_POINT ( 'NONE',  ( 65.94938875305629722, 4.317970660146690065, 27.69999999999999929 ) ) ;
#4343 = EDGE_LOOP ( 'NONE', ( #109, #716, #5118, #6115 ) ) ;
#4344 = VERTEX_POINT ( 'NONE', #4522 ) ;
#4345 = CARTESIAN_POINT ( 'NONE',  ( 63.84938875305628869, 4.017970660146695572, -23.30000000000000071 ) ) ;
#4346 = ORIENTED_EDGE ( 'NONE', *, *, #1541, .T. ) ;
#4347 = LINE ( 'NONE', #946, #5564 ) ;
#4348 = DIRECTION ( 'NONE',  ( -1.000000000000000000, 0.000000000000000000, 0.000000000000000000 ) ) ;
#4349 = VECTOR ( 'NONE', #4511, 1000.000000000000000 ) ;
#4350 = DIRECTION ( 'NONE',  ( 0.000000000000000000, -1.000000000000000000, 0.000000000000000000 ) ) ;
#4351 = VERTEX_POINT ( 'NONE', #5958 ) ;
#4352 = CARTESIAN_POINT ( 'NONE',  ( 43.00876143713070121, 5.317970660146690065, -2.951253375095760134 ) ) ;
#4353 = CARTESIAN_POINT ( 'NONE',  ( 63.84938875305628869, -4.582029339853310290, 24.10000000000000142 ) ) ;
#4354 = CIRCLE ( 'NONE', #831, 1.399999999999998579 ) ;
#4355 = DIRECTION ( 'NONE',  ( 0.000000000000000000, 1.000000000000000000, 0.000000000000000000 ) ) ;
#4356 = ORIENTED_EDGE ( 'NONE', *, *, #1908, .T. ) ;
#4357 = DIRECTION ( 'NONE',  ( 0.000000000000000000, 0.000000000000000000, 1.000000000000000000 ) ) ;
#4358 = ADVANCED_FACE ( 'NONE', ( #243 ), #186, .T. ) ;
#4359 = ORIENTED_EDGE ( 'NONE', *, *, #835, .T. ) ;
#4360 = EDGE_CURVE ( 'NONE', #3232, #3363, #5466, .T. ) ;
#4361 = VECTOR ( 'NONE', #1162, 1000.000000000000000 ) ;
#4362 = ORIENTED_EDGE ( 'NONE', *, *, #6190, .T. ) ;
#4363 = CARTESIAN_POINT ( 'NONE',  ( 55.85349847498640230, 4.017970660146695572, 12.84922043697280181 ) ) ;
#4364 = ORIENTED_EDGE ( 'NONE', *, *, #3779, .F. ) ;
#4365 = DIRECTION ( 'NONE',  ( 1.000000000000000000, 0.000000000000000000, 0.000000000000000000 ) ) ;
#4366 = DIRECTION ( 'NONE',  ( 0.000000000000000000, 0.000000000000000000, -1.000000000000000000 ) ) ;
#4367 = PLANE ( 'NONE',  #3671 ) ;
#4368 = LINE ( 'NONE', #1432, #2387 ) ;
#4369 = VECTOR ( 'NONE', #3511, 1000.000000000000000 ) ;
#4370 = ORIENTED_EDGE ( 'NONE', *, *, #620, .F. ) ;
#4371 = VERTEX_POINT ( 'NONE', #5992 ) ;
#4372 = AXIS2_PLACEMENT_3D ( 'NONE', #5821, #1011, #568 ) ;
#4373 = CYLINDRICAL_SURFACE ( 'NONE', #4578, 1.000000000000000888 ) ;
#4374 = EDGE_CURVE ( 'NONE', #1784, #1659, #5053, .T. ) ;
#4375 = DIRECTION ( 'NONE',  ( 0.000000000000000000, 0.000000000000000000, 1.000000000000000000 ) ) ;
#4376 = AXIS2_PLACEMENT_3D ( 'NONE', #5912, #5784, #5319 ) ;
#4377 = VERTEX_POINT ( 'NONE', #3577 ) ;
#4378 = VECTOR ( 'NONE', #3500, 1000.000000000000000 ) ;
#4379 = CARTESIAN_POINT ( 'NONE',  ( -12.45061124694374044, 5.317970660146690065, -25.00000000000000000 ) ) ;
#4380 = AXIS2_PLACEMENT_3D ( 'NONE', #5430, #1473, #1029 ) ;
#4381 = DIRECTION ( 'NONE',  ( 1.000000000000000000, 0.000000000000000000, 0.000000000000000000 ) ) ;
#4382 = EDGE_CURVE ( 'NONE', #3861, #2689, #5501, .T. ) ;
#4383 = ADVANCED_FACE ( 'NONE', ( #4587 ), #5933, .T. ) ;
#4384 = DIRECTION ( 'NONE',  ( 0.000000000000000000, 0.000000000000000000, 1.000000000000000000 ) ) ;
#4385 = DIRECTION ( 'NONE',  ( 1.000000000000000000, 0.000000000000000000, 0.000000000000000000 ) ) ;
#4386 = ORIENTED_EDGE ( 'NONE', *, *, #2951, .F. ) ;
#4387 = VECTOR ( 'NONE', #4332, 1000.000000000000000 ) ;
#4388 = DIRECTION ( 'NONE',  ( 0.000000000000000000, 0.000000000000000000, 1.000000000000000000 ) ) ;
#4389 = CARTESIAN_POINT ( 'NONE',  ( -11.05061124694371877, 4.017970660146695572, 26.14441820468924860 ) ) ;
#4390 = DIRECTION ( 'NONE',  ( 1.387778780781445922E-16, 0.000000000000000000, 1.000000000000000000 ) ) ;
#4391 = EDGE_LOOP ( 'NONE', ( #2852, #3910, #5743, #154, #4650, #421, #3396, #3597 ) ) ;
#4392 = VECTOR ( 'NONE', #919, 1000.000000000000000 ) ;
#4393 = VERTEX_POINT ( 'NONE', #3636 ) ;
#4394 = CARTESIAN_POINT ( 'NONE',  ( 47.52818463161129614, -1.682029339853305050, 14.84922043697280181 ) ) ;
#4395 = ORIENTED_EDGE ( 'NONE', *, *, #1812, .F. ) ;
#4396 = CARTESIAN_POINT ( 'NONE',  ( 47.26184252009240083, 4.017970660146695572, 16.83140657344729973 ) ) ;
#4397 = DIRECTION ( 'NONE',  ( 0.000000000000000000, -1.000000000000000000, 0.000000000000000000 ) ) ;
#4398 = VECTOR ( 'NONE', #6224, 1000.000000000000000 ) ;
#4399 = DIRECTION ( 'NONE',  ( 0.000000000000000000, 0.000000000000000000, 1.000000000000000000 ) ) ;
#4400 = FACE_OUTER_BOUND ( 'NONE', #3748, .T. ) ;
#4401 = CIRCLE ( 'NONE', #573, 0.5000000000000004441 ) ;
#4402 = ORIENTED_EDGE ( 'NONE', *, *, #592, .T. ) ;
#4403 = EDGE_LOOP ( 'NONE', ( #1016, #2240, #5365, #117, #3105 ) ) ;
#4404 = EDGE_CURVE ( 'NONE', #2234, #2037, #5090, .T. ) ;
#4405 = ORIENTED_EDGE ( 'NONE', *, *, #5338, .F. ) ;
#4406 = DIRECTION ( 'NONE',  ( 0.000000000000000000, 1.000000000000000000, 0.000000000000000000 ) ) ;
#4407 = DIRECTION ( 'NONE',  ( -1.604941620322694866E-31, -1.000000000000000000, -1.156482317317869950E-15 ) ) ;
#4408 = ORIENTED_EDGE ( 'NONE', *, *, #972, .F. ) ;
#4409 = FACE_OUTER_BOUND ( 'NONE', #6207, .T. ) ;
#4410 = CARTESIAN_POINT ( 'NONE',  ( 55.85349847498640230, 2.317970660146694950, 16.83140657344729973 ) ) ;
#4411 = DIRECTION ( 'NONE',  ( 1.000000000000000000, 0.000000000000000000, 0.000000000000000000 ) ) ;
#4412 = EDGE_CURVE ( 'NONE', #5671, #3387, #6192, .T. ) ;
#4413 = CARTESIAN_POINT ( 'NONE',  ( -10.75061124694373937, -7.372953488125739696, 15.65000000000000036 ) ) ;
#4414 = ADVANCED_FACE ( 'NONE', ( #1621 ), #4016, .F. ) ;
#4415 = VERTEX_POINT ( 'NONE', #3545 ) ;
#4416 = PLANE ( 'NONE',  #2553 ) ;
#4417 = PLANE ( 'NONE',  #5290 ) ;
#4418 = CARTESIAN_POINT ( 'NONE',  ( 55.85349847498640230, 5.317970660146690065, 6.777868546064289568 ) ) ;
#4419 = ORIENTED_EDGE ( 'NONE', *, *, #1287, .T. ) ;
#4420 = ADVANCED_FACE ( 'NONE', ( #1155 ), #5117, .F. ) ;
#4421 = EDGE_LOOP ( 'NONE', ( #5499, #1342, #2777, #643 ) ) ;
#4422 = ORIENTED_EDGE ( 'NONE', *, *, #5941, .T. ) ;
#4423 = DIRECTION ( 'NONE',  ( 1.000000000000000000, 0.000000000000000000, 0.000000000000000000 ) ) ;
#4424 = ORIENTED_EDGE ( 'NONE', *, *, #5245, .T. ) ;
#4425 = DIRECTION ( 'NONE',  ( 0.000000000000000000, -1.000000000000000000, 7.709882115452480139E-16 ) ) ;
#4426 = DIRECTION ( 'NONE',  ( 0.000000000000000000, 0.000000000000000000, 1.000000000000000000 ) ) ;
#4427 = LINE ( 'NONE', #516, #1862 ) ;
#4428 = DIRECTION ( 'NONE',  ( 1.000000000000000000, 0.000000000000000000, 0.000000000000000000 ) ) ;
#4429 = VECTOR ( 'NONE', #3366, 1000.000000000000000 ) ;
#4430 = EDGE_LOOP ( 'NONE', ( #2542, #5827, #1254, #3339 ) ) ;
#4431 = ORIENTED_EDGE ( 'NONE', *, *, #2853, .F. ) ;
#4432 = EDGE_CURVE ( 'NONE', #4178, #5859, #398, .T. ) ;
#4433 = CARTESIAN_POINT ( 'NONE',  ( 27.44938875305625103, 2.317970660146694950, 12.34922043697280181 ) ) ;
#4434 = DIRECTION ( 'NONE',  ( 0.000000000000000000, 0.000000000000000000, -1.000000000000000000 ) ) ;
#4435 = AXIS2_PLACEMENT_3D ( 'NONE', #4997, #4017, #619 ) ;
#4436 = DIRECTION ( 'NONE',  ( 0.000000000000000000, -1.000000000000000000, 0.000000000000000000 ) ) ;
#4437 = EDGE_CURVE ( 'NONE', #2438, #2832, #5191, .T. ) ;
#4438 = EDGE_CURVE ( 'NONE', #3632, #4498, #6141, .T. ) ;
#4439 = EDGE_CURVE ( 'NONE', #944, #4096, #1781, .T. ) ;
#4440 = CARTESIAN_POINT ( 'NONE',  ( -11.05061124694371877, 4.017970660146695572, -25.94512806027880103 ) ) ;
#4441 = DIRECTION ( 'NONE',  ( 0.000000000000000000, 0.000000000000000000, 1.000000000000000000 ) ) ;
#4442 = CARTESIAN_POINT ( 'NONE',  ( 27.44938875305625103, 5.317970660146690065, 12.34922043697280181 ) ) ;
#4443 = DIRECTION ( 'NONE',  ( 0.000000000000000000, 0.000000000000000000, 1.000000000000000000 ) ) ;
#4444 = ORIENTED_EDGE ( 'NONE', *, *, #1865, .T. ) ;
#4445 = CARTESIAN_POINT ( 'NONE',  ( 55.04969678325399940, -4.067657337583455046, 27.69999999999999929 ) ) ;
#4446 = DIRECTION ( 'NONE',  ( 0.000000000000000000, 0.000000000000000000, 1.000000000000000000 ) ) ;
#4447 = CARTESIAN_POINT ( 'NONE',  ( 66.34938875305628869, -3.982029339853304872, 22.70000000000000284 ) ) ;
#4448 = AXIS2_PLACEMENT_3D ( 'NONE', #730, #4637, #3187 ) ;
#4449 = ORIENTED_EDGE ( 'NONE', *, *, #5960, .F. ) ;
#4450 = CARTESIAN_POINT ( 'NONE',  ( 63.84938875305628869, -3.982029339853304872, -25.80000000000000071 ) ) ;
#4451 = VERTEX_POINT ( 'NONE', #6213 ) ;
#4452 = AXIS2_PLACEMENT_3D ( 'NONE', #3438, #1958, #1485 ) ;
#4453 = FILL_AREA_STYLE_COLOUR ( '', #2155 ) ;
#4454 = FACE_BOUND ( 'NONE', #804, .T. ) ;
#4455 = DIRECTION ( 'NONE',  ( 1.000000000000000000, 0.000000000000000000, 0.000000000000000000 ) ) ;
#4456 = CYLINDRICAL_SURFACE ( 'NONE', #2384, 2.000000000000000000 ) ;
#4457 = AXIS2_PLACEMENT_3D ( 'NONE', #5964, #2143, #4557 ) ;
#4458 = VERTEX_POINT ( 'NONE', #1401 ) ;
#4459 = VERTEX_POINT ( 'NONE', #6112 ) ;
#4460 = EDGE_LOOP ( 'NONE', ( #1618, #1520, #5733, #3603 ) ) ;
#4461 = VECTOR ( 'NONE', #2031, 1000.000000000000000 ) ;
#4462 = CARTESIAN_POINT ( 'NONE',  ( 43.00876143713070121, 5.317970660146690065, -2.951253375095765019 ) ) ;
#4463 = DIRECTION ( 'NONE',  ( 0.000000000000000000, 1.000000000000000000, 0.000000000000000000 ) ) ;
#4464 = CARTESIAN_POINT ( 'NONE',  ( 68.64938875305628585, -1.582029339853310068, 5.942407052354219843 ) ) ;
#4465 = VERTEX_POINT ( 'NONE', #3669 ) ;
#4466 = CIRCLE ( 'NONE', #5961, 1.000000000000000888 ) ;
#4467 = ORIENTED_EDGE ( 'NONE', *, *, #1908, .F. ) ;
#4468 = CARTESIAN_POINT ( 'NONE',  ( -2.150611246943755273, -3.982029339853304872, 22.70000000000000284 ) ) ;
#4469 = DIRECTION ( 'NONE',  ( 0.000000000000000000, 0.000000000000000000, 1.000000000000000000 ) ) ;
#4470 = VECTOR ( 'NONE', #980, 1000.000000000000000 ) ;
#4471 = DIRECTION ( 'NONE',  ( 1.387778780781445922E-16, 0.000000000000000000, 1.000000000000000000 ) ) ;
#4472 = EDGE_CURVE ( 'NONE', #4888, #5671, #5989, .T. ) ;
#4473 = CIRCLE ( 'NONE', #4168, 1.399999999999998579 ) ;
#4474 = CARTESIAN_POINT ( 'NONE',  ( 65.94938875305629722, 5.317970660146690065, -27.69999999999999929 ) ) ;
#4475 = ORIENTED_EDGE ( 'NONE', *, *, #84, .T. ) ;
#4476 = DIRECTION ( 'NONE',  ( 0.000000000000000000, 0.000000000000000000, 1.000000000000000000 ) ) ;
#4477 = DIRECTION ( 'NONE',  ( 1.000000000000000000, 0.000000000000000000, 0.000000000000000000 ) ) ;
#4478 = VECTOR ( 'NONE', #1054, 1000.000000000000000 ) ;
#4479 = DIRECTION ( 'NONE',  ( 0.000000000000000000, 0.000000000000000000, -1.000000000000000000 ) ) ;
#4480 = AXIS2_PLACEMENT_3D ( 'NONE', #5361, #77, #1497 ) ;
#4481 = ORIENTED_EDGE ( 'NONE', *, *, #4337, .F. ) ;
#4482 = LINE ( 'NONE', #3031, #1229 ) ;
#4483 = VERTEX_POINT ( 'NONE', #338 ) ;
#4484 = CARTESIAN_POINT ( 'NONE',  ( -12.45061124694374044, -7.372953488125739696, -25.00000000000000000 ) ) ;
#4485 = EDGE_CURVE ( 'NONE', #1849, #679, #807, .T. ) ;
#4486 = CARTESIAN_POINT ( 'NONE',  ( 63.84938875305628869, 4.017970660146695572, 24.10000000000000142 ) ) ;
#4487 = CIRCLE ( 'NONE', #4685, 0.9999999999999991118 ) ;
#4488 = EDGE_LOOP ( 'NONE', ( #3007, #1123, #5610, #3322, #767 ) ) ;
#4489 = ORIENTED_EDGE ( 'NONE', *, *, #5736, .T. ) ;
#4490 = VERTEX_POINT ( 'NONE', #2720 ) ;
#4491 = AXIS2_PLACEMENT_3D ( 'NONE', #2076, #3521, #410 ) ;
#4492 = ORIENTED_EDGE ( 'NONE', *, *, #1932, .T. ) ;
#4493 = EDGE_CURVE ( 'NONE', #6087, #2689, #3885, .T. ) ;
#4494 = CARTESIAN_POINT ( 'NONE',  ( 67.34938875305628869, 4.017970660146695572, 25.00000000000000000 ) ) ;
#4495 = CARTESIAN_POINT ( 'NONE',  ( 1.154952111509895962, 5.317970660146690065, -25.94512806027880103 ) ) ;
#4496 = FACE_OUTER_BOUND ( 'NONE', #2228, .T. ) ;
#4497 = AXIS2_PLACEMENT_3D ( 'NONE', #2618, #3070, #5079 ) ;
#4498 = VERTEX_POINT ( 'NONE', #1340 ) ;
#4499 = CARTESIAN_POINT ( 'NONE',  ( 43.00876143713070121, 4.017970660146695572, -2.951253375095765019 ) ) ;
#4500 = VECTOR ( 'NONE', #570, 1000.000000000000000 ) ;
#4501 = DIRECTION ( 'NONE',  ( 0.000000000000000000, 1.000000000000000000, 0.000000000000000000 ) ) ;
#4502 = DIRECTION ( 'NONE',  ( 0.000000000000000000, 0.000000000000000000, -1.000000000000000000 ) ) ;
#4503 = FACE_OUTER_BOUND ( 'NONE', #2233, .T. ) ;
#4504 = ORIENTED_EDGE ( 'NONE', *, *, #4004, .F. ) ;
#4505 = LINE ( 'NONE', #2554, #1749 ) ;
#4506 = DIRECTION ( 'NONE',  ( -1.000000000000000000, 0.000000000000000000, 0.000000000000000000 ) ) ;
#4507 = FACE_OUTER_BOUND ( 'NONE', #749, .T. ) ;
#4508 = EDGE_CURVE ( 'NONE', #1087, #4209, #4207, .T. ) ;
#4509 = EDGE_CURVE ( 'NONE', #2699, #1128, #3200, .T. ) ;
#4510 = ORIENTED_EDGE ( 'NONE', *, *, #1617, .F. ) ;
#4511 = DIRECTION ( 'NONE',  ( 0.000000000000000000, -1.000000000000000000, 0.000000000000000000 ) ) ;
#4512 = ORIENTED_EDGE ( 'NONE', *, *, #3709, .T. ) ;
#4513 = EDGE_CURVE ( 'NONE', #4837, #5018, #838, .T. ) ;
#4514 = CARTESIAN_POINT ( 'NONE',  ( -2.150611246943755273, -4.582029339853310290, 20.19999999999999929 ) ) ;
#4515 = CARTESIAN_POINT ( 'NONE',  ( 45.00876143713070121, 2.317970660146694950, -15.45125337509579921 ) ) ;
#4516 = DIRECTION ( 'NONE',  ( 0.000000000000000000, 0.000000000000000000, 1.000000000000000000 ) ) ;
#4517 = ADVANCED_FACE ( 'NONE', ( #4174 ), #1806, .F. ) ;
#4518 = ORIENTED_EDGE ( 'NONE', *, *, #2635, .F. ) ;
#4519 = VERTEX_POINT ( 'NONE', #3702 ) ;
#4520 = ORIENTED_EDGE ( 'NONE', *, *, #5615, .F. ) ;
#4521 = LINE ( 'NONE', #2202, #5969 ) ;
#4522 = CARTESIAN_POINT ( 'NONE',  ( -13.75061124694374115, 4.317970660146690065, -25.00000000000000000 ) ) ;
#4523 = CARTESIAN_POINT ( 'NONE',  ( -4.650611246943759269, 4.017970660146695572, 22.70000000000000284 ) ) ;
#4524 = EDGE_CURVE ( 'NONE', #1476, #3959, #4994, .T. ) ;
#4525 = ORIENTED_EDGE ( 'NONE', *, *, #43, .T. ) ;
#4526 = EDGE_CURVE ( 'NONE', #4934, #802, #2756, .T. ) ;
#4527 = CARTESIAN_POINT ( 'NONE',  ( 65.94938875305629722, 4.017970660146695572, -26.39999999999999858 ) ) ;
#4528 = CIRCLE ( 'NONE', #308, 0.5000000000000004441 ) ;
#4529 = CARTESIAN_POINT ( 'NONE',  ( 65.64938875305630006, 0.7179706601466929738, -6.357018755447420233 ) ) ;
#4530 = DIRECTION ( 'NONE',  ( 0.000000000000000000, 1.000000000000000000, 0.000000000000000000 ) ) ;
#4531 = FACE_OUTER_BOUND ( 'NONE', #4810, .T. ) ;
#4532 = VERTEX_POINT ( 'NONE', #2788 ) ;
#4533 = DIRECTION ( 'NONE',  ( 0.000000000000000000, 0.000000000000000000, 1.000000000000000000 ) ) ;
#4534 = DIRECTION ( 'NONE',  ( 0.000000000000000000, 0.000000000000000000, -1.000000000000000000 ) ) ;
#4535 = CARTESIAN_POINT ( 'NONE',  ( -11.05061124694374008, 4.017970660146695572, -25.00000000000000000 ) ) ;
#4536 = ORIENTED_EDGE ( 'NONE', *, *, #3908, .T. ) ;
#4537 = DIRECTION ( 'NONE',  ( 0.000000000000000000, 0.000000000000000000, 1.000000000000000000 ) ) ;
#4538 = ORIENTED_EDGE ( 'NONE', *, *, #4872, .T. ) ;
#4539 = LINE ( 'NONE', #3655, #3151 ) ;
#4540 = LINE ( 'NONE', #1089, #4980 ) ;
#4541 = VECTOR ( 'NONE', #3698, 1000.000000000000000 ) ;
#4542 = LINE ( 'NONE', #4486, #1778 ) ;
#4543 = EDGE_CURVE ( 'NONE', #3542, #1085, #3331, .T. ) ;
#4544 = EDGE_CURVE ( 'NONE', #638, #2222, #4707, .T. ) ;
#4545 = AXIS2_PLACEMENT_3D ( 'NONE', #1086, #3939, #577 ) ;
#4546 = VERTEX_POINT ( 'NONE', #898 ) ;
#4547 = ORIENTED_EDGE ( 'NONE', *, *, #945, .T. ) ;
#4548 = ORIENTED_EDGE ( 'NONE', *, *, #4966, .T. ) ;
#4549 = EDGE_LOOP ( 'NONE', ( #789, #1616, #1583, #2133 ) ) ;
#4550 = CARTESIAN_POINT ( 'NONE',  ( 65.64938875305630006, -3.782029339853310024, 10.23512053801293931 ) ) ;
#4551 = DIRECTION ( 'NONE',  ( -1.000000000000000000, 0.000000000000000000, 0.000000000000000000 ) ) ;
#4552 = VECTOR ( 'NONE', #5479, 1000.000000000000000 ) ;
#4553 = CYLINDRICAL_SURFACE ( 'NONE', #5632, 1.399999999999998579 ) ;
#4554 = ORIENTED_EDGE ( 'NONE', *, *, #4593, .T. ) ;
#4555 = EDGE_LOOP ( 'NONE', ( #5000, #366, #4222, #4520 ) ) ;
#4556 = VECTOR ( 'NONE', #784, 1000.000000000000000 ) ;
#4557 = DIRECTION ( 'NONE',  ( 0.000000000000000000, 0.000000000000000000, 1.000000000000000000 ) ) ;
#4558 = EDGE_CURVE ( 'NONE', #609, #1376, #5689, .T. ) ;
#4559 = CARTESIAN_POINT ( 'NONE',  ( 65.94938875305629722, 5.317970660146690065, 26.39999999999999858 ) ) ;
#4560 = DIRECTION ( 'NONE',  ( 1.000000000000000000, 0.000000000000000000, 0.000000000000000000 ) ) ;
#4561 = AXIS2_PLACEMENT_3D ( 'NONE', #3761, #4300, #3199 ) ;
#4562 = AXIS2_PLACEMENT_3D ( 'NONE', #456, #41, #4180 ) ;
#4563 = CARTESIAN_POINT ( 'NONE',  ( 55.85349847498640230, 2.317970660146694950, 0.000000000000000000 ) ) ;
#4564 = ORIENTED_EDGE ( 'NONE', *, *, #3588, .T. ) ;
#4565 = ORIENTED_EDGE ( 'NONE', *, *, #1491, .T. ) ;
#4566 = VECTOR ( 'NONE', #319, 1000.000000000000000 ) ;
#4567 = PLANE ( 'NONE',  #747 ) ;
#4568 = CARTESIAN_POINT ( 'NONE',  ( 65.94938875305629722, -12.68202933985330105, -26.39999999999999858 ) ) ;
#4569 = LINE ( 'NONE', #5105, #4978 ) ;
#4570 = PLANE ( 'NONE',  #1484 ) ;
#4571 = VECTOR ( 'NONE', #3207, 1000.000000000000000 ) ;
#4572 = EDGE_LOOP ( 'NONE', ( #2887, #6114, #1615, #5589 ) ) ;
#4573 = CARTESIAN_POINT ( 'NONE',  ( 68.64938875305628585, -10.08346369748242033, -3.149999999999999911 ) ) ;
#4574 = ORIENTED_EDGE ( 'NONE', *, *, #47, .F. ) ;
#4575 = AXIS2_PLACEMENT_3D ( 'NONE', #4024, #3963, #5939 ) ;
#4576 = DIRECTION ( 'NONE',  ( 0.000000000000000000, 1.000000000000000000, 0.000000000000000000 ) ) ;
#4577 = FACE_BOUND ( 'NONE', #2304, .T. ) ;
#4578 = AXIS2_PLACEMENT_3D ( 'NONE', #3010, #2509, #3857 ) ;
#4579 = CARTESIAN_POINT ( 'NONE',  ( 61.34938875305630290, 4.017970660146695572, 22.70000000000000284 ) ) ;
#4580 = EDGE_CURVE ( 'NONE', #5113, #3238, #4368, .T. ) ;
#4581 = ORIENTED_EDGE ( 'NONE', *, *, #304, .F. ) ;
#4582 = EDGE_LOOP ( 'NONE', ( #1478, #3301, #1097, #4999, #5811, #3193, #5082, #1246 ) ) ;
#4583 = VERTEX_POINT ( 'NONE', #5836 ) ;
#4584 = VERTEX_POINT ( 'NONE', #2504 ) ;
#4585 = VECTOR ( 'NONE', #3813, 1000.000000000000000 ) ;
#4586 = LINE ( 'NONE', #5554, #654 ) ;
#4587 = FACE_OUTER_BOUND ( 'NONE', #2568, .T. ) ;
#4588 = DIRECTION ( 'NONE',  ( 1.000000000000000000, 0.000000000000000000, 0.000000000000000000 ) ) ;
#4589 = EDGE_CURVE ( 'NONE', #5275, #4267, #1021, .T. ) ;
#4590 = VECTOR ( 'NONE', #1267, 1000.000000000000000 ) ;
#4591 = ORIENTED_EDGE ( 'NONE', *, *, #4897, .F. ) ;
#4592 = ORIENTED_EDGE ( 'NONE', *, *, #2731, .F. ) ;
#4593 = EDGE_CURVE ( 'NONE', #3548, #2971, #3791, .T. ) ;
#4594 = EDGE_LOOP ( 'NONE', ( #5462, #1861, #4830, #53 ) ) ;
#4595 = CARTESIAN_POINT ( 'NONE',  ( 45.00876143713070121, 5.317970660146690065, -0.4512533750957660184 ) ) ;
#4596 = DIRECTION ( 'NONE',  ( 0.000000000000000000, 1.000000000000000000, 0.000000000000000000 ) ) ;
#4597 = AXIS2_PLACEMENT_3D ( 'NONE', #1055, #5308, #2943 ) ;
#4598 = FACE_OUTER_BOUND ( 'NONE', #4339, .T. ) ;
#4599 = EDGE_CURVE ( 'NONE', #2476, #3619, #1940, .T. ) ;
#4600 = VECTOR ( 'NONE', #4355, 1000.000000000000000 ) ;
#4601 = CARTESIAN_POINT ( 'NONE',  ( 63.84938875305628869, 4.017970660146695572, 22.70000000000000284 ) ) ;
#4602 = VERTEX_POINT ( 'NONE', #2007 ) ;
#4603 = DIRECTION ( 'NONE',  ( -1.000000000000000000, 0.000000000000000000, 1.387778780781445922E-16 ) ) ;
#4604 = CARTESIAN_POINT ( 'NONE',  ( -2.150611246943755273, 4.017970660146695572, 24.10000000000000142 ) ) ;
#4605 = EDGE_CURVE ( 'NONE', #4933, #2142, #3850, .T. ) ;
#4606 = LINE ( 'NONE', #1202, #2765 ) ;
#4607 = LINE ( 'NONE', #2310, #2463 ) ;
#4608 = LINE ( 'NONE', #4196, #119 ) ;
#4609 = VERTEX_POINT ( 'NONE', #2532 ) ;
#4610 = DIRECTION ( 'NONE',  ( 0.000000000000000000, 0.000000000000000000, 1.000000000000000000 ) ) ;
#4611 = LINE ( 'NONE', #2314, #5283 ) ;
#4612 = ADVANCED_FACE ( 'NONE', ( #1092 ), #4456, .T. ) ;
#4613 = DIRECTION ( 'NONE',  ( 1.000000000000000000, 0.000000000000000000, 0.000000000000000000 ) ) ;
#4614 = ORIENTED_EDGE ( 'NONE', *, *, #2402, .T. ) ;
#4615 = ORIENTED_EDGE ( 'NONE', *, *, #2258, .F. ) ;
#4616 = ORIENTED_EDGE ( 'NONE', *, *, #466, .T. ) ;
#4617 = DIRECTION ( 'NONE',  ( 0.000000000000000000, 0.000000000000000000, 1.000000000000000000 ) ) ;
#4618 = CARTESIAN_POINT ( 'NONE',  ( -11.05061124694371877, 4.317970660146690065, 25.00000000000000000 ) ) ;
#4619 = EDGE_CURVE ( 'NONE', #648, #1714, #1907, .T. ) ;
#4620 = EDGE_LOOP ( 'NONE', ( #2916, #4925, #1158, #2811 ) ) ;
#4621 = ORIENTED_EDGE ( 'NONE', *, *, #5795, .F. ) ;
#4622 = FACE_OUTER_BOUND ( 'NONE', #5552, .T. ) ;
#4623 = CARTESIAN_POINT ( 'NONE',  ( 77.40074519957200039, -7.682029339853309935, 15.54999999999999893 ) ) ;
#4624 = EDGE_CURVE ( 'NONE', #1349, #2200, #5588, .T. ) ;
#4625 = DIRECTION ( 'NONE',  ( 0.000000000000000000, 0.000000000000000000, 1.000000000000000000 ) ) ;
#4626 = ADVANCED_FACE ( 'NONE', ( #4400 ), #1526, .T. ) ;
#4627 = EDGE_CURVE ( 'NONE', #1561, #538, #4809, .T. ) ;
#4628 = CIRCLE ( 'NONE', #1607, 1.399999999999998579 ) ;
#4629 = DIRECTION ( 'NONE',  ( 0.000000000000000000, 0.000000000000000000, -1.000000000000000000 ) ) ;
#4630 = ORIENTED_EDGE ( 'NONE', *, *, #4438, .T. ) ;
#4631 = FACE_OUTER_BOUND ( 'NONE', #3164, .T. ) ;
#4632 = CARTESIAN_POINT ( 'NONE',  ( 77.40074519957200039, -9.782029339853300698, -9.449999999999999289 ) ) ;
#4633 = DIRECTION ( 'NONE',  ( 0.000000000000000000, 1.000000000000000000, 0.000000000000000000 ) ) ;
#4634 = PRODUCT_DEFINITION_CONTEXT ( 'detailed design', #937, 'design' ) ;
#4635 = DIRECTION ( 'NONE',  ( 0.000000000000000000, -1.000000000000000000, 0.000000000000000000 ) ) ;
#4636 = VECTOR ( 'NONE', #5993, 1000.000000000000000 ) ;
#4637 = DIRECTION ( 'NONE',  ( 0.000000000000000000, 1.000000000000000000, 0.000000000000000000 ) ) ;
#4638 = ORIENTED_EDGE ( 'NONE', *, *, #520, .T. ) ;
#4639 = CARTESIAN_POINT ( 'NONE',  ( 55.06673996170920304, 5.317970660146690065, -5.451253375095769904 ) ) ;
#4640 = DIRECTION ( 'NONE',  ( -0.000000000000000000, 1.000000000000000000, 0.000000000000000000 ) ) ;
#4641 = FACE_OUTER_BOUND ( 'NONE', #4555, .T. ) ;
#4642 = ORIENTED_EDGE ( 'NONE', *, *, #1433, .F. ) ;
#4643 = ORIENTED_EDGE ( 'NONE', *, *, #5412, .T. ) ;
#4644 = EDGE_LOOP ( 'NONE', ( #2460, #5359, #431, #942 ) ) ;
#4645 = ADVANCED_FACE ( 'NONE', ( #79 ), #5398, .F. ) ;
#4646 = LINE ( 'NONE', #1310, #239 ) ;
#4647 = DIRECTION ( 'NONE',  ( 0.000000000000000000, 1.000000000000000000, 0.000000000000000000 ) ) ;
#4648 = CIRCLE ( 'NONE', #423, 0.5000000000000004441 ) ;
#4649 = ORIENTED_EDGE ( 'NONE', *, *, #188, .T. ) ;
#4650 = ORIENTED_EDGE ( 'NONE', *, *, #4509, .F. ) ;
#4651 = DIRECTION ( 'NONE',  ( 1.000000000000000000, 0.000000000000000000, 0.000000000000000000 ) ) ;
#4652 = AXIS2_PLACEMENT_3D ( 'NONE', #4150, #4090, #1726 ) ;
#4653 = CYLINDRICAL_SURFACE ( 'NONE', #51, 2.000000000000001776 ) ;
#4654 = DIRECTION ( 'NONE',  ( 1.000000000000000000, 0.000000000000000000, 0.000000000000000000 ) ) ;
#4655 = CIRCLE ( 'NONE', #1943, 2.000000000000000000 ) ;
#4656 = DIRECTION ( 'NONE',  ( 0.000000000000000000, 1.000000000000000000, 0.000000000000000000 ) ) ;
#4657 = DIRECTION ( 'NONE',  ( 0.000000000000000000, 1.000000000000000000, 0.000000000000000000 ) ) ;
#4658 = EDGE_CURVE ( 'NONE', #4532, #1817, #2885, .T. ) ;
#4659 = DIRECTION ( 'NONE',  ( 0.000000000000000000, 0.000000000000000000, 1.000000000000000000 ) ) ;
#4660 = CARTESIAN_POINT ( 'NONE',  ( 68.64938875305628585, -12.68202933985330105, 25.00000000000000000 ) ) ;
#4661 = AXIS2_PLACEMENT_3D ( 'NONE', #5637, #4576, #2683 ) ;
#4662 = DIRECTION ( 'NONE',  ( 0.000000000000000000, -1.000000000000000000, 0.000000000000000000 ) ) ;
#4663 = AXIS2_PLACEMENT_3D ( 'NONE', #5201, #986, #3875 ) ;
#4664 = LINE ( 'NONE', #2279, #2439 ) ;
#4665 = VERTEX_POINT ( 'NONE', #1559 ) ;
#4666 = PLANE ( 'NONE',  #5865 ) ;
#4667 = DIRECTION ( 'NONE',  ( 0.000000000000000000, 1.000000000000000000, 0.000000000000000000 ) ) ;
#4668 = CARTESIAN_POINT ( 'NONE',  ( 55.85349847498640230, 4.017970660146695572, 25.00000000000000000 ) ) ;
#4669 = VECTOR ( 'NONE', #1920, 1000.000000000000000 ) ;
#4670 = VECTOR ( 'NONE', #1074, 1000.000000000000000 ) ;
#4671 = ORIENTED_EDGE ( 'NONE', *, *, #4509, .T. ) ;
#4672 = ORIENTED_EDGE ( 'NONE', *, *, #5271, .T. ) ;
#4673 = ORIENTED_EDGE ( 'NONE', *, *, #5547, .F. ) ;
#4674 = VECTOR ( 'NONE', #1654, 1000.000000000000000 ) ;
#4675 = FACE_OUTER_BOUND ( 'NONE', #4926, .T. ) ;
#4676 = DIRECTION ( 'NONE',  ( 1.000000000000000000, 0.000000000000000000, 0.000000000000000000 ) ) ;
#4677 = VECTOR ( 'NONE', #1268, 1000.000000000000000 ) ;
#4678 = ORIENTED_EDGE ( 'NONE', *, *, #2211, .F. ) ;
#4679 = EDGE_CURVE ( 'NONE', #2715, #5487, #3452, .T. ) ;
#4680 = ORIENTED_EDGE ( 'NONE', *, *, #5789, .T. ) ;
#4681 = CIRCLE ( 'NONE', #1666, 1.399999999999998579 ) ;
#4682 = PLANE ( 'NONE',  #2058 ) ;
#4683 = ADVANCED_FACE ( 'NONE', ( #5804 ), #3004, .F. ) ;
#4684 = DIRECTION ( 'NONE',  ( 0.000000000000000000, 1.000000000000000000, 0.000000000000000000 ) ) ;
#4685 = AXIS2_PLACEMENT_3D ( 'NONE', #2837, #5351, #2963 ) ;
#4686 = EDGE_LOOP ( 'NONE', ( #5826, #1113, #4444, #3420 ) ) ;
#4687 = CARTESIAN_POINT ( 'NONE',  ( 65.94938875305629722, -12.68202933985330105, 25.00000000000000000 ) ) ;
#4688 = ORIENTED_EDGE ( 'NONE', *, *, #3754, .F. ) ;
#4689 = VECTOR ( 'NONE', #211, 1000.000000000000000 ) ;
#4690 = FACE_OUTER_BOUND ( 'NONE', #4718, .T. ) ;
#4691 = LINE ( 'NONE', #4216, #3082 ) ;
#4692 = DIRECTION ( 'NONE',  ( 0.000000000000000000, -1.000000000000000000, 0.000000000000000000 ) ) ;
#4693 = CARTESIAN_POINT ( 'NONE',  ( -2.150611246943755273, 4.017970660146695572, 22.70000000000000284 ) ) ;
#4694 = AXIS2_PLACEMENT_3D ( 'NONE', #5900, #3514, #5520 ) ;
#4695 = CARTESIAN_POINT ( 'NONE',  ( -11.05061124694371877, 4.017970660146695572, -11.45125337509577967 ) ) ;
#4696 = ORIENTED_EDGE ( 'NONE', *, *, #2242, .F. ) ;
#4697 = FACE_OUTER_BOUND ( 'NONE', #3075, .T. ) ;
#4698 = PLANE ( 'NONE',  #1368 ) ;
#4699 = LINE ( 'NONE', #5137, #375 ) ;
#4700 = ORIENTED_EDGE ( 'NONE', *, *, #5544, .T. ) ;
#4701 = DIRECTION ( 'NONE',  ( 0.000000000000000000, 0.000000000000000000, -1.000000000000000000 ) ) ;
#4702 = ADVANCED_FACE ( 'NONE', ( #4334, #15 ), #1467, .F. ) ;
#4703 = EDGE_CURVE ( 'NONE', #1423, #4459, #4836, .T. ) ;
#4704 = EDGE_LOOP ( 'NONE', ( #2694, #2413, #2426, #207, #3427, #5451 ) ) ;
#4705 = CARTESIAN_POINT ( 'NONE',  ( 61.34938875305630290, 4.017970660146695572, -23.30000000000000071 ) ) ;
#4706 = DIRECTION ( 'NONE',  ( 0.000000000000000000, 0.000000000000000000, -1.000000000000000000 ) ) ;
#4707 = LINE ( 'NONE', #1838, #1075 ) ;
#4708 = EDGE_CURVE ( 'NONE', #2716, #2715, #2485, .T. ) ;
#4709 = VERTEX_POINT ( 'NONE', #2161 ) ;
#4710 = ORIENTED_EDGE ( 'NONE', *, *, #2749, .T. ) ;
#4711 = VERTEX_POINT ( 'NONE', #736 ) ;
#4712 = CARTESIAN_POINT ( 'NONE',  ( -2.150611246943755273, -4.582029339853310290, 22.70000000000000284 ) ) ;
#4713 = LINE ( 'NONE', #1408, #3818 ) ;
#4714 = ORIENTED_EDGE ( 'NONE', *, *, #1253, .T. ) ;
#4715 = ADVANCED_FACE ( 'NONE', ( #3570, #205 ), #270, .T. ) ;
#4716 = ORIENTED_EDGE ( 'NONE', *, *, #2027, .F. ) ;
#4717 = DIRECTION ( 'NONE',  ( 0.000000000000000000, 1.000000000000000000, 5.782411586589360597E-16 ) ) ;
#4718 = EDGE_LOOP ( 'NONE', ( #4105, #6088, #645, #171 ) ) ;
#4719 = FACE_OUTER_BOUND ( 'NONE', #1942, .T. ) ;
#4720 = DIRECTION ( 'NONE',  ( 0.000000000000000000, 0.000000000000000000, -1.000000000000000000 ) ) ;
#4721 = CARTESIAN_POINT ( 'NONE',  ( 65.64938875305630006, -2.582029339853309846, 6.942407052354219843 ) ) ;
#4722 = LINE ( 'NONE', #822, #2761 ) ;
#4723 = VECTOR ( 'NONE', #346, 1000.000000000000000 ) ;
#4724 = CARTESIAN_POINT ( 'NONE',  ( 65.64938875305630006, -4.782029339853309580, 18.23512053801294996 ) ) ;
#4725 = EDGE_LOOP ( 'NONE', ( #1745, #4214, #497, #5663 ) ) ;
#4726 = CYLINDRICAL_SURFACE ( 'NONE', #4663, 1.399999999999998579 ) ;
#4727 = DIRECTION ( 'NONE',  ( 1.000000000000000000, 0.000000000000000000, 0.000000000000000000 ) ) ;
#4728 = VECTOR ( 'NONE', #1046, 1000.000000000000000 ) ;
#4729 = DIRECTION ( 'NONE',  ( 0.000000000000000000, 0.000000000000000000, -1.000000000000000000 ) ) ;
#4730 = CARTESIAN_POINT ( 'NONE',  ( -11.05061124694371877, 4.017970660146695572, -13.95125337509577967 ) ) ;
#4731 = VECTOR ( 'NONE', #3137, 1000.000000000000000 ) ;
#4732 = EDGE_LOOP ( 'NONE', ( #711, #379 ) ) ;
#4733 = DIRECTION ( 'NONE',  ( 0.000000000000000000, 0.000000000000000000, -1.000000000000000000 ) ) ;
#4734 = DIRECTION ( 'NONE',  ( 0.000000000000000000, 0.000000000000000000, -1.000000000000000000 ) ) ;
#4735 = DIRECTION ( 'NONE',  ( 0.000000000000000000, 1.000000000000000000, 0.000000000000000000 ) ) ;
#4736 = EDGE_CURVE ( 'NONE', #5487, #4014, #5984, .T. ) ;
#4737 = VERTEX_POINT ( 'NONE', #641 ) ;
#4738 = CIRCLE ( 'NONE', #2533, 1.000000000000000888 ) ;
#4739 = ORIENTED_EDGE ( 'NONE', *, *, #2932, .T. ) ;
#4740 = PLANE ( 'NONE',  #5478 ) ;
#4741 = CIRCLE ( 'NONE', #5450, 2.000000000000000000 ) ;
#4742 = FACE_OUTER_BOUND ( 'NONE', #5426, .T. ) ;
#4743 = EDGE_LOOP ( 'NONE', ( #4489, #2009, #4940, #3729 ) ) ;
#4744 = ADVANCED_FACE ( 'NONE', ( #4011 ), #1710, .T. ) ;
#4745 = ORIENTED_EDGE ( 'NONE', *, *, #5471, .T. ) ;
#4746 = CIRCLE ( 'NONE', #4452, 0.5000000000000004441 ) ;
#4747 = LINE ( 'NONE', #1789, #4252 ) ;
#4748 = ORIENTED_EDGE ( 'NONE', *, *, #2823, .T. ) ;
#4749 = EDGE_CURVE ( 'NONE', #2791, #5640, #1182, .T. ) ;
#4750 = CARTESIAN_POINT ( 'NONE',  ( 55.06673996170920304, 2.317970660146694950, -6.451253375095769904 ) ) ;
#4751 = CARTESIAN_POINT ( 'NONE',  ( -12.75061124694373937, 4.317970660146690065, -25.00000000000000000 ) ) ;
#4752 = CARTESIAN_POINT ( 'NONE',  ( -11.05061124694374008, -12.68202933985330105, -27.69999999999999929 ) ) ;
#4753 = DIRECTION ( 'NONE',  ( 0.000000000000000000, 1.000000000000000000, 0.000000000000000000 ) ) ;
#4754 = VECTOR ( 'NONE', #381, 1000.000000000000000 ) ;
#4755 = LINE ( 'NONE', #984, #4047 ) ;
#4756 = ORIENTED_EDGE ( 'NONE', *, *, #5271, .F. ) ;
#4757 = AXIS2_PLACEMENT_3D ( 'NONE', #1971, #6090, #2266 ) ;
#4758 = DIRECTION ( 'NONE',  ( 0.000000000000000000, 0.000000000000000000, -1.000000000000000000 ) ) ;
#4759 = CARTESIAN_POINT ( 'NONE',  ( 65.64938875305630006, -3.782029339853310024, -2.057592947645780157 ) ) ;
#4760 = LINE ( 'NONE', #3351, #1380 ) ;
#4761 = ORIENTED_EDGE ( 'NONE', *, *, #3186, .F. ) ;
#4762 = CARTESIAN_POINT ( 'NONE',  ( -4.650611246943759269, -3.982029339853304872, 22.70000000000000284 ) ) ;
#4763 = VECTOR ( 'NONE', #5674, 1000.000000000000000 ) ;
#4764 = AXIS2_PLACEMENT_3D ( 'NONE', #1352, #2827, #3714 ) ;
#4765 = DIRECTION ( 'NONE',  ( 1.000000000000000000, 0.000000000000000000, 0.000000000000000000 ) ) ;
#4766 = PLANE ( 'NONE',  #3755 ) ;
#4767 = DIRECTION ( 'NONE',  ( -1.000000000000000000, 0.000000000000000000, 1.387778780781445922E-16 ) ) ;
#4768 = VECTOR ( 'NONE', #192, 1000.000000000000000 ) ;
#4769 = DIRECTION ( 'NONE',  ( 0.000000000000000000, 1.000000000000000000, 0.000000000000000000 ) ) ;
#4770 = DIRECTION ( 'NONE',  ( 0.000000000000000000, 0.000000000000000000, 1.000000000000000000 ) ) ;
#4771 = VECTOR ( 'NONE', #5631, 1000.000000000000000 ) ;
#4772 = AXIS2_PLACEMENT_3D ( 'NONE', #250, #5536, #1227 ) ;
#4773 = ORIENTED_EDGE ( 'NONE', *, *, #5335, .T. ) ;
#4774 = VECTOR ( 'NONE', #6195, 1000.000000000000000 ) ;
#4775 = CARTESIAN_POINT ( 'NONE',  ( 47.22812697155030293, 4.017970660146695572, 6.277868546064289568 ) ) ;
#4776 = FACE_BOUND ( 'NONE', #273, .T. ) ;
#4777 = EDGE_CURVE ( 'NONE', #4459, #1170, #674, .T. ) ;
#4778 = ORIENTED_EDGE ( 'NONE', *, *, #5009, .T. ) ;
#4779 = EDGE_CURVE ( 'NONE', #3238, #1095, #1648, .T. ) ;
#4780 = CIRCLE ( 'NONE', #5581, 2.700000000000001066 ) ;
#4781 = VERTEX_POINT ( 'NONE', #3629 ) ;
#4782 = EDGE_CURVE ( 'NONE', #805, #3773, #4542, .T. ) ;
#4783 = VERTEX_POINT ( 'NONE', #177 ) ;
#4784 = DIRECTION ( 'NONE',  ( 0.000000000000000000, -1.000000000000000000, 1.523637836666414713E-16 ) ) ;
#4785 = DIRECTION ( 'NONE',  ( 0.000000000000000000, 0.000000000000000000, -1.000000000000000000 ) ) ;
#4786 = DIRECTION ( 'NONE',  ( 2.292773743318139901E-31, -1.000000000000000000, 1.652117596168390123E-15 ) ) ;
#4787 = DIRECTION ( 'NONE',  ( 0.000000000000000000, 0.000000000000000000, 1.000000000000000000 ) ) ;
#4788 = CIRCLE ( 'NONE', #2478, 2.499999999999998668 ) ;
#4789 = DIRECTION ( 'NONE',  ( 0.000000000000000000, 0.000000000000000000, 1.000000000000000000 ) ) ;
#4790 = EDGE_CURVE ( 'NONE', #834, #1919, #5694, .T. ) ;
#4791 = EDGE_CURVE ( 'NONE', #1327, #5113, #3185, .T. ) ;
#4792 = AXIS2_PLACEMENT_3D ( 'NONE', #2349, #870, #1875 ) ;
#4793 = FACE_BOUND ( 'NONE', #3155, .T. ) ;
#4794 = EDGE_LOOP ( 'NONE', ( #2104, #4638, #87, #2175 ) ) ;
#4795 = DIRECTION ( 'NONE',  ( 0.000000000000000000, 1.000000000000000000, 0.000000000000000000 ) ) ;
#4796 = DIRECTION ( 'NONE',  ( 1.000000000000000000, 0.000000000000000000, 0.000000000000000000 ) ) ;
#4797 = CARTESIAN_POINT ( 'NONE',  ( 47.52818463161129614, -1.682029339853305050, 10.77786854606430111 ) ) ;
#4798 = ORIENTED_EDGE ( 'NONE', *, *, #4412, .T. ) ;
#4799 = CARTESIAN_POINT ( 'NONE',  ( 59.75442965260419470, -3.064322777930264863, -75.14999999999999147 ) ) ;
#4800 = VECTOR ( 'NONE', #300, 1000.000000000000000 ) ;
#4801 = EDGE_CURVE ( 'NONE', #5018, #1077, #141, .T. ) ;
#4802 = EDGE_LOOP ( 'NONE', ( #584, #2158, #4111, #237 ) ) ;
#4803 = FACE_OUTER_BOUND ( 'NONE', #4019, .T. ) ;
#4804 = EDGE_CURVE ( 'NONE', #832, #5765, #2581, .T. ) ;
#4805 = CIRCLE ( 'NONE', #3398, 1.399999999999998579 ) ;
#4806 = FACE_OUTER_BOUND ( 'NONE', #1979, .T. ) ;
#4807 = DIRECTION ( 'NONE',  ( 0.000000000000000000, -1.000000000000000000, 0.000000000000000000 ) ) ;
#4808 = DIRECTION ( 'NONE',  ( 1.000000000000000000, 0.000000000000000000, 0.000000000000000000 ) ) ;
#4809 = LINE ( 'NONE', #3486, #5902 ) ;
#4810 = EDGE_LOOP ( 'NONE', ( #2176, #4548, #2332, #1531 ) ) ;
#4811 = ORIENTED_EDGE ( 'NONE', *, *, #3515, .F. ) ;
#4812 = DIRECTION ( 'NONE',  ( 1.000000000000000000, 0.000000000000000000, 0.000000000000000000 ) ) ;
#4813 = CARTESIAN_POINT ( 'NONE',  ( 63.84938875305628869, -4.582029339853310290, 22.70000000000000284 ) ) ;
#4814 = VERTEX_POINT ( 'NONE', #5458 ) ;
#4815 = ORIENTED_EDGE ( 'NONE', *, *, #673, .T. ) ;
#4816 = LINE ( 'NONE', #5843, #339 ) ;
#4817 = ORIENTED_EDGE ( 'NONE', *, *, #2324, .T. ) ;
#4818 = DIRECTION ( 'NONE',  ( 0.000000000000000000, 0.000000000000000000, -1.000000000000000000 ) ) ;
#4819 = EDGE_CURVE ( 'NONE', #4344, #5115, #6199, .T. ) ;
#4820 = CARTESIAN_POINT ( 'NONE',  ( 77.40074519957200039, -9.782029339853300698, -15.54999999999999893 ) ) ;
#4821 = EDGE_CURVE ( 'NONE', #923, #34, #1987, .T. ) ;
#4822 = CARTESIAN_POINT ( 'NONE',  ( -12.45061124694371912, -7.372953488125739696, 9.350000000000001421 ) ) ;
#4823 = ORIENTED_EDGE ( 'NONE', *, *, #2906, .F. ) ;
#4824 = CARTESIAN_POINT ( 'NONE',  ( 68.64938875305628585, -12.68202933985330105, 25.00000000000000000 ) ) ;
#4825 = CARTESIAN_POINT ( 'NONE',  ( 60.25442965260419470, 5.317970660146690065, -26.39999999999999858 ) ) ;
#4826 = DIRECTION ( 'NONE',  ( 0.000000000000000000, 1.000000000000000000, 0.000000000000000000 ) ) ;
#4827 = VERTEX_POINT ( 'NONE', #3129 ) ;
#4828 = EDGE_LOOP ( 'NONE', ( #1959, #1554, #2379, #4356 ) ) ;
#4829 = DIRECTION ( 'NONE',  ( -1.000000000000000000, 0.000000000000000000, 0.000000000000000000 ) ) ;
#4830 = ORIENTED_EDGE ( 'NONE', *, *, #329, .T. ) ;
#4831 = EDGE_CURVE ( 'NONE', #4311, #4459, #3036, .T. ) ;
#4832 = AXIS2_PLACEMENT_3D ( 'NONE', #1196, #3114, #5846 ) ;
#4833 = CARTESIAN_POINT ( 'NONE',  ( 70.94938875305629722, -7.682029339853309935, -15.54999999999999893 ) ) ;
#4834 = CARTESIAN_POINT ( 'NONE',  ( 65.94938875305629722, 5.317970660146690065, 26.70000000000000284 ) ) ;
#4835 = LINE ( 'NONE', #2033, #4478 ) ;
#4836 = LINE ( 'NONE', #2443, #176 ) ;
#4837 = VERTEX_POINT ( 'NONE', #1242 ) ;
#4838 = EDGE_CURVE ( 'NONE', #302, #6017, #4101, .T. ) ;
#4839 = ADVANCED_FACE ( 'NONE', ( #2100 ), #1148, .T. ) ;
#4840 = DIRECTION ( 'NONE',  ( 0.000000000000000000, 1.000000000000000000, 0.000000000000000000 ) ) ;
#4841 = LINE ( 'NONE', #524, #5928 ) ;
#4842 = VERTEX_POINT ( 'NONE', #2226 ) ;
#4843 = VERTEX_POINT ( 'NONE', #390 ) ;
#4844 = DIRECTION ( 'NONE',  ( 0.000000000000000000, -1.000000000000000000, 0.000000000000000000 ) ) ;
#4845 = EDGE_LOOP ( 'NONE', ( #3362, #4671, #866, #4974 ) ) ;
#4846 = CARTESIAN_POINT ( 'NONE',  ( -2.150611246943755273, -4.582029339853310290, -23.30000000000000071 ) ) ;
#4847 = DIRECTION ( 'NONE',  ( 1.000000000000000000, 0.000000000000000000, 0.000000000000000000 ) ) ;
#4848 = VECTOR ( 'NONE', #101, 1000.000000000000000 ) ;
#4849 = DIRECTION ( 'NONE',  ( 0.000000000000000000, 0.000000000000000000, 1.000000000000000000 ) ) ;
#4850 = ORIENTED_EDGE ( 'NONE', *, *, #4360, .F. ) ;
#4851 = CARTESIAN_POINT ( 'NONE',  ( -2.150611246943755273, 4.017970660146695572, -20.80000000000000071 ) ) ;
#4852 = LINE ( 'NONE', #4389, #6082 ) ;
#4853 = AXIS2_PLACEMENT_3D ( 'NONE', #276, #210, #5991 ) ;
#4854 = DIRECTION ( 'NONE',  ( 0.000000000000000000, -1.000000000000000000, 0.000000000000000000 ) ) ;
#4855 = ORIENTED_EDGE ( 'NONE', *, *, #1301, .F. ) ;
#4856 = EDGE_CURVE ( 'NONE', #3713, #1804, #5994, .T. ) ;
#4857 = AXIS2_PLACEMENT_3D ( 'NONE', #1507, #4907, #5344 ) ;
#4858 = ORIENTED_EDGE ( 'NONE', *, *, #1007, .F. ) ;
#4859 = DIRECTION ( 'NONE',  ( 2.292773743318049955E-30, -1.734723475976805122E-15, -1.000000000000000000 ) ) ;
#4860 = ORIENTED_EDGE ( 'NONE', *, *, #2548, .F. ) ;
#4861 = CARTESIAN_POINT ( 'NONE',  ( 77.40074519957200039, -7.682029339853309935, 9.449999999999999289 ) ) ;
#4862 = DIRECTION ( 'NONE',  ( 0.000000000000000000, 1.000000000000000000, 0.000000000000000000 ) ) ;
#4863 = CARTESIAN_POINT ( 'NONE',  ( -12.45061124694371912, -3.958100679666319621, 20.00000000000000000 ) ) ;
#4864 = DIRECTION ( 'NONE',  ( 0.000000000000000000, 1.000000000000000000, 0.000000000000000000 ) ) ;
#4865 = CIRCLE ( 'NONE', #5758, 1.399999999999998579 ) ;
#4866 = EDGE_LOOP ( 'NONE', ( #336, #5019, #4234, #1122, #2819, #4873, #2536, #3710 ) ) ;
#4867 = VERTEX_POINT ( 'NONE', #3289 ) ;
#4868 = AXIS2_PLACEMENT_3D ( 'NONE', #2185, #4091, #5539 ) ;
#4869 = CARTESIAN_POINT ( 'NONE',  ( 66.34938875305628869, -3.982029339853304872, -26.34164078649984830 ) ) ;
#4870 = CARTESIAN_POINT ( 'NONE',  ( 55.85349847498640230, 5.317970660146690065, 16.83140657344729973 ) ) ;
#4871 = AXIS2_PLACEMENT_3D ( 'NONE', #217, #1724, #5096 ) ;
#4872 = EDGE_CURVE ( 'NONE', #5532, #5258, #4699, .T. ) ;
#4873 = ORIENTED_EDGE ( 'NONE', *, *, #1641, .T. ) ;
#4874 = VERTEX_POINT ( 'NONE', #3657 ) ;
#4875 = VECTOR ( 'NONE', #1600, 1000.000000000000000 ) ;
#4876 = CARTESIAN_POINT ( 'NONE',  ( 63.84938875305628869, -4.582029339853310290, 22.70000000000000284 ) ) ;
#4877 = ADVANCED_FACE ( 'NONE', ( #5667 ), #3253, .F. ) ;
#4878 = VECTOR ( 'NONE', #5649, 1000.000000000000000 ) ;
#4879 = DIRECTION ( 'NONE',  ( 0.000000000000000000, 1.000000000000000000, 0.000000000000000000 ) ) ;
#4880 = DIRECTION ( 'NONE',  ( -0.000000000000000000, 1.000000000000000000, 0.000000000000000000 ) ) ;
#4881 = VECTOR ( 'NONE', #2219, 1000.000000000000000 ) ;
#4882 = CARTESIAN_POINT ( 'NONE',  ( 68.64938875305628585, -2.582029339853309846, 6.942407052354219843 ) ) ;
#4883 = ORIENTED_EDGE ( 'NONE', *, *, #1595, .F. ) ;
#4884 = AXIS2_PLACEMENT_3D ( 'NONE', #4130, #3656, #1801 ) ;
#4885 = DIRECTION ( 'NONE',  ( 0.000000000000000000, -1.000000000000000000, 0.000000000000000000 ) ) ;
#4886 = CARTESIAN_POINT ( 'NONE',  ( -2.150611246943755273, 4.017970660146695572, -23.30000000000000071 ) ) ;
#4887 = CARTESIAN_POINT ( 'NONE',  ( 67.34938875305628869, -1.582029339853310068, 18.23512053801294996 ) ) ;
#4888 = VERTEX_POINT ( 'NONE', #4166 ) ;
#4889 = VECTOR ( 'NONE', #259, 1000.000000000000000 ) ;
#4890 = ORIENTED_EDGE ( 'NONE', *, *, #2063, .T. ) ;
#4891 = CARTESIAN_POINT ( 'NONE',  ( -11.05061124694371877, 4.017970660146695572, -5.451253375095759246 ) ) ;
#4892 = VERTEX_POINT ( 'NONE', #2315 ) ;
#4893 = LINE ( 'NONE', #3450, #4387 ) ;
#4894 = VECTOR ( 'NONE', #1126, 1000.000000000000000 ) ;
#4895 = DIRECTION ( 'NONE',  ( 0.000000000000000000, 0.000000000000000000, 1.000000000000000000 ) ) ;
#4896 = CARTESIAN_POINT ( 'NONE',  ( 63.84938875305628869, -3.982029339853304872, 22.70000000000000284 ) ) ;
#4897 = EDGE_CURVE ( 'NONE', #3706, #5011, #5203, .T. ) ;
#4898 = ADVANCED_FACE ( 'NONE', ( #2283 ), #1832, .F. ) ;
#4899 = VECTOR ( 'NONE', #4826, 1000.000000000000000 ) ;
#4900 = ORIENTED_EDGE ( 'NONE', *, *, #3634, .T. ) ;
#4901 = ORIENTED_EDGE ( 'NONE', *, *, #1470, .F. ) ;
#4902 = FACE_OUTER_BOUND ( 'NONE', #1530, .T. ) ;
#4903 = CARTESIAN_POINT ( 'NONE',  ( 69.94938875305629722, -9.782029339853300698, -9.449999999999999289 ) ) ;
#4904 = DIRECTION ( 'NONE',  ( 0.000000000000000000, -1.000000000000000000, 0.000000000000000000 ) ) ;
#4905 = ORIENTED_EDGE ( 'NONE', *, *, #4082, .T. ) ;
#4906 = ORIENTED_EDGE ( 'NONE', *, *, #2301, .F. ) ;
#4907 = DIRECTION ( 'NONE',  ( -1.000000000000000000, 0.000000000000000000, 0.000000000000000000 ) ) ;
#4908 = CARTESIAN_POINT ( 'NONE',  ( 55.85349847498640230, 5.317970660146690065, 12.34922043697280181 ) ) ;
#4909 = FACE_OUTER_BOUND ( 'NONE', #4704, .T. ) ;
#4910 = CYLINDRICAL_SURFACE ( 'NONE', #1435, 1.399999999999998579 ) ;
#4911 = ORIENTED_EDGE ( 'NONE', *, *, #2213, .F. ) ;
#4912 = CARTESIAN_POINT ( 'NONE',  ( -13.75061124694374115, -7.372953488125739696, 15.65000000000000036 ) ) ;
#4913 = CARTESIAN_POINT ( 'NONE',  ( 55.54969678325399940, -3.064322777930264863, -26.39999999999999858 ) ) ;
#4914 = CARTESIAN_POINT ( 'NONE',  ( 69.94938875305629722, -9.782029339853300698, -15.54999999999999893 ) ) ;
#4915 = ORIENTED_EDGE ( 'NONE', *, *, #2430, .T. ) ;
#4916 = ORIENTED_EDGE ( 'NONE', *, *, #3498, .F. ) ;
#4917 = DIRECTION ( 'NONE',  ( 1.000000000000000000, 0.000000000000000000, 0.000000000000000000 ) ) ;
#4918 = VERTEX_POINT ( 'NONE', #1366 ) ;
#4919 = VERTEX_POINT ( 'NONE', #3725 ) ;
#4920 = DIRECTION ( 'NONE',  ( 0.000000000000000000, 0.000000000000000000, 1.000000000000000000 ) ) ;
#4921 = FACE_BOUND ( 'NONE', #408, .T. ) ;
#4922 = CARTESIAN_POINT ( 'NONE',  ( 67.34938875305628869, -4.782029339853330008, 25.00000000000000000 ) ) ;
#4923 = CARTESIAN_POINT ( 'NONE',  ( -11.05061124694371877, 4.017970660146695572, -7.951253375095779674 ) ) ;
#4924 = VECTOR ( 'NONE', #4560, 1000.000000000000000 ) ;
#4925 = ORIENTED_EDGE ( 'NONE', *, *, #4027, .T. ) ;
#4926 = EDGE_LOOP ( 'NONE', ( #5213, #1608, #3610, #37 ) ) ;
#4927 = EDGE_CURVE ( 'NONE', #1187, #76, #5701, .T. ) ;
#4928 = CIRCLE ( 'NONE', #1624, 0.5000000000000004441 ) ;
#4929 = CARTESIAN_POINT ( 'NONE',  ( 43.00876143713070121, 2.317970660146694950, -3.951253375095765463 ) ) ;
#4930 = PLANE ( 'NONE',  #775 ) ;
#4931 = VECTOR ( 'NONE', #1127, 1000.000000000000000 ) ;
#4932 = CARTESIAN_POINT ( 'NONE',  ( 65.64938875305630006, -2.582029339853309846, 18.23512053801294996 ) ) ;
#4933 = VERTEX_POINT ( 'NONE', #890 ) ;
#4934 = VERTEX_POINT ( 'NONE', #4201 ) ;
#4935 = DIRECTION ( 'NONE',  ( 0.000000000000000000, 0.000000000000000000, -1.000000000000000000 ) ) ;
#4936 = LINE ( 'NONE', #1035, #5172 ) ;
#4937 = DIRECTION ( 'NONE',  ( 0.000000000000000000, 0.000000000000000000, 1.000000000000000000 ) ) ;
#4938 = ADVANCED_FACE ( 'NONE', ( #4641 ), #6044, .F. ) ;
#4939 = CIRCLE ( 'NONE', #5645, 1.000000000000000888 ) ;
#4940 = ORIENTED_EDGE ( 'NONE', *, *, #2296, .F. ) ;
#4941 = FACE_OUTER_BOUND ( 'NONE', #6027, .T. ) ;
#4942 = DIRECTION ( 'NONE',  ( -1.000000000000000000, 0.000000000000000000, 0.000000000000000000 ) ) ;
#4943 = CARTESIAN_POINT ( 'NONE',  ( -11.05061124694371877, 4.317970660146690065, 25.00000000000000000 ) ) ;
#4944 = AXIS2_PLACEMENT_3D ( 'NONE', #11, #3390, #3844 ) ;
#4945 = ADVANCED_FACE ( 'NONE', ( #332 ), #6108, .F. ) ;
#4946 = EDGE_LOOP ( 'NONE', ( #1590, #3401, #710, #5496 ) ) ;
#4947 = CARTESIAN_POINT ( 'NONE',  ( 68.64938875305628585, -1.582029339853310068, 18.23512053801294996 ) ) ;
#4948 = ORIENTED_EDGE ( 'NONE', *, *, #2587, .F. ) ;
#4949 = VECTOR ( 'NONE', #1009, 1000.000000000000000 ) ;
#4950 = CARTESIAN_POINT ( 'NONE',  ( 51.06673996170919594, 2.317970660146694950, -0.4512533750957660184 ) ) ;
#4951 = DIRECTION ( 'NONE',  ( 0.000000000000000000, 0.000000000000000000, -1.000000000000000000 ) ) ;
#4952 = DIRECTION ( 'NONE',  ( 1.000000000000000000, 0.000000000000000000, -4.038158615950355110E-16 ) ) ;
#4953 = AXIS2_PLACEMENT_3D ( 'NONE', #943, #1819, #4784 ) ;
#4954 = ORIENTED_EDGE ( 'NONE', *, *, #199, .F. ) ;
#4955 = ORIENTED_EDGE ( 'NONE', *, *, #1071, .F. ) ;
#4956 = ORIENTED_EDGE ( 'NONE', *, *, #4319, .T. ) ;
#4957 = ORIENTED_EDGE ( 'NONE', *, *, #1243, .T. ) ;
#4958 = AXIS2_PLACEMENT_3D ( 'NONE', #5607, #3157, #361 ) ;
#4959 = CARTESIAN_POINT ( 'NONE',  ( 67.34938875305628869, -4.782029339853309580, 5.942407052354219843 ) ) ;
#4960 = DIRECTION ( 'NONE',  ( 0.000000000000000000, 0.000000000000000000, -1.000000000000000000 ) ) ;
#4961 = CARTESIAN_POINT ( 'NONE',  ( 61.34938875305630290, -3.982029339853304872, -26.39999999999999858 ) ) ;
#4962 = AXIS2_PLACEMENT_3D ( 'NONE', #1863, #5728, #5323 ) ;
#4963 = EDGE_LOOP ( 'NONE', ( #5388, #6188, #3310, #1212 ) ) ;
#4964 = LINE ( 'NONE', #3112, #3249 ) ;
#4965 = CARTESIAN_POINT ( 'NONE',  ( 65.64938875305630006, 0.2179706601466920024, -5.857018755447420233 ) ) ;
#4966 = EDGE_CURVE ( 'NONE', #2465, #5033, #3192, .T. ) ;
#4967 = VECTOR ( 'NONE', #4879, 1000.000000000000000 ) ;
#4968 = DIRECTION ( 'NONE',  ( 0.000000000000000000, -1.000000000000000000, 0.000000000000000000 ) ) ;
#4969 = EDGE_CURVE ( 'NONE', #2037, #5418, #4256, .T. ) ;
#4970 = ADVANCED_FACE ( 'NONE', ( #1802 ), #6074, .F. ) ;
#4971 = CIRCLE ( 'NONE', #5873, 0.5000000000000004441 ) ;
#4972 = VECTOR ( 'NONE', #5714, 1000.000000000000000 ) ;
#4973 = CARTESIAN_POINT ( 'NONE',  ( 67.34938875305628869, -4.282029339853305139, -18.35701875544739892 ) ) ;
#4974 = ORIENTED_EDGE ( 'NONE', *, *, #2602, .F. ) ;
#4975 = LINE ( 'NONE', #665, #2650 ) ;
#4976 = EDGE_CURVE ( 'NONE', #5781, #3824, #3696, .T. ) ;
#4977 = FACE_OUTER_BOUND ( 'NONE', #917, .T. ) ;
#4978 = VECTOR ( 'NONE', #6102, 1000.000000000000000 ) ;
#4979 = FACE_OUTER_BOUND ( 'NONE', #1185, .T. ) ;
#4980 = VECTOR ( 'NONE', #2648, 1000.000000000000000 ) ;
#4981 = EDGE_LOOP ( 'NONE', ( #393, #3572, #5039, #2655 ) ) ;
#4982 = DIRECTION ( 'NONE',  ( 0.000000000000000000, 0.000000000000000000, -1.000000000000000000 ) ) ;
#4983 = VERTEX_POINT ( 'NONE', #1772 ) ;
#4984 = CARTESIAN_POINT ( 'NONE',  ( -11.05061124694371877, 4.017970660146695572, -0.4512533750957660184 ) ) ;
#4985 = EDGE_CURVE ( 'NONE', #5776, #2476, #4401, .T. ) ;
#4986 = FACE_BOUND ( 'NONE', #1022, .T. ) ;
#4987 = EDGE_CURVE ( 'NONE', #208, #5199, #5111, .T. ) ;
#4988 = CARTESIAN_POINT ( 'NONE',  ( -2.150611246943755273, -3.982029339853304872, -23.30000000000000071 ) ) ;
#4989 = AXIS2_PLACEMENT_3D ( 'NONE', #2903, #1455, #6203 ) ;
#4990 = EDGE_CURVE ( 'NONE', #3238, #944, #4760, .T. ) ;
#4991 = ORIENTED_EDGE ( 'NONE', *, *, #1541, .F. ) ;
#4992 = ORIENTED_EDGE ( 'NONE', *, *, #2546, .T. ) ;
#4993 = VERTEX_POINT ( 'NONE', #5298 ) ;
#4994 = CIRCLE ( 'NONE', #4792, 0.5000000000000004441 ) ;
#4995 = CARTESIAN_POINT ( 'NONE',  ( 43.00876143713070121, 4.017970660146695572, -13.95125337509577967 ) ) ;
#4996 = CYLINDRICAL_SURFACE ( 'NONE', #2783, 0.5000000000000004441 ) ;
#4997 = CARTESIAN_POINT ( 'NONE',  ( 47.52818463161129614, 4.017970660146695572, 14.84922043697280181 ) ) ;
#4998 = VECTOR ( 'NONE', #2565, 1000.000000000000000 ) ;
#4999 = ORIENTED_EDGE ( 'NONE', *, *, #4790, .F. ) ;
#5000 = ORIENTED_EDGE ( 'NONE', *, *, #2149, .T. ) ;
#5001 = CARTESIAN_POINT ( 'NONE',  ( 65.64938875305630006, -4.782029339853309580, -6.357018755447420233 ) ) ;
#5002 = AXIS2_PLACEMENT_3D ( 'NONE', #4535, #4003, #5417 ) ;
#5003 = CARTESIAN_POINT ( 'NONE',  ( -10.75061124694373937, -3.958100679666319621, -20.00000000000000000 ) ) ;
#5004 = CARTESIAN_POINT ( 'NONE',  ( 68.64938875305628585, -7.682029339853309935, 9.449999999999999289 ) ) ;
#5005 = CARTESIAN_POINT ( 'NONE',  ( -2.150611246943755273, 4.017970660146695572, -21.89999999999999858 ) ) ;
#5006 = ORIENTED_EDGE ( 'NONE', *, *, #5818, .F. ) ;
#5007 = CARTESIAN_POINT ( 'NONE',  ( 68.64938875305628585, -1.582029339853310068, -1.057592947645777715 ) ) ;
#5008 = LINE ( 'NONE', #2153, #664 ) ;
#5009 = EDGE_CURVE ( 'NONE', #6048, #4934, #1013, .T. ) ;
#5010 = CARTESIAN_POINT ( 'NONE',  ( 68.64938875305628585, -4.282029339853305139, -6.357018755447420233 ) ) ;
#5011 = VERTEX_POINT ( 'NONE', #508 ) ;
#5012 = FACE_BOUND ( 'NONE', #3756, .T. ) ;
#5013 = ORIENTED_EDGE ( 'NONE', *, *, #3892, .T. ) ;
#5014 = PLANE ( 'NONE',  #2954 ) ;
#5015 = CARTESIAN_POINT ( 'NONE',  ( 67.34938875305628869, 5.317970660146669637, 10.23512053801292154 ) ) ;
#5016 = DIRECTION ( 'NONE',  ( 0.000000000000000000, 1.000000000000000000, 0.000000000000000000 ) ) ;
#5017 = EDGE_CURVE ( 'NONE', #4583, #5199, #2197, .T. ) ;
#5018 = VERTEX_POINT ( 'NONE', #1928 ) ;
#5019 = ORIENTED_EDGE ( 'NONE', *, *, #5615, .T. ) ;
#5020 = ORIENTED_EDGE ( 'NONE', *, *, #1794, .F. ) ;
#5021 = ORIENTED_EDGE ( 'NONE', *, *, #2454, .T. ) ;
#5022 = CARTESIAN_POINT ( 'NONE',  ( 66.34938875305628869, -3.982029339853304872, -23.30000000000000071 ) ) ;
#5023 = LINE ( 'NONE', #277, #5293 ) ;
#5024 = FACE_OUTER_BOUND ( 'NONE', #1852, .T. ) ;
#5025 = ADVANCED_FACE ( 'NONE', ( #2965 ), #451, .F. ) ;
#5026 = ORIENTED_EDGE ( 'NONE', *, *, #3092, .F. ) ;
#5027 = ORIENTED_EDGE ( 'NONE', *, *, #1797, .T. ) ;
#5028 = DIRECTION ( 'NONE',  ( 0.000000000000000000, -1.000000000000000000, -5.782411586589360597E-16 ) ) ;
#5029 = VECTOR ( 'NONE', #4904, 1000.000000000000000 ) ;
#5030 = DIRECTION ( 'NONE',  ( 0.000000000000000000, 1.000000000000000000, 0.000000000000000000 ) ) ;
#5031 = LINE ( 'NONE', #721, #4924 ) ;
#5032 = FACE_OUTER_BOUND ( 'NONE', #429, .T. ) ;
#5033 = VERTEX_POINT ( 'NONE', #4418 ) ;
#5034 = FACE_OUTER_BOUND ( 'NONE', #567, .T. ) ;
#5035 = LINE ( 'NONE', #1201, #63 ) ;
#5036 = FACE_BOUND ( 'NONE', #3047, .T. ) ;
#5037 = EDGE_CURVE ( 'NONE', #1849, #2610, #2933, .T. ) ;
#5038 = DIRECTION ( 'NONE',  ( 0.000000000000000000, -1.000000000000000000, 0.000000000000000000 ) ) ;
#5039 = ORIENTED_EDGE ( 'NONE', *, *, #2516, .T. ) ;
#5040 = CARTESIAN_POINT ( 'NONE',  ( 41.00876143713075095, 2.317970660146694950, -11.45125337509577967 ) ) ;
#5041 = EDGE_LOOP ( 'NONE', ( #5533, #900, #4419, #5311 ) ) ;
#5042 = CARTESIAN_POINT ( 'NONE',  ( 53.06673996170920304, 4.017970660146695572, -13.95125337509577967 ) ) ;
#5043 = CARTESIAN_POINT ( 'NONE',  ( 68.64938875305628585, -4.782029339853309580, 11.23512053801293931 ) ) ;
#5044 = AXIS2_PLACEMENT_3D ( 'NONE', #607, #3911, #5830 ) ;
#5045 = CARTESIAN_POINT ( 'NONE',  ( 47.52818463161129614, 2.317970660146694950, 10.77786854606430111 ) ) ;
#5046 = EDGE_CURVE ( 'NONE', #2596, #1753, #2839, .T. ) ;
#5047 = AXIS2_PLACEMENT_3D ( 'NONE', #4724, #4350, #597 ) ;
#5048 = ORIENTED_EDGE ( 'NONE', *, *, #5235, .F. ) ;
#5049 = ORIENTED_EDGE ( 'NONE', *, *, #4580, .T. ) ;
#5050 = ORIENTED_EDGE ( 'NONE', *, *, #3892, .F. ) ;
#5051 = VERTEX_POINT ( 'NONE', #3877 ) ;
#5052 = CARTESIAN_POINT ( 'NONE',  ( -10.75061124694373937, -7.372953488125739696, 9.350000000000001421 ) ) ;
#5053 = LINE ( 'NONE', #2573, #1674 ) ;
#5054 = AXIS2_PLACEMENT_3D ( 'NONE', #5566, #5101, #4629 ) ;
#5055 = CYLINDRICAL_SURFACE ( 'NONE', #2127, 2.700000000000001066 ) ;
#5056 = VERTEX_POINT ( 'NONE', #4887 ) ;
#5057 = EDGE_CURVE ( 'NONE', #741, #1215, #4290, .T. ) ;
#5058 = ORIENTED_EDGE ( 'NONE', *, *, #1766, .F. ) ;
#5059 = VECTOR ( 'NONE', #118, 1000.000000000000000 ) ;
#5060 = DIRECTION ( 'NONE',  ( -1.000000000000000000, 0.000000000000000000, 1.387778780781445922E-16 ) ) ;
#5061 = FACE_OUTER_BOUND ( 'NONE', #5790, .T. ) ;
#5062 = CARTESIAN_POINT ( 'NONE',  ( 53.06673996170920304, 2.317970660146694950, -12.95125337509577967 ) ) ;
#5063 = EDGE_CURVE ( 'NONE', #3389, #1087, #3442, .T. ) ;
#5064 = AXIS2_PLACEMENT_3D ( 'NONE', #1904, #2723, #4651 ) ;
#5065 = EDGE_CURVE ( 'NONE', #3368, #72, #6204, .T. ) ;
#5066 = CARTESIAN_POINT ( 'NONE',  ( 67.34938875305628869, 0.2179706601466920024, -6.357018755447420233 ) ) ;
#5067 = VECTOR ( 'NONE', #4059, 1000.000000000000000 ) ;
#5068 = CARTESIAN_POINT ( 'NONE',  ( -13.75061124694371983, -7.372953488125739696, 9.350000000000001421 ) ) ;
#5069 = CARTESIAN_POINT ( 'NONE',  ( 55.85349847498640230, 2.317970660146694950, 0.000000000000000000 ) ) ;
#5070 = DIRECTION ( 'NONE',  ( 0.000000000000000000, -1.000000000000000000, 0.000000000000000000 ) ) ;
#5071 = LINE ( 'NONE', #5131, #5774 ) ;
#5072 = AXIS2_PLACEMENT_3D ( 'NONE', #1989, #1006, #4315 ) ;
#5073 = VECTOR ( 'NONE', #2307, 1000.000000000000000 ) ;
#5074 = PLANE ( 'NONE',  #1236 ) ;
#5075 = ORIENTED_EDGE ( 'NONE', *, *, #4599, .T. ) ;
#5076 = AXIS2_PLACEMENT_3D ( 'NONE', #3778, #4787, #473 ) ;
#5077 = CARTESIAN_POINT ( 'NONE',  ( 65.64938875305630006, -2.582029339853309846, 10.23512053801293931 ) ) ;
#5078 = DIRECTION ( 'NONE',  ( 0.000000000000000000, 0.000000000000000000, 1.000000000000000000 ) ) ;
#5079 = DIRECTION ( 'NONE',  ( 0.000000000000000000, 0.000000000000000000, 1.000000000000000000 ) ) ;
#5080 = EDGE_CURVE ( 'NONE', #1690, #437, #2874, .T. ) ;
#5081 = AXIS2_PLACEMENT_3D ( 'NONE', #2617, #231, #2530 ) ;
#5082 = ORIENTED_EDGE ( 'NONE', *, *, #1287, .F. ) ;
#5083 = ORIENTED_EDGE ( 'NONE', *, *, #2474, .T. ) ;
#5084 = ADVANCED_FACE ( 'NONE', ( #1898 ), #71, .F. ) ;
#5085 = VERTEX_POINT ( 'NONE', #3473 ) ;
#5086 = VERTEX_POINT ( 'NONE', #1456 ) ;
#5087 = ADVANCED_FACE ( 'NONE', ( #1516 ), #1044, .F. ) ;
#5088 = VECTOR ( 'NONE', #3493, 1000.000000000000000 ) ;
#5089 = LINE ( 'NONE', #306, #731 ) ;
#5090 = LINE ( 'NONE', #778, #871 ) ;
#5091 = EDGE_CURVE ( 'NONE', #5747, #5285, #33, .T. ) ;
#5092 = VECTOR ( 'NONE', #2975, 1000.000000000000000 ) ;
#5093 = VERTEX_POINT ( 'NONE', #3934 ) ;
#5094 = ORIENTED_EDGE ( 'NONE', *, *, #5847, .T. ) ;
#5095 = CARTESIAN_POINT ( 'NONE',  ( -13.75061124694374115, -12.68202933985330105, -25.00000000000000000 ) ) ;
#5096 = DIRECTION ( 'NONE',  ( 0.000000000000000000, 0.000000000000000000, 1.000000000000000000 ) ) ;
#5097 = VECTOR ( 'NONE', #4735, 1000.000000000000000 ) ;
#5098 = DIRECTION ( 'NONE',  ( 0.000000000000000000, 0.000000000000000000, 1.000000000000000000 ) ) ;
#5099 = ORIENTED_EDGE ( 'NONE', *, *, #3868, .F. ) ;
#5100 = VECTOR ( 'NONE', #5793, 1000.000000000000000 ) ;
#5101 = DIRECTION ( 'NONE',  ( 1.000000000000000000, 0.000000000000000000, 0.000000000000000000 ) ) ;
#5102 = VERTEX_POINT ( 'NONE', #2409 ) ;
#5103 = LINE ( 'NONE', #3117, #4566 ) ;
#5104 = DIRECTION ( 'NONE',  ( 0.000000000000000000, 0.000000000000000000, 1.000000000000000000 ) ) ;
#5105 = CARTESIAN_POINT ( 'NONE',  ( 55.85349847498640230, 2.317970660146694950, 12.34922043697280181 ) ) ;
#5106 = DIRECTION ( 'NONE',  ( 0.000000000000000000, -1.000000000000000000, 0.000000000000000000 ) ) ;
#5107 = FACE_OUTER_BOUND ( 'NONE', #2876, .T. ) ;
#5108 = VERTEX_POINT ( 'NONE', #5387 ) ;
#5109 = FACE_BOUND ( 'NONE', #3804, .T. ) ;
#5110 = DIRECTION ( 'NONE',  ( 0.000000000000000000, 1.000000000000000000, 0.000000000000000000 ) ) ;
#5111 = LINE ( 'NONE', #801, #4297 ) ;
#5112 = ORIENTED_EDGE ( 'NONE', *, *, #3402, .F. ) ;
#5113 = VERTEX_POINT ( 'NONE', #4797 ) ;
#5114 = ORIENTED_EDGE ( 'NONE', *, *, #1491, .F. ) ;
#5115 = VERTEX_POINT ( 'NONE', #2376 ) ;
#5116 = DIRECTION ( 'NONE',  ( 0.000000000000000000, 0.000000000000000000, -1.000000000000000000 ) ) ;
#5117 = PLANE ( 'NONE',  #1573 ) ;
#5118 = ORIENTED_EDGE ( 'NONE', *, *, #3048, .T. ) ;
#5119 = EDGE_CURVE ( 'NONE', #4338, #4842, #480, .T. ) ;
#5120 = ORIENTED_EDGE ( 'NONE', *, *, #2488, .T. ) ;
#5121 = CARTESIAN_POINT ( 'NONE',  ( -10.75061124694373937, -1.958100679666324950, 20.00000000000000000 ) ) ;
#5122 = DIRECTION ( 'NONE',  ( 1.000000000000000000, 0.000000000000000000, 0.000000000000000000 ) ) ;
#5123 = CARTESIAN_POINT ( 'NONE',  ( 55.04969678325399940, -3.564322777930264863, -26.39999999999999858 ) ) ;
#5124 = CIRCLE ( 'NONE', #98, 1.399999999999998579 ) ;
#5125 = LINE ( 'NONE', #2239, #2540 ) ;
#5126 = ORIENTED_EDGE ( 'NONE', *, *, #2287, .T. ) ;
#5127 = ORIENTED_EDGE ( 'NONE', *, *, #5704, .T. ) ;
#5128 = CARTESIAN_POINT ( 'NONE',  ( 68.64938875305628585, -1.582029339853310068, -1.057592947645777715 ) ) ;
#5129 = CARTESIAN_POINT ( 'NONE',  ( 55.54969678325399940, -3.064322777930264863, -75.14999999999999147 ) ) ;
#5130 = CARTESIAN_POINT ( 'NONE',  ( 67.34938875305628869, 5.317970660146690065, 3.149999999999999911 ) ) ;
#5131 = CARTESIAN_POINT ( 'NONE',  ( 65.94938875305629722, -12.68202933985330105, -27.69999999999999929 ) ) ;
#5132 = ADVANCED_FACE ( 'NONE', ( #3384 ), #2904, .F. ) ;
#5133 = CARTESIAN_POINT ( 'NONE',  ( 55.85349847498640230, 2.317970660146694950, 0.000000000000000000 ) ) ;
#5134 = ORIENTED_EDGE ( 'NONE', *, *, #6187, .T. ) ;
#5135 = DIRECTION ( 'NONE',  ( -1.387778780781445922E-16, -5.782411586589360597E-16, -1.000000000000000000 ) ) ;
#5136 = DIRECTION ( 'NONE',  ( 0.000000000000000000, 0.000000000000000000, -1.000000000000000000 ) ) ;
#5137 = CARTESIAN_POINT ( 'NONE',  ( 66.34938875305628869, 5.317970660146690065, 26.34164078649989804 ) ) ;
#5138 = VERTEX_POINT ( 'NONE', #1672 ) ;
#5139 = EDGE_CURVE ( 'NONE', #2671, #933, #1288, .T. ) ;
#5140 = ORIENTED_EDGE ( 'NONE', *, *, #4124, .T. ) ;
#5141 = CARTESIAN_POINT ( 'NONE',  ( 39.00876143713075095, 5.317970660146690065, -8.451253375095769016 ) ) ;
#5142 = EDGE_LOOP ( 'NONE', ( #3163, #3220, #1553, #5154 ) ) ;
#5143 = AXIS2_PLACEMENT_3D ( 'NONE', #5179, #1906, #4706 ) ;
#5144 = DIRECTION ( 'NONE',  ( -1.000000000000000000, 0.000000000000000000, 0.000000000000000000 ) ) ;
#5145 = CARTESIAN_POINT ( 'NONE',  ( 41.00876143713075095, 5.317970660146690065, -10.45125337509577967 ) ) ;
#5146 = VECTOR ( 'NONE', #4765, 1000.000000000000000 ) ;
#5147 = ORIENTED_EDGE ( 'NONE', *, *, #4184, .T. ) ;
#5148 = ORIENTED_EDGE ( 'NONE', *, *, #616, .F. ) ;
#5149 = DIRECTION ( 'NONE',  ( 0.000000000000000000, 1.000000000000000000, 1.156482317317869950E-15 ) ) ;
#5150 = CARTESIAN_POINT ( 'NONE',  ( 59.75442965260419470, -3.064322777930264863, -26.39999999999999858 ) ) ;
#5151 = AXIS2_PLACEMENT_3D ( 'NONE', #2331, #910, #1319 ) ;
#5152 = ORIENTED_EDGE ( 'NONE', *, *, #4163, .F. ) ;
#5153 = DIRECTION ( 'NONE',  ( 1.000000000000000000, 0.000000000000000000, 0.000000000000000000 ) ) ;
#5154 = ORIENTED_EDGE ( 'NONE', *, *, #1402, .F. ) ;
#5155 = ORIENTED_EDGE ( 'NONE', *, *, #4605, .F. ) ;
#5156 = EDGE_CURVE ( 'NONE', #1256, #1753, #4805, .T. ) ;
#5157 = DIRECTION ( 'NONE',  ( 0.000000000000000000, 0.000000000000000000, -1.000000000000000000 ) ) ;
#5158 = LINE ( 'NONE', #4604, #6186 ) ;
#5160 = EDGE_CURVE ( 'NONE', #5576, #3326, #5597, .T. ) ;
#5159 = CARTESIAN_POINT ( 'NONE',  ( -12.45061124694374044, 5.317970660146690065, -25.00000000000000000 ) ) ;
#5161 = AXIS2_PLACEMENT_3D ( 'NONE', #4861, #5331, #5266 ) ;
#5162 = CARTESIAN_POINT ( 'NONE',  ( 68.64938875305628585, -3.782029339853310024, 10.23512053801293931 ) ) ;
#5163 = EDGE_CURVE ( 'NONE', #5942, #490, #3096, .T. ) ;
#5164 = ORIENTED_EDGE ( 'NONE', *, *, #651, .T. ) ;
#5165 = AXIS2_PLACEMENT_3D ( 'NONE', #166, #1137, #94 ) ;
#5166 = FACE_OUTER_BOUND ( 'NONE', #1697, .T. ) ;
#5167 = EDGE_CURVE ( 'NONE', #1827, #2183, #1204, .T. ) ;
#5168 = EDGE_LOOP ( 'NONE', ( #387, #1610, #1495, #4992, #699, #840 ) ) ;
#5169 = CARTESIAN_POINT ( 'NONE',  ( -12.45061124694371912, -3.958100679666319621, -20.00000000000000000 ) ) ;
#5170 = DIRECTION ( 'NONE',  ( 0.000000000000000000, 1.000000000000000000, 0.000000000000000000 ) ) ;
#5171 = DIRECTION ( 'NONE',  ( 0.000000000000000000, 0.000000000000000000, 1.000000000000000000 ) ) ;
#5172 = VECTOR ( 'NONE', #4381, 1000.000000000000000 ) ;
#5173 = DIRECTION ( 'NONE',  ( 0.000000000000000000, 0.000000000000000000, 1.000000000000000000 ) ) ;
#5174 = CIRCLE ( 'NONE', #956, 2.499999999999998668 ) ;
#5175 = ORIENTED_EDGE ( 'NONE', *, *, #4055, .T. ) ;
#5176 = ADVANCED_FACE ( 'NONE', ( #3095 ), #3975, .F. ) ;
#5177 = LINE ( 'NONE', #3355, #5146 ) ;
#5178 = VECTOR ( 'NONE', #2952, 1000.000000000000000 ) ;
#5179 = CARTESIAN_POINT ( 'NONE',  ( 63.84938875305628869, -4.582029339853310290, 22.70000000000000284 ) ) ;
#5180 = DIRECTION ( 'NONE',  ( 0.000000000000000000, 0.000000000000000000, -1.000000000000000000 ) ) ;
#5181 = EDGE_CURVE ( 'NONE', #2124, #2971, #1175, .T. ) ;
#5182 = VERTEX_POINT ( 'NONE', #2994 ) ;
#5183 = ORIENTED_EDGE ( 'NONE', *, *, #3315, .F. ) ;
#5184 = VECTOR ( 'NONE', #3567, 1000.000000000000000 ) ;
#5185 = DIRECTION ( 'NONE',  ( 1.000000000000000000, 0.000000000000000000, 0.000000000000000000 ) ) ;
#5186 = PLANE ( 'NONE',  #4022 ) ;
#5187 = AXIS2_PLACEMENT_3D ( 'NONE', #1577, #3533, #5887 ) ;
#5188 = ORIENTED_EDGE ( 'NONE', *, *, #2351, .T. ) ;
#5189 = LINE ( 'NONE', #3275, #3456 ) ;
#5190 = VERTEX_POINT ( 'NONE', #1140 ) ;
#5191 = CIRCLE ( 'NONE', #6086, 2.517942532974349223 ) ;
#5192 = DIRECTION ( 'NONE',  ( 0.000000000000000000, 1.000000000000000000, 0.000000000000000000 ) ) ;
#5193 = DIRECTION ( 'NONE',  ( 0.000000000000000000, 1.000000000000000000, 0.000000000000000000 ) ) ;
#5194 = CARTESIAN_POINT ( 'NONE',  ( 39.00876143713075095, 5.317970660146690065, -7.951253375095769016 ) ) ;
#5195 = DIRECTION ( 'NONE',  ( -1.000000000000000000, 0.000000000000000000, 0.000000000000000000 ) ) ;
#5196 = AXIS2_PLACEMENT_3D ( 'NONE', #2198, #5951, #1183 ) ;
#5197 = CARTESIAN_POINT ( 'NONE',  ( 47.52818463161129614, 2.317970660146694950, 8.777868546064290456 ) ) ;
#5198 = ADVANCED_FACE ( 'NONE', ( #4094 ), #667, .F. ) ;
#5199 = VERTEX_POINT ( 'NONE', #634 ) ;
#5200 = EDGE_CURVE ( 'NONE', #182, #832, #4200, .T. ) ;
#5201 = CARTESIAN_POINT ( 'NONE',  ( 63.84938875305628869, 4.017970660146695572, 22.70000000000000284 ) ) ;
#5202 = CARTESIAN_POINT ( 'NONE',  ( 63.84938875305628869, -3.982029339853304872, 22.70000000000000284 ) ) ;
#5203 = LINE ( 'NONE', #3752, #2292 ) ;
#5204 = ORIENTED_EDGE ( 'NONE', *, *, #1509, .T. ) ;
#5205 = CARTESIAN_POINT ( 'NONE',  ( 41.00876143713075095, 2.317970660146694950, -6.451253375095769904 ) ) ;
#5206 = ORIENTED_EDGE ( 'NONE', *, *, #6196, .F. ) ;
#5207 = LINE ( 'NONE', #6208, #331 ) ;
#5208 = CARTESIAN_POINT ( 'NONE',  ( -13.75061124694374115, -7.372953488125739696, 15.65000000000000036 ) ) ;
#5209 = DIRECTION ( 'NONE',  ( 0.7071067811865420216, 0.7071067811865531239, 1.168223555568294045E-15 ) ) ;
#5210 = EDGE_LOOP ( 'NONE', ( #2859, #1876 ) ) ;
#5211 = ADVANCED_FACE ( 'NONE', ( #4507 ), #130, .T. ) ;
#5212 = ORIENTED_EDGE ( 'NONE', *, *, #4158, .F. ) ;
#5213 = ORIENTED_EDGE ( 'NONE', *, *, #324, .T. ) ;
#5214 = DIRECTION ( 'NONE',  ( 0.000000000000000000, 0.000000000000000000, -1.000000000000000000 ) ) ;
#5215 = DIRECTION ( 'NONE',  ( 0.000000000000000000, 1.000000000000000000, 0.000000000000000000 ) ) ;
#5216 = VERTEX_POINT ( 'NONE', #696 ) ;
#5217 = CARTESIAN_POINT ( 'NONE',  ( 55.54969678325399940, -3.064322777930264863, 26.39999999999999858 ) ) ;
#5218 = VERTEX_POINT ( 'NONE', #3505 ) ;
#5219 = LINE ( 'NONE', #912, #4669 ) ;
#5220 = DIRECTION ( 'NONE',  ( 0.000000000000000000, 1.000000000000000000, 0.000000000000000000 ) ) ;
#5221 = CARTESIAN_POINT ( 'NONE',  ( 67.34938875305628869, 0.2179706601466920024, -18.35701875544739892 ) ) ;
#5222 = LINE ( 'NONE', #915, #3862 ) ;
#5223 = AXIS2_PLACEMENT_3D ( 'NONE', #1156, #5874, #1535 ) ;
#5224 = CARTESIAN_POINT ( 'NONE',  ( 55.85349847498640230, 5.317970660146690065, 0.000000000000000000 ) ) ;
#5225 = ORIENTED_EDGE ( 'NONE', *, *, #261, .F. ) ;
#5226 = ADVANCED_FACE ( 'NONE', ( #1111, #3028, #6009, #2642, #4032, #1642, #4979 ), #4570, .F. ) ;
#5227 = CARTESIAN_POINT ( 'NONE',  ( 65.94938875305629722, 5.317970660146690065, 27.69999999999999929 ) ) ;
#5228 = CARTESIAN_POINT ( 'NONE',  ( -2.150611246943755273, 4.017970660146695572, 22.70000000000000284 ) ) ;
#5229 = DIRECTION ( 'NONE',  ( 0.000000000000000000, -1.000000000000000000, 0.000000000000000000 ) ) ;
#5230 = DIRECTION ( 'NONE',  ( 0.000000000000000000, -1.000000000000000000, 0.000000000000000000 ) ) ;
#5231 = ORIENTED_EDGE ( 'NONE', *, *, #3700, .F. ) ;
#5232 = CARTESIAN_POINT ( 'NONE',  ( -4.650611246943759269, -3.982029339853304872, -26.39999999999999858 ) ) ;
#5233 = DIRECTION ( 'NONE',  ( 0.000000000000000000, 1.000000000000000000, -7.709882115452480139E-16 ) ) ;
#5234 = CARTESIAN_POINT ( 'NONE',  ( 67.34938875305628869, -2.582029339853309846, 6.942407052354219843 ) ) ;
#5235 = EDGE_CURVE ( 'NONE', #5599, #4602, #2557, .T. ) ;
#5236 = CARTESIAN_POINT ( 'NONE',  ( 65.64938875305630006, -1.582029339853310068, -1.057592947645777715 ) ) ;
#5237 = DIRECTION ( 'NONE',  ( 0.000000000000000000, 0.000000000000000000, -1.000000000000000000 ) ) ;
#5238 = ADVANCED_FACE ( 'NONE', ( #5484 ), #2267, .T. ) ;
#5239 = AXIS2_PLACEMENT_3D ( 'NONE', #5141, #5611, #1308 ) ;
#5240 = ORIENTED_EDGE ( 'NONE', *, *, #3305, .T. ) ;
#5241 = ORIENTED_EDGE ( 'NONE', *, *, #702, .T. ) ;
#5242 = CARTESIAN_POINT ( 'NONE',  ( 47.52818463161129614, 4.017970660146695572, 8.777868546064290456 ) ) ;
#5243 = ADVANCED_FACE ( 'NONE', ( #1704 ), #3184, .T. ) ;
#5244 = DIRECTION ( 'NONE',  ( 1.000000000000000000, 0.000000000000000000, 0.000000000000000000 ) ) ;
#5245 = EDGE_CURVE ( 'NONE', #1218, #3802, #2336, .T. ) ;
#5246 = ORIENTED_EDGE ( 'NONE', *, *, #5119, .F. ) ;
#5247 = ORIENTED_EDGE ( 'NONE', *, *, #3172, .F. ) ;
#5248 = VECTOR ( 'NONE', #3872, 1000.000000000000000 ) ;
#5249 = PLANE ( 'NONE',  #4953 ) ;
#5250 = DIRECTION ( 'NONE',  ( 0.000000000000000000, 0.000000000000000000, 1.000000000000000000 ) ) ;
#5251 = FACE_OUTER_BOUND ( 'NONE', #2644, .T. ) ;
#5252 = FACE_OUTER_BOUND ( 'NONE', #2766, .T. ) ;
#5253 = FACE_OUTER_BOUND ( 'NONE', #1068, .T. ) ;
#5254 = VECTOR ( 'NONE', #1445, 1000.000000000000000 ) ;
#5255 = ADVANCED_FACE ( 'NONE', ( #1300 ), #2774, .F. ) ;
#5256 = EDGE_CURVE ( 'NONE', #578, #3063, #2704, .T. ) ;
#5257 = FACE_BOUND ( 'NONE', #1444, .T. ) ;
#5258 = VERTEX_POINT ( 'NONE', #853 ) ;
#5259 = CARTESIAN_POINT ( 'NONE',  ( 1.154952111509895962, 5.317970660146690065, -20.14512806027880032 ) ) ;
#5260 = CARTESIAN_POINT ( 'NONE',  ( 66.64938875305630006, -7.237112297184710386, 3.149999999999999911 ) ) ;
#5261 = CARTESIAN_POINT ( 'NONE',  ( 41.00876143713075095, 2.317970660146694950, -10.45125337509577967 ) ) ;
#5262 = ORIENTED_EDGE ( 'NONE', *, *, #144, .T. ) ;
#5263 = CIRCLE ( 'NONE', #4160, 1.700000000000000178 ) ;
#5264 = ORIENTED_EDGE ( 'NONE', *, *, #113, .T. ) ;
#5265 = DIRECTION ( 'NONE',  ( 0.000000000000000000, 1.000000000000000000, 0.000000000000000000 ) ) ;
#5266 = DIRECTION ( 'NONE',  ( 1.000000000000000000, 0.000000000000000000, 0.000000000000000000 ) ) ;
#5267 = LINE ( 'NONE', #996, #5780 ) ;
#5268 = AXIS2_PLACEMENT_3D ( 'NONE', #2514, #658, #1072 ) ;
#5269 = DIRECTION ( 'NONE',  ( 0.000000000000000000, 0.000000000000000000, -1.000000000000000000 ) ) ;
#5270 = CARTESIAN_POINT ( 'NONE',  ( -12.75061124694371983, 5.317970660146690065, 25.00000000000000000 ) ) ;
#5271 = EDGE_CURVE ( 'NONE', #4919, #5559, #5174, .T. ) ;
#5272 = VECTOR ( 'NONE', #354, 1000.000000000000000 ) ;
#5273 = EDGE_CURVE ( 'NONE', #1650, #3335, #5071, .T. ) ;
#5274 = AXIS2_PLACEMENT_3D ( 'NONE', #4712, #6116, #1316 ) ;
#5275 = VERTEX_POINT ( 'NONE', #4194 ) ;
#5276 = EDGE_CURVE ( 'NONE', #2596, #544, #4473, .T. ) ;
#5277 = VERTEX_POINT ( 'NONE', #2277 ) ;
#5278 = EDGE_CURVE ( 'NONE', #1307, #834, #1270, .T. ) ;
#5279 = CIRCLE ( 'NONE', #155, 0.5000000000000004441 ) ;
#5280 = DIRECTION ( 'NONE',  ( 4.038158615950355110E-16, 0.000000000000000000, 1.000000000000000000 ) ) ;
#5281 = DIRECTION ( 'NONE',  ( 0.000000000000000000, -1.000000000000000000, 0.000000000000000000 ) ) ;
#5282 = ADVANCED_BREP_SHAPE_REPRESENTATION ( '\X2\540e\X0\8.0', ( #1382, #1813 ), #2020 ) ;
#5283 = VECTOR ( 'NONE', #3251, 1000.000000000000000 ) ;
#5284 = ORIENTED_EDGE ( 'NONE', *, *, #1093, .T. ) ;
#5285 = VERTEX_POINT ( 'NONE', #5543 ) ;
#5286 = FACE_OUTER_BOUND ( 'NONE', #4802, .T. ) ;
#5287 = ORIENTED_EDGE ( 'NONE', *, *, #2474, .F. ) ;
#5288 = FACE_OUTER_BOUND ( 'NONE', #4143, .T. ) ;
#5289 = FACE_OUTER_BOUND ( 'NONE', #1225, .T. ) ;
#5290 = AXIS2_PLACEMENT_3D ( 'NONE', #666, #3118, #4477 ) ;
#5291 = CARTESIAN_POINT ( 'NONE',  ( -4.650611246943759269, 4.017970660146695572, -26.39999999999999858 ) ) ;
#5292 = ADVANCED_FACE ( 'NONE', ( #385 ), #794, .F. ) ;
#5293 = VECTOR ( 'NONE', #4551, 1000.000000000000000 ) ;
#5294 = DIRECTION ( 'NONE',  ( 0.000000000000000000, 0.000000000000000000, 1.000000000000000000 ) ) ;
#5295 = EDGE_LOOP ( 'NONE', ( #1872, #5241, #3909, #447 ) ) ;
#5296 = FACE_OUTER_BOUND ( 'NONE', #189, .T. ) ;
#5297 = DIRECTION ( 'NONE',  ( 0.000000000000000000, 0.000000000000000000, 1.000000000000000000 ) ) ;
#5298 = CARTESIAN_POINT ( 'NONE',  ( 67.34938875305628869, -4.782029339853309580, 11.23512053801293931 ) ) ;
#5299 = VERTEX_POINT ( 'NONE', #5572 ) ;
#5300 = CARTESIAN_POINT ( 'NONE',  ( 1.138336177318524101, 4.017970660146695572, 26.14441820468924860 ) ) ;
#5301 = EDGE_CURVE ( 'NONE', #1599, #4711, #4722, .T. ) ;
#5302 = ORIENTED_EDGE ( 'NONE', *, *, #3046, .T. ) ;
#5303 = CARTESIAN_POINT ( 'NONE',  ( 55.54969678325399940, -3.564322777930264863, -26.39999999999999858 ) ) ;
#5304 = AXIS2_PLACEMENT_3D ( 'NONE', #5888, #5038, #4479 ) ;
#5305 = CARTESIAN_POINT ( 'NONE',  ( 0.3493887530562619914, 4.017970660146695572, -26.39999999999999858 ) ) ;
#5306 = FACE_OUTER_BOUND ( 'NONE', #2036, .T. ) ;
#5307 = LINE ( 'NONE', #2912, #960 ) ;
#5308 = DIRECTION ( 'NONE',  ( 0.000000000000000000, 1.000000000000000000, 0.000000000000000000 ) ) ;
#5309 = ORIENTED_EDGE ( 'NONE', *, *, #2914, .F. ) ;
#5310 = VERTEX_POINT ( 'NONE', #2245 ) ;
#5311 = ORIENTED_EDGE ( 'NONE', *, *, #4544, .F. ) ;
#5312 = DIRECTION ( 'NONE',  ( -1.000000000000000000, 0.000000000000000000, 0.000000000000000000 ) ) ;
#5313 = CARTESIAN_POINT ( 'NONE',  ( 68.64938875305628585, -12.68202933985330105, -25.00000000000000000 ) ) ;
#5314 = EDGE_CURVE ( 'NONE', #5641, #3391, #6159, .T. ) ;
#5315 = EDGE_LOOP ( 'NONE', ( #908, #5766, #5049, #4072, #4008, #5506 ) ) ;
#5316 = ORIENTED_EDGE ( 'NONE', *, *, #2258, .T. ) ;
#5317 = DIRECTION ( 'NONE',  ( 0.000000000000000000, 0.000000000000000000, 1.000000000000000000 ) ) ;
#5318 = ORIENTED_EDGE ( 'NONE', *, *, #6113, .F. ) ;
#5319 = DIRECTION ( 'NONE',  ( -1.000000000000000000, 0.000000000000000000, 0.000000000000000000 ) ) ;
#5320 = LINE ( 'NONE', #4820, #3369 ) ;
#5321 = DIRECTION ( 'NONE',  ( -1.000000000000000000, 0.000000000000000000, 0.000000000000000000 ) ) ;
#5322 = VERTEX_POINT ( 'NONE', #6103 ) ;
#5323 = DIRECTION ( 'NONE',  ( 1.000000000000000000, 0.000000000000000000, 0.000000000000000000 ) ) ;
#5324 = DIRECTION ( 'NONE',  ( 0.000000000000000000, 1.000000000000000000, 0.000000000000000000 ) ) ;
#5325 = DIRECTION ( 'NONE',  ( 1.000000000000000000, 0.000000000000000000, 0.000000000000000000 ) ) ;
#5326 = EDGE_LOOP ( 'NONE', ( #310, #4405, #1551, #5472 ) ) ;
#5327 = DIRECTION ( 'NONE',  ( -1.000000000000000000, 0.000000000000000000, 1.387778780781445922E-16 ) ) ;
#5328 = ORIENTED_EDGE ( 'NONE', *, *, #1673, .F. ) ;
#5329 = CARTESIAN_POINT ( 'NONE',  ( -11.05061124694374008, 5.317970660146690065, -26.70000000000000284 ) ) ;
#5330 = ORIENTED_EDGE ( 'NONE', *, *, #5941, .F. ) ;
#5331 = DIRECTION ( 'NONE',  ( 0.000000000000000000, 0.000000000000000000, 1.000000000000000000 ) ) ;
#5332 = CARTESIAN_POINT ( 'NONE',  ( -2.150611246943755273, -4.582029339853310290, 22.70000000000000284 ) ) ;
#5333 = DIRECTION ( 'NONE',  ( 0.000000000000000000, 1.000000000000000000, 0.000000000000000000 ) ) ;
#5334 = DIRECTION ( 'NONE',  ( 0.000000000000000000, 1.000000000000000000, 0.000000000000000000 ) ) ;
#5335 = EDGE_CURVE ( 'NONE', #558, #3573, #323, .T. ) ;
#5336 = ORIENTED_EDGE ( 'NONE', *, *, #4082, .F. ) ;
#5337 = VECTOR ( 'NONE', #6169, 1000.000000000000000 ) ;
#5338 = EDGE_CURVE ( 'NONE', #1280, #4451, #4607, .T. ) ;
#5339 = ORIENTED_EDGE ( 'NONE', *, *, #5063, .T. ) ;
#5340 = ORIENTED_EDGE ( 'NONE', *, *, #876, .T. ) ;
#5341 = DIRECTION ( 'NONE',  ( 0.000000000000000000, 1.000000000000000000, 0.000000000000000000 ) ) ;
#5342 = DIRECTION ( 'NONE',  ( 0.000000000000000000, -1.000000000000000000, 1.523637836666414713E-16 ) ) ;
#5343 = EDGE_LOOP ( 'NONE', ( #3699, #5895, #2079, #3228 ) ) ;
#5344 = DIRECTION ( 'NONE',  ( 0.000000000000000000, 0.000000000000000000, 1.000000000000000000 ) ) ;
#5345 = CARTESIAN_POINT ( 'NONE',  ( 47.22812697155030293, 5.317970660146690065, 11.27786854606429934 ) ) ;
#5346 = CARTESIAN_POINT ( 'NONE',  ( 59.75442965260419470, -3.564322777930264863, -75.14999999999999147 ) ) ;
#5347 = LINE ( 'NONE', #4882, #333 ) ;
#5348 = ORIENTED_EDGE ( 'NONE', *, *, #411, .T. ) ;
#5349 = EDGE_CURVE ( 'NONE', #2424, #4993, #1858, .T. ) ;
#5350 = LINE ( 'NONE', #5415, #445 ) ;
#5351 = DIRECTION ( 'NONE',  ( 0.000000000000000000, 0.000000000000000000, 1.000000000000000000 ) ) ;
#5352 = ADVANCED_FACE ( 'NONE', ( #5661 ), #1356, .F. ) ;
#5353 = VECTOR ( 'NONE', #1636, 1000.000000000000000 ) ;
#5354 = CARTESIAN_POINT ( 'NONE',  ( 59.75442965260419470, -3.564322777930264863, -75.14999999999999147 ) ) ;
#5355 = ORIENTED_EDGE ( 'NONE', *, *, #5943, .T. ) ;
#5356 = CIRCLE ( 'NONE', #2641, 2.000000000000000000 ) ;
#5357 = ORIENTED_EDGE ( 'NONE', *, *, #16, .F. ) ;
#5358 = FACE_OUTER_BOUND ( 'NONE', #6020, .T. ) ;
#5359 = ORIENTED_EDGE ( 'NONE', *, *, #1912, .T. ) ;
#5360 =( NAMED_UNIT ( * ) SI_UNIT ( $, .STERADIAN. ) SOLID_ANGLE_UNIT ( ) );
#5361 = CARTESIAN_POINT ( 'NONE',  ( -11.05061124694371877, 5.317970660146690065, 27.69999999999999929 ) ) ;
#5362 = DIRECTION ( 'NONE',  ( 0.000000000000000000, 0.000000000000000000, 1.000000000000000000 ) ) ;
#5363 = CARTESIAN_POINT ( 'NONE',  ( 60.25442965260419470, 5.317970660146690065, -27.69999999999999929 ) ) ;
#5364 = AXIS2_PLACEMENT_3D ( 'NONE', #2250, #6072, #268 ) ;
#5365 = ORIENTED_EDGE ( 'NONE', *, *, #3071, .T. ) ;
#5366 = ORIENTED_EDGE ( 'NONE', *, *, #5349, .T. ) ;
#5367 = ORIENTED_EDGE ( 'NONE', *, *, #2550, .F. ) ;
#5368 = AXIS2_PLACEMENT_3D ( 'NONE', #2585, #5886, #1576 ) ;
#5369 = EDGE_CURVE ( 'NONE', #5218, #1095, #2064, .T. ) ;
#5370 = CARTESIAN_POINT ( 'NONE',  ( -13.75061124694374115, -1.958100679666324950, 20.00000000000000000 ) ) ;
#5371 = CARTESIAN_POINT ( 'NONE',  ( 65.64938875305630006, -3.782029339853310024, -1.057592947645777715 ) ) ;
#5372 = AXIS2_PLACEMENT_3D ( 'NONE', #2515, #627, #5967 ) ;
#5373 = CARTESIAN_POINT ( 'NONE',  ( 67.34938875305628869, 5.317970660146690065, -2.057592947645780157 ) ) ;
#5374 = AXIS2_PLACEMENT_3D ( 'NONE', #5751, #3805, #1414 ) ;
#5375 = ORIENTED_EDGE ( 'NONE', *, *, #1007, .T. ) ;
#5376 = CIRCLE ( 'NONE', #6166, 0.5000000000000004441 ) ;
#5377 = DIRECTION ( 'NONE',  ( 0.000000000000000000, 0.000000000000000000, 1.000000000000000000 ) ) ;
#5378 = VECTOR ( 'NONE', #4406, 1000.000000000000000 ) ;
#5379 = DIRECTION ( 'NONE',  ( 0.000000000000000000, -1.000000000000000000, 0.000000000000000000 ) ) ;
#5380 = CARTESIAN_POINT ( 'NONE',  ( 70.24228197186970135, -9.489136121039839722, 9.449999999999999289 ) ) ;
#5381 = AXIS2_PLACEMENT_3D ( 'NONE', #3394, #5803, #78 ) ;
#5382 = LINE ( 'NONE', #629, #2246 ) ;
#5383 = ORIENTED_EDGE ( 'NONE', *, *, #1180, .F. ) ;
#5384 = VECTOR ( 'NONE', #4796, 1000.000000000000000 ) ;
#5385 = DIRECTION ( 'NONE',  ( 0.000000000000000000, 0.000000000000000000, 1.000000000000000000 ) ) ;
#5386 = CARTESIAN_POINT ( 'NONE',  ( 60.25442965260419470, -3.564322777930264863, -26.39999999999999858 ) ) ;
#5387 = CARTESIAN_POINT ( 'NONE',  ( -2.150611246943755273, -4.582029339853310290, -20.80000000000000071 ) ) ;
#5388 = ORIENTED_EDGE ( 'NONE', *, *, #2102, .F. ) ;
#5389 = VECTOR ( 'NONE', #5541, 1000.000000000000000 ) ;
#5390 = EDGE_CURVE ( 'NONE', #4458, #288, #1733, .T. ) ;
#5391 = ORIENTED_EDGE ( 'NONE', *, *, #2397, .F. ) ;
#5392 = LINE ( 'NONE', #1521, #4848 ) ;
#5393 = EDGE_LOOP ( 'NONE', ( #990, #591, #4005, #5877 ) ) ;
#5394 = ORIENTED_EDGE ( 'NONE', *, *, #4976, .F. ) ;
#5395 = CARTESIAN_POINT ( 'NONE',  ( 60.25442965260419470, -4.067657337583460375, 26.39999999999999858 ) ) ;
#5396 = VECTOR ( 'NONE', #3990, 999.9999999999998863 ) ;
#5397 = DIRECTION ( 'NONE',  ( 1.000000000000000000, 0.000000000000000000, 0.000000000000000000 ) ) ;
#5398 = PLANE ( 'NONE',  #3295 ) ;
#5399 = EDGE_LOOP ( 'NONE', ( #5027, #1684, #4152, #3837 ) ) ;
#5400 = ORIENTED_EDGE ( 'NONE', *, *, #2741, .F. ) ;
#5401 = CARTESIAN_POINT ( 'NONE',  ( 47.23027191974109940, 5.317970660146690065, 17.33140657344729973 ) ) ;
#5402 = LINE ( 'NONE', #913, #4398 ) ;
#5403 = ADVANCED_FACE ( 'NONE', ( #2925 ), #3834, .F. ) ;
#5404 = CARTESIAN_POINT ( 'NONE',  ( 65.64938875305630006, -4.282029339853305139, -6.357018755447420233 ) ) ;
#5405 = EDGE_CURVE ( 'NONE', #1032, #4602, #3468, .T. ) ;
#5406 = ORIENTED_EDGE ( 'NONE', *, *, #2661, .F. ) ;
#5407 = ORIENTED_EDGE ( 'NONE', *, *, #2633, .F. ) ;
#5408 = ORIENTED_EDGE ( 'NONE', *, *, #2932, .F. ) ;
#5409 = FACE_OUTER_BOUND ( 'NONE', #3065, .T. ) ;
#5410 = LINE ( 'NONE', #2924, #3859 ) ;
#5411 = LINE ( 'NONE', #1106, #4670 ) ;
#5412 = EDGE_CURVE ( 'NONE', #2495, #648, #1358, .T. ) ;
#5413 = CARTESIAN_POINT ( 'NONE',  ( 67.34938875305628869, -4.782029339853309580, -6.357018755447420233 ) ) ;
#5414 = ORIENTED_EDGE ( 'NONE', *, *, #787, .T. ) ;
#5415 = CARTESIAN_POINT ( 'NONE',  ( 55.04969678325399940, -3.564322777930264863, -75.14999999999999147 ) ) ;
#5416 = DIRECTION ( 'NONE',  ( 1.000000000000000000, 0.000000000000000000, 0.000000000000000000 ) ) ;
#5417 = DIRECTION ( 'NONE',  ( 0.000000000000000000, 0.000000000000000000, 1.000000000000000000 ) ) ;
#5418 = VERTEX_POINT ( 'NONE', #530 ) ;
#5419 = DIRECTION ( 'NONE',  ( 0.000000000000000000, 1.000000000000000000, 0.000000000000000000 ) ) ;
#5420 = ORIENTED_EDGE ( 'NONE', *, *, #5037, .T. ) ;
#5421 = CARTESIAN_POINT ( 'NONE',  ( -11.05061124694371877, -12.68202933985330105, 27.69999999999999929 ) ) ;
#5422 = LINE ( 'NONE', #2160, #559 ) ;
#5423 = DIRECTION ( 'NONE',  ( 0.000000000000000000, 0.000000000000000000, 1.000000000000000000 ) ) ;
#5424 = VECTOR ( 'NONE', #5281, 1000.000000000000000 ) ;
#5425 = ORIENTED_EDGE ( 'NONE', *, *, #1184, .T. ) ;
#5426 = EDGE_LOOP ( 'NONE', ( #2604, #3631, #5445, #4696 ) ) ;
#5427 = VERTEX_POINT ( 'NONE', #5291 ) ;
#5428 = ADVANCED_FACE ( 'NONE', ( #1891 ), #5786, .F. ) ;
#5429 = ADVANCED_FACE ( 'NONE', ( #5723 ), #950, .F. ) ;
#5430 = CARTESIAN_POINT ( 'NONE',  ( 68.64938875305628585, -3.782029339853310024, 18.23512053801294996 ) ) ;
#5431 = DIRECTION ( 'NONE',  ( 0.000000000000000000, -1.000000000000000000, 0.000000000000000000 ) ) ;
#5432 = EDGE_CURVE ( 'NONE', #776, #1568, #4971, .T. ) ;
#5433 = CARTESIAN_POINT ( 'NONE',  ( 39.00876143713075095, 5.317970660146690065, -7.951253375095769016 ) ) ;
#5434 = ORIENTED_EDGE ( 'NONE', *, *, #4328, .T. ) ;
#5435 = ADVANCED_FACE ( 'NONE', ( #3869 ), #2367, .F. ) ;
#5436 = ORIENTED_EDGE ( 'NONE', *, *, #4513, .F. ) ;
#5437 = EDGE_CURVE ( 'NONE', #4133, #2535, #5320, .T. ) ;
#5438 = DIRECTION ( 'NONE',  ( 0.000000000000000000, -1.000000000000000000, 0.000000000000000000 ) ) ;
#5439 = DIRECTION ( 'NONE',  ( 0.000000000000000000, 0.000000000000000000, -1.000000000000000000 ) ) ;
#5440 = DIRECTION ( 'NONE',  ( 0.000000000000000000, -1.000000000000000000, 0.000000000000000000 ) ) ;
#5441 = EDGE_CURVE ( 'NONE', #3548, #4532, #1923, .T. ) ;
#5442 = ADVANCED_FACE ( 'NONE', ( #2457 ), #2867, .T. ) ;
#5443 = CARTESIAN_POINT ( 'NONE',  ( 67.34938875305628869, 0.2179706601466920024, -18.85701875544739892 ) ) ;
#5444 = CIRCLE ( 'NONE', #5143, 1.399999999999998579 ) ;
#5445 = ORIENTED_EDGE ( 'NONE', *, *, #5736, .F. ) ;
#5446 = CARTESIAN_POINT ( 'NONE',  ( -11.05061124694371877, -3.064322777930264863, 26.39999999999999858 ) ) ;
#5447 = CARTESIAN_POINT ( 'NONE',  ( 59.75442965260419470, -4.567657337583459487, 26.39999999999999858 ) ) ;
#5448 = ADVANCED_FACE ( 'NONE', ( #5253 ), #474, .F. ) ;
#5449 = DIRECTION ( 'NONE',  ( 0.000000000000000000, 0.000000000000000000, 1.000000000000000000 ) ) ;
#5450 = AXIS2_PLACEMENT_3D ( 'NONE', #4394, #3480, #2999 ) ;
#5451 = ORIENTED_EDGE ( 'NONE', *, *, #1739, .T. ) ;
#5452 = DIRECTION ( 'NONE',  ( 0.000000000000000000, 0.000000000000000000, 1.000000000000000000 ) ) ;
#5453 = ORIENTED_EDGE ( 'NONE', *, *, #1391, .F. ) ;
#5454 = ORIENTED_EDGE ( 'NONE', *, *, #5046, .T. ) ;
#5455 = CIRCLE ( 'NONE', #22, 1.000000000000000888 ) ;
#5456 = DIRECTION ( 'NONE',  ( 0.000000000000000000, 1.000000000000000000, 0.000000000000000000 ) ) ;
#5457 = DIRECTION ( 'NONE',  ( 0.000000000000000000, -1.000000000000000000, 0.000000000000000000 ) ) ;
#5458 = CARTESIAN_POINT ( 'NONE',  ( 67.34938875305628869, 0.7179706601466929738, -18.35701875544739892 ) ) ;
#5459 = AXIS2_PLACEMENT_3D ( 'NONE', #4687, #4656, #3803 ) ;
#5460 = VERTEX_POINT ( 'NONE', #3314 ) ;
#5461 = ORIENTED_EDGE ( 'NONE', *, *, #5860, .F. ) ;
#5462 = ORIENTED_EDGE ( 'NONE', *, *, #1786, .F. ) ;
#5463 = ORIENTED_EDGE ( 'NONE', *, *, #6187, .F. ) ;
#5464 = AXIS2_PLACEMENT_3D ( 'NONE', #1454, #4758, #2313 ) ;
#5465 = CARTESIAN_POINT ( 'NONE',  ( -10.75061124694373937, -7.372953488125739696, 15.65000000000000036 ) ) ;
#5466 = LINE ( 'NONE', #4078, #4689 ) ;
#5467 = DIRECTION ( 'NONE',  ( 0.000000000000000000, 0.000000000000000000, 1.000000000000000000 ) ) ;
#5468 = EDGE_CURVE ( 'NONE', #5799, #4209, #3346, .T. ) ;
#5469 = VECTOR ( 'NONE', #888, 1000.000000000000000 ) ;
#5470 = ORIENTED_EDGE ( 'NONE', *, *, #1601, .T. ) ;
#5471 = EDGE_CURVE ( 'NONE', #2598, #2523, #1036, .T. ) ;
#5472 = ORIENTED_EDGE ( 'NONE', *, *, #2658, .F. ) ;
#5473 = DIRECTION ( 'NONE',  ( -1.000000000000000000, 0.000000000000000000, 0.000000000000000000 ) ) ;
#5474 = LINE ( 'NONE', #1163, #4167 ) ;
#5475 = AXIS2_PLACEMENT_3D ( 'NONE', #3311, #3776, #4312 ) ;
#5476 = CARTESIAN_POINT ( 'NONE',  ( -2.150611246943755273, 4.017970660146695572, 20.19999999999999929 ) ) ;
#5477 = VECTOR ( 'NONE', #3781, 1000.000000000000000 ) ;
#5478 = AXIS2_PLACEMENT_3D ( 'NONE', #4210, #5280, #3304 ) ;
#5479 = DIRECTION ( 'NONE',  ( 0.000000000000000000, 0.000000000000000000, -1.000000000000000000 ) ) ;
#5480 = ORIENTED_EDGE ( 'NONE', *, *, #54, .T. ) ;
#5481 = DIRECTION ( 'NONE',  ( 0.000000000000000000, 0.000000000000000000, -1.000000000000000000 ) ) ;
#5482 = LINE ( 'NONE', #1174, #3388 ) ;
#5483 = VECTOR ( 'NONE', #6066, 1000.000000000000000 ) ;
#5484 = FACE_OUTER_BOUND ( 'NONE', #4946, .T. ) ;
#5485 = ADVANCED_FACE ( 'NONE', ( #1510 ), #3435, .F. ) ;
#5486 = VECTOR ( 'NONE', #457, 1000.000000000000000 ) ;
#5487 = VERTEX_POINT ( 'NONE', #90 ) ;
#5488 = FACE_OUTER_BOUND ( 'NONE', #2038, .T. ) ;
#5489 = FACE_OUTER_BOUND ( 'NONE', #1964, .T. ) ;
#5490 = DIRECTION ( 'NONE',  ( 0.000000000000000000, 0.000000000000000000, -1.000000000000000000 ) ) ;
#5491 = CARTESIAN_POINT ( 'NONE',  ( 47.52818463161129614, -1.682029339853305050, 8.777868546064290456 ) ) ;
#5492 = EDGE_CURVE ( 'NONE', #4451, #82, #5222, .T. ) ;
#5493 = EDGE_CURVE ( 'NONE', #364, #3368, #1656, .T. ) ;
#5494 = VECTOR ( 'NONE', #449, 1000.000000000000000 ) ;
#5495 = VERTEX_POINT ( 'NONE', #158 ) ;
#5496 = ORIENTED_EDGE ( 'NONE', *, *, #1164, .F. ) ;
#5497 = ORIENTED_EDGE ( 'NONE', *, *, #3305, .F. ) ;
#5498 = VECTOR ( 'NONE', #2865, 1000.000000000000000 ) ;
#5499 = ORIENTED_EDGE ( 'NONE', *, *, #4508, .T. ) ;
#5500 = PLANE ( 'NONE',  #4853 ) ;
#5501 = LINE ( 'NONE', #2660, #2679 ) ;
#5502 = CARTESIAN_POINT ( 'NONE',  ( 59.75442965260419470, -3.564322777930264863, -26.39999999999999858 ) ) ;
#5503 = ORIENTED_EDGE ( 'NONE', *, *, #2891, .F. ) ;
#5504 = VECTOR ( 'NONE', #4952, 1000.000000000000000 ) ;
#5505 = ORIENTED_EDGE ( 'NONE', *, *, #2473, .F. ) ;
#5506 = ORIENTED_EDGE ( 'NONE', *, *, #5704, .F. ) ;
#5507 = CARTESIAN_POINT ( 'NONE',  ( 55.85349847498640230, 5.317970660146690065, 17.33140657344729973 ) ) ;
#5508 = LINE ( 'NONE', #4529, #5966 ) ;
#5509 = CARTESIAN_POINT ( 'NONE',  ( 55.54969678325399940, -4.067657337583460375, -26.39999999999999858 ) ) ;
#5510 = DIRECTION ( 'NONE',  ( 0.000000000000000000, 0.000000000000000000, 1.000000000000000000 ) ) ;
#5511 = EDGE_CURVE ( 'NONE', #538, #578, #2989, .T. ) ;
#5512 = LINE ( 'NONE', #1199, #3962 ) ;
#5513 = CARTESIAN_POINT ( 'NONE',  ( -4.650611246943759269, -3.982029339853304872, -26.39999999999999858 ) ) ;
#5514 = DIRECTION ( 'NONE',  ( 0.000000000000000000, 0.000000000000000000, -1.000000000000000000 ) ) ;
#5515 = CARTESIAN_POINT ( 'NONE',  ( 69.53517519068319075, -8.782029339853300698, -9.449999999999999289 ) ) ;
#5516 = ORIENTED_EDGE ( 'NONE', *, *, #3593, .T. ) ;
#5517 = LINE ( 'NONE', #4161, #6043 ) ;
#5518 = DIRECTION ( 'NONE',  ( 0.000000000000000000, 1.000000000000000000, 0.000000000000000000 ) ) ;
#5519 = FACE_BOUND ( 'NONE', #1706, .T. ) ;
#5520 = DIRECTION ( 'NONE',  ( 0.000000000000000000, 0.000000000000000000, 1.000000000000000000 ) ) ;
#5521 = ADVANCED_FACE ( 'NONE', ( #3088 ), #2084, .T. ) ;
#5522 = ORIENTED_EDGE ( 'NONE', *, *, #2738, .F. ) ;
#5523 = ORIENTED_EDGE ( 'NONE', *, *, #3110, .F. ) ;
#5524 = ORIENTED_EDGE ( 'NONE', *, *, #5530, .T. ) ;
#5525 = ORIENTED_EDGE ( 'NONE', *, *, #501, .F. ) ;
#5526 = EDGE_CURVE ( 'NONE', #1077, #5635, #5881, .T. ) ;
#5527 = DIRECTION ( 'NONE',  ( 0.000000000000000000, -1.000000000000000000, 0.000000000000000000 ) ) ;
#5528 = DIRECTION ( 'NONE',  ( 0.000000000000000000, 1.000000000000000000, 0.000000000000000000 ) ) ;
#5529 = DIRECTION ( 'NONE',  ( 0.000000000000000000, 0.000000000000000000, 1.000000000000000000 ) ) ;
#5530 = EDGE_CURVE ( 'NONE', #1215, #4842, #2019, .T. ) ;
#5531 = CIRCLE ( 'NONE', #2813, 0.5000000000000004441 ) ;
#5532 = VERTEX_POINT ( 'NONE', #3998 ) ;
#5533 = ORIENTED_EDGE ( 'NONE', *, *, #377, .T. ) ;
#5534 = ORIENTED_EDGE ( 'NONE', *, *, #5783, .T. ) ;
#5535 = CARTESIAN_POINT ( 'NONE',  ( -10.75061124694373937, -10.37295348812573970, -15.65000000000000036 ) ) ;
#5536 = DIRECTION ( 'NONE',  ( 0.000000000000000000, 1.000000000000000000, 0.000000000000000000 ) ) ;
#5537 = CYLINDRICAL_SURFACE ( 'NONE', #1008, 0.5000000000000004441 ) ;
#5538 = LINE ( 'NONE', #5005, #5848 ) ;
#5539 = DIRECTION ( 'NONE',  ( 0.000000000000000000, 0.000000000000000000, 1.000000000000000000 ) ) ;
#5540 = EDGE_CURVE ( 'NONE', #3387, #609, #5913, .T. ) ;
#5541 = DIRECTION ( 'NONE',  ( 0.000000000000000000, 1.000000000000000000, 0.000000000000000000 ) ) ;
#5542 = DIRECTION ( 'NONE',  ( -1.000000000000000000, 0.000000000000000000, 0.000000000000000000 ) ) ;
#5543 = CARTESIAN_POINT ( 'NONE',  ( 67.34938875305628869, -12.68202933985330105, -25.00000000000000000 ) ) ;
#5544 = EDGE_CURVE ( 'NONE', #2671, #364, #5411, .T. ) ;
#5545 = DIRECTION ( 'NONE',  ( 0.000000000000000000, 1.000000000000000000, 0.000000000000000000 ) ) ;
#5546 = ORIENTED_EDGE ( 'NONE', *, *, #941, .T. ) ;
#5547 = EDGE_CURVE ( 'NONE', #4267, #1659, #3528, .T. ) ;
#5548 = FACE_OUTER_BOUND ( 'NONE', #468, .T. ) ;
#5549 = DIRECTION ( 'NONE',  ( 0.000000000000000000, -1.000000000000000000, 0.000000000000000000 ) ) ;
#5550 = DIRECTION ( 'NONE',  ( 0.000000000000000000, 0.000000000000000000, -1.000000000000000000 ) ) ;
#5551 = VERTEX_POINT ( 'NONE', #3466 ) ;
#5552 = EDGE_LOOP ( 'NONE', ( #3102, #334, #5584, #3103 ) ) ;
#5553 = ORIENTED_EDGE ( 'NONE', *, *, #1166, .F. ) ;
#5554 = CARTESIAN_POINT ( 'NONE',  ( 0.3493887530562619914, 4.017970660146695572, -23.30000000000000071 ) ) ;
#5555 = CARTESIAN_POINT ( 'NONE',  ( 70.94938875305629722, -7.682029339853309935, 9.449999999999999289 ) ) ;
#5556 = VECTOR ( 'NONE', #5749, 1000.000000000000000 ) ;
#5557 = CARTESIAN_POINT ( 'NONE',  ( 27.44938875305625103, 2.317970660146694950, 17.33140657344729973 ) ) ;
#5558 = ORIENTED_EDGE ( 'NONE', *, *, #2473, .T. ) ;
#5559 = VERTEX_POINT ( 'NONE', #5476 ) ;
#5560 = VECTOR ( 'NONE', #2194, 1000.000000000000000 ) ;
#5561 = FACE_OUTER_BOUND ( 'NONE', #265, .T. ) ;
#5562 = DIRECTION ( 'NONE',  ( 0.000000000000000000, 0.000000000000000000, -1.000000000000000000 ) ) ;
#5563 = CARTESIAN_POINT ( 'NONE',  ( 68.64938875305628585, -7.682029339853309935, 15.54999999999999893 ) ) ;
#5564 = VECTOR ( 'NONE', #3278, 1000.000000000000000 ) ;
#5565 = ORIENTED_EDGE ( 'NONE', *, *, #2215, .T. ) ;
#5566 = CARTESIAN_POINT ( 'NONE',  ( 68.64938875305628585, 0.2179706601466920024, -6.357018755447420233 ) ) ;
#5567 = ORIENTED_EDGE ( 'NONE', *, *, #1164, .T. ) ;
#5568 = AXIS2_PLACEMENT_3D ( 'NONE', #626, #1539, #4469 ) ;
#5569 = CARTESIAN_POINT ( 'NONE',  ( 67.64938875305628585, 4.317970660146690065, 25.00000000000000000 ) ) ;
#5570 = CARTESIAN_POINT ( 'NONE',  ( -4.650611246943759269, -3.982029339853304872, -23.30000000000000071 ) ) ;
#5571 = CARTESIAN_POINT ( 'NONE',  ( 68.64938875305628585, 0.7179706601466929738, -18.35701875544739892 ) ) ;
#5572 = CARTESIAN_POINT ( 'NONE',  ( 43.00876143713070121, 5.317970660146690065, -12.95125337509577967 ) ) ;
#5573 = AXIS2_PLACEMENT_3D ( 'NONE', #4283, #6197, #3808 ) ;
#5574 = VECTOR ( 'NONE', #3919, 1000.000000000000000 ) ;
#5575 = CYLINDRICAL_SURFACE ( 'NONE', #3350, 0.5000000000000004441 ) ;
#5576 = VERTEX_POINT ( 'NONE', #1572 ) ;
#5577 = CARTESIAN_POINT ( 'NONE',  ( 43.00876143713070121, 5.317970660146690065, -3.951253375095765463 ) ) ;
#5578 = FACE_OUTER_BOUND ( 'NONE', #3581, .T. ) ;
#5579 = DIRECTION ( 'NONE',  ( 0.000000000000000000, 0.000000000000000000, 1.000000000000000000 ) ) ;
#5580 = EDGE_CURVE ( 'NONE', #1096, #558, #2048, .T. ) ;
#5581 = AXIS2_PLACEMENT_3D ( 'NONE', #3628, #5549, #5078 ) ;
#5582 = ORIENTED_EDGE ( 'NONE', *, *, #4139, .F. ) ;
#5583 = ORIENTED_EDGE ( 'NONE', *, *, #3630, .T. ) ;
#5584 = ORIENTED_EDGE ( 'NONE', *, *, #4319, .F. ) ;
#5585 = AXIS2_PLACEMENT_3D ( 'NONE', #2274, #3622, #6101 ) ;
#5586 = CARTESIAN_POINT ( 'NONE',  ( 65.64938875305630006, -4.782029339853309580, -18.35701875544739892 ) ) ;
#5587 = CARTESIAN_POINT ( 'NONE',  ( -11.05061124694371877, 4.017970660146695572, -1.451253375095766129 ) ) ;
#5588 = CIRCLE ( 'NONE', #5890, 2.517942532974349223 ) ;
#5589 = ORIENTED_EDGE ( 'NONE', *, *, #1895, .F. ) ;
#5590 = EDGE_LOOP ( 'NONE', ( #521, #4346, #1101, #1803, #5892, #4029, #1519, #1820 ) ) ;
#5591 = DIRECTION ( 'NONE',  ( 1.000000000000000000, 0.000000000000000000, 0.000000000000000000 ) ) ;
#5592 = LINE ( 'NONE', #4559, #4571 ) ;
#5593 = ADVANCED_FACE ( 'NONE', ( #4909 ), #1165, .T. ) ;
#5594 = VECTOR ( 'NONE', #6167, 1000.000000000000000 ) ;
#5595 = DIRECTION ( 'NONE',  ( 0.000000000000000000, -1.000000000000000000, -1.652117596168390123E-15 ) ) ;
#5596 = VERTEX_POINT ( 'NONE', #2608 ) ;
#5597 = CIRCLE ( 'NONE', #2889, 1.000000000000000888 ) ;
#5598 = DIRECTION ( 'NONE',  ( 0.000000000000000000, 0.000000000000000000, 1.000000000000000000 ) ) ;
#5599 = VERTEX_POINT ( 'NONE', #193 ) ;
#5600 = DIRECTION ( 'NONE',  ( 1.000000000000000000, 0.000000000000000000, 0.000000000000000000 ) ) ;
#5601 = PLANE ( 'NONE',  #1980 ) ;
#5602 = EDGE_CURVE ( 'NONE', #4081, #461, #253, .T. ) ;
#5603 = CARTESIAN_POINT ( 'NONE',  ( 65.94938875305629722, 5.317970660146690065, 25.00000000000000000 ) ) ;
#5604 = DIRECTION ( 'NONE',  ( 0.000000000000000000, 1.000000000000000000, -1.445602896647340100E-15 ) ) ;
#5605 = DIRECTION ( 'NONE',  ( 0.000000000000000000, 0.000000000000000000, -1.000000000000000000 ) ) ;
#5606 = ORIENTED_EDGE ( 'NONE', *, *, #3402, .T. ) ;
#5607 = CARTESIAN_POINT ( 'NONE',  ( 39.00876143713075095, 2.317970660146694950, -7.951253375095769016 ) ) ;
#5608 = FACE_OUTER_BOUND ( 'NONE', #52, .T. ) ;
#5609 = DIRECTION ( 'NONE',  ( 0.000000000000000000, -1.000000000000000000, 0.000000000000000000 ) ) ;
#5610 = ORIENTED_EDGE ( 'NONE', *, *, #2187, .T. ) ;
#5611 = DIRECTION ( 'NONE',  ( 0.000000000000000000, 1.000000000000000000, 0.000000000000000000 ) ) ;
#5612 = ORIENTED_EDGE ( 'NONE', *, *, #3029, .T. ) ;
#5613 = FACE_OUTER_BOUND ( 'NONE', #2113, .T. ) ;
#5614 = CARTESIAN_POINT ( 'NONE',  ( 27.44938875305625103, 5.317970660146690065, 17.33140657344729973 ) ) ;
#5615 = EDGE_CURVE ( 'NONE', #5138, #1603, #1056, .T. ) ;
#5616 = VERTEX_POINT ( 'NONE', #1632 ) ;
#5617 = EDGE_CURVE ( 'NONE', #3334, #1840, #5376, .T. ) ;
#5618 = ORIENTED_EDGE ( 'NONE', *, *, #2187, .F. ) ;
#5619 = EDGE_CURVE ( 'NONE', #5781, #1550, #4054, .T. ) ;
#5620 = CARTESIAN_POINT ( 'NONE',  ( -11.05061124694371877, 4.017970660146695572, -15.45125337509579921 ) ) ;
#5621 = FACE_OUTER_BOUND ( 'NONE', #3272, .T. ) ;
#5622 = EDGE_CURVE ( 'NONE', #215, #4892, #808, .T. ) ;
#5623 = ORIENTED_EDGE ( 'NONE', *, *, #3045, .T. ) ;
#5624 = AXIS2_PLACEMENT_3D ( 'NONE', #2601, #653, #1623 ) ;
#5625 = LINE ( 'NONE', #2361, #1439 ) ;
#5626 = ORIENTED_EDGE ( 'NONE', *, *, #3586, .T. ) ;
#5627 = ORIENTED_EDGE ( 'NONE', *, *, #4543, .F. ) ;
#5628 = FACE_OUTER_BOUND ( 'NONE', #6032, .T. ) ;
#5629 = CARTESIAN_POINT ( 'NONE',  ( 65.64938875305630006, -4.782029339853309580, -6.357018755447420233 ) ) ;
#5630 = CARTESIAN_POINT ( 'NONE',  ( 60.25442965260419470, -4.067657337583460375, -26.39999999999999858 ) ) ;
#5631 = DIRECTION ( 'NONE',  ( 0.000000000000000000, 1.000000000000000000, 0.000000000000000000 ) ) ;
#5632 = AXIS2_PLACEMENT_3D ( 'NONE', #2377, #5230, #2840 ) ;
#5633 = EDGE_CURVE ( 'NONE', #1376, #4109, #5031, .T. ) ;
#5634 = LINE ( 'NONE', #3720, #3142 ) ;
#5635 = VERTEX_POINT ( 'NONE', #5380 ) ;
#5636 = EDGE_CURVE ( 'NONE', #6040, #2168, #595, .T. ) ;
#5637 = CARTESIAN_POINT ( 'NONE',  ( 63.84938875305628869, -4.582029339853310290, -23.30000000000000071 ) ) ;
#5638 = PLANE ( 'NONE',  #1764 ) ;
#5639 = DIRECTION ( 'NONE',  ( 1.000000000000000000, 0.000000000000000000, 0.000000000000000000 ) ) ;
#5640 = VERTEX_POINT ( 'NONE', #1293 ) ;
#5641 = VERTEX_POINT ( 'NONE', #3208 ) ;
#5642 = ORIENTED_EDGE ( 'NONE', *, *, #5911, .T. ) ;
#5643 = CARTESIAN_POINT ( 'NONE',  ( -11.05061124694371877, 4.017970660146695572, 16.83140657344729973 ) ) ;
#5644 = DIRECTION ( 'NONE',  ( 1.000000000000000000, 0.000000000000000000, 0.000000000000000000 ) ) ;
#5645 = AXIS2_PLACEMENT_3D ( 'NONE', #994, #4829, #1463 ) ;
#5646 = ORIENTED_EDGE ( 'NONE', *, *, #5812, .T. ) ;
#5647 = ORIENTED_EDGE ( 'NONE', *, *, #3122, .T. ) ;
#5648 = VECTOR ( 'NONE', #2157, 1000.000000000000000 ) ;
#5649 = DIRECTION ( 'NONE',  ( 1.000000000000000000, 0.000000000000000000, 0.000000000000000000 ) ) ;
#5650 = CARTESIAN_POINT ( 'NONE',  ( 67.34938875305628869, -3.782029339853310024, -2.057592947645780157 ) ) ;
#5651 = EDGE_CURVE ( 'NONE', #3542, #4134, #756, .T. ) ;
#5652 = CIRCLE ( 'NONE', #2950, 2.499999999999998668 ) ;
#5653 = ORIENTED_EDGE ( 'NONE', *, *, #5828, .F. ) ;
#5654 = DIRECTION ( 'NONE',  ( 0.000000000000000000, 1.000000000000000000, 0.000000000000000000 ) ) ;
#5655 = ORIENTED_EDGE ( 'NONE', *, *, #2584, .T. ) ;
#5656 = VERTEX_POINT ( 'NONE', #1228 ) ;
#5657 = CYLINDRICAL_SURFACE ( 'NONE', #4764, 0.9999999999999991118 ) ;
#5658 = CARTESIAN_POINT ( 'NONE',  ( 68.64938875305628585, -2.582029339853304961, 6.942407052354219843 ) ) ;
#5659 = LINE ( 'NONE', #4721, #4175 ) ;
#5660 = AXIS2_PLACEMENT_3D ( 'NONE', #4164, #5518, #6013 ) ;
#5661 = FACE_OUTER_BOUND ( 'NONE', #2920, .T. ) ;
#5662 = FACE_BOUND ( 'NONE', #4549, .T. ) ;
#5663 = ORIENTED_EDGE ( 'NONE', *, *, #1184, .F. ) ;
#5664 = DIRECTION ( 'NONE',  ( 0.000000000000000000, 0.000000000000000000, -1.000000000000000000 ) ) ;
#5665 = LINE ( 'NONE', #889, #264 ) ;
#5666 = EDGE_CURVE ( 'NONE', #3987, #741, #2212, .T. ) ;
#5667 = FACE_OUTER_BOUND ( 'NONE', #1102, .T. ) ;
#5668 = AXIS2_PLACEMENT_3D ( 'NONE', #1631, #5999, #2669 ) ;
#5669 = PLANE ( 'NONE',  #1712 ) ;
#5670 = AXIS2_PLACEMENT_3D ( 'NONE', #1765, #3245, #3689 ) ;
#5671 = VERTEX_POINT ( 'NONE', #3644 ) ;
#5672 = LINE ( 'NONE', #1494, #728 ) ;
#5673 = VECTOR ( 'NONE', #5185, 1000.000000000000000 ) ;
#5674 = DIRECTION ( 'NONE',  ( 1.000000000000000000, 0.000000000000000000, -4.038158615950355110E-16 ) ) ;
#5675 = DIRECTION ( 'NONE',  ( 1.000000000000000000, 0.000000000000000000, 0.000000000000000000 ) ) ;
#5676 = ORIENTED_EDGE ( 'NONE', *, *, #4139, .T. ) ;
#5677 = AXIS2_PLACEMENT_3D ( 'NONE', #1587, #4633, #3649 ) ;
#5678 = ORIENTED_EDGE ( 'NONE', *, *, #4658, .T. ) ;
#5679 = ORIENTED_EDGE ( 'NONE', *, *, #5314, .F. ) ;
#5680 = ORIENTED_EDGE ( 'NONE', *, *, #3437, .F. ) ;
#5681 = VECTOR ( 'NONE', #5802, 1000.000000000000000 ) ;
#5682 = CARTESIAN_POINT ( 'NONE',  ( -13.75061124694374115, -10.37295348812573970, 9.350000000000001421 ) ) ;
#5683 = FACE_BOUND ( 'NONE', #1689, .T. ) ;
#5684 = AXIS2_PLACEMENT_3D ( 'NONE', #3504, #5416, #632 ) ;
#5685 = EDGE_CURVE ( 'NONE', #6050, #2562, #1, .T. ) ;
#5686 = VERTEX_POINT ( 'NONE', #5123 ) ;
#5687 = CARTESIAN_POINT ( 'NONE',  ( 55.04969678325399940, -3.564322777930264863, -75.14999999999999147 ) ) ;
#5688 = EDGE_LOOP ( 'NONE', ( #5366, #5126, #4714, #2306 ) ) ;
#5689 = CIRCLE ( 'NONE', #2984, 2.700000000000001066 ) ;
#5690 = FACE_OUTER_BOUND ( 'NONE', #209, .T. ) ;
#5691 = CARTESIAN_POINT ( 'NONE',  ( 43.00876143713070121, 2.317970660146694950, -13.95125337509577967 ) ) ;
#5692 = DIRECTION ( 'NONE',  ( 0.000000000000000000, 0.000000000000000000, 1.000000000000000000 ) ) ;
#5693 = DIRECTION ( 'NONE',  ( 0.000000000000000000, -1.000000000000000000, 7.709882115452480139E-16 ) ) ;
#5694 = CIRCLE ( 'NONE', #2391, 1.000000000000000000 ) ;
#5695 = ADVANCED_FACE ( 'NONE', ( #4598 ), #3234, .F. ) ;
#5696 = FACE_BOUND ( 'NONE', #2768, .T. ) ;
#5697 = ORIENTED_EDGE ( 'NONE', *, *, #4132, .F. ) ;
#5698 = EDGE_CURVE ( 'NONE', #1842, #4867, #3224, .T. ) ;
#5699 = CARTESIAN_POINT ( 'NONE',  ( 63.84938875305628869, 4.017970660146695572, -23.30000000000000071 ) ) ;
#5700 = CARTESIAN_POINT ( 'NONE',  ( -2.150611246943755273, 4.017970660146695572, -24.69999999999999929 ) ) ;
#5701 = LINE ( 'NONE', #4668, #5594 ) ;
#5702 = DIRECTION ( 'NONE',  ( -1.000000000000000000, 0.000000000000000000, 0.000000000000000000 ) ) ;
#5703 = EDGE_LOOP ( 'NONE', ( #4512, #4359, #3197, #3352 ) ) ;
#5704 = EDGE_CURVE ( 'NONE', #4843, #5218, #6030, .T. ) ;
#5705 = CARTESIAN_POINT ( 'NONE',  ( 68.64938875305628585, 0.7179706601466929738, -18.35701875544739892 ) ) ;
#5706 = CARTESIAN_POINT ( 'NONE',  ( 63.84938875305628869, -4.582029339853310290, -24.69999999999999929 ) ) ;
#5707 = DIRECTION ( 'NONE',  ( 0.000000000000000000, 0.000000000000000000, 1.000000000000000000 ) ) ;
#5708 = DIRECTION ( 'NONE',  ( -1.000000000000000000, 0.000000000000000000, 0.000000000000000000 ) ) ;
#5709 = ADVANCED_FACE ( 'NONE', ( #286 ), #6117, .F. ) ;
#5710 = VERTEX_POINT ( 'NONE', #5650 ) ;
#5711 = VERTEX_POINT ( 'NONE', #5150 ) ;
#5712 = EDGE_CURVE ( 'NONE', #4709, #5299, #707, .T. ) ;
#5713 = VERTEX_POINT ( 'NONE', #1261 ) ;
#5714 = DIRECTION ( 'NONE',  ( 0.000000000000000000, 1.000000000000000000, 0.000000000000000000 ) ) ;
#5715 = ADVANCED_FACE ( 'NONE', ( #5621 ), #5186, .F. ) ;
#5716 = FACE_BOUND ( 'NONE', #3665, .T. ) ;
#5717 = EDGE_LOOP ( 'NONE', ( #1335, #4386, #5287, #2622 ) ) ;
#5718 = CARTESIAN_POINT ( 'NONE',  ( 44.13833617731850012, 2.317970660146694950, 20.34441820468924789 ) ) ;
#5719 = EDGE_LOOP ( 'NONE', ( #1350, #810, #2140, #3490 ) ) ;
#5720 = CARTESIAN_POINT ( 'NONE',  ( -12.45061124694374044, -7.372953488125739696, -9.350000000000001421 ) ) ;
#5721 = CARTESIAN_POINT ( 'NONE',  ( 53.06673996170920304, 4.017970660146695572, -3.451253375095765019 ) ) ;
#5722 = CARTESIAN_POINT ( 'NONE',  ( -4.650611246943759269, -3.982029339853304872, -23.30000000000000071 ) ) ;
#5723 = FACE_OUTER_BOUND ( 'NONE', #2905, .T. ) ;
#5724 = VECTOR ( 'NONE', #5342, 1000.000000000000000 ) ;
#5725 = EDGE_CURVE ( 'NONE', #1753, #1256, #5124, .T. ) ;
#5726 = DIRECTION ( 'NONE',  ( 0.000000000000000000, 1.000000000000000000, 0.000000000000000000 ) ) ;
#5727 = ORIENTED_EDGE ( 'NONE', *, *, #5057, .T. ) ;
#5728 = DIRECTION ( 'NONE',  ( 0.000000000000000000, 0.000000000000000000, 1.000000000000000000 ) ) ;
#5729 = FACE_OUTER_BOUND ( 'NONE', #2826, .T. ) ;
#5730 = AXIS2_PLACEMENT_3D ( 'NONE', #3790, #4257, #6134 ) ;
#5731 = DIRECTION ( 'NONE',  ( 1.000000000000000000, 0.000000000000000000, 0.000000000000000000 ) ) ;
#5732 = EDGE_CURVE ( 'NONE', #5011, #1423, #3679, .T. ) ;
#5733 = ORIENTED_EDGE ( 'NONE', *, *, #5732, .F. ) ;
#5734 = DIRECTION ( 'NONE',  ( 0.000000000000000000, 0.000000000000000000, -1.000000000000000000 ) ) ;
#5735 = ADVANCED_FACE ( 'NONE', ( #3708 ), #5537, .F. ) ;
#5736 = EDGE_CURVE ( 'NONE', #776, #3334, #3735, .T. ) ;
#5737 = ORIENTED_EDGE ( 'NONE', *, *, #1166, .T. ) ;
#5738 = CARTESIAN_POINT ( 'NONE',  ( 63.84938875305628869, -4.582029339853310290, 22.70000000000000284 ) ) ;
#5739 = CARTESIAN_POINT ( 'NONE',  ( 68.64938875305628585, -4.782029339853309580, 18.23512053801294996 ) ) ;
#5740 = FACE_OUTER_BOUND ( 'NONE', #2166, .T. ) ;
#5741 = DIRECTION ( 'NONE',  ( 0.000000000000000000, -5.782411586589360597E-16, 1.000000000000000000 ) ) ;
#5742 = DIRECTION ( 'NONE',  ( 1.000000000000000000, 0.000000000000000000, 0.000000000000000000 ) ) ;
#5743 = ORIENTED_EDGE ( 'NONE', *, *, #4838, .T. ) ;
#5744 = FACE_OUTER_BOUND ( 'NONE', #226, .T. ) ;
#5745 = CARTESIAN_POINT ( 'NONE',  ( 68.64938875305628585, 5.317970660146690065, -25.00000000000000000 ) ) ;
#5746 = ORIENTED_EDGE ( 'NONE', *, *, #131, .F. ) ;
#5747 = VERTEX_POINT ( 'NONE', #2764 ) ;
#5748 = AXIS2_PLACEMENT_3D ( 'NONE', #4601, #221, #255 ) ;
#5749 = DIRECTION ( 'NONE',  ( 0.000000000000000000, -1.000000000000000000, 0.000000000000000000 ) ) ;
#5750 = VERTEX_POINT ( 'NONE', #376 ) ;
#5751 = CARTESIAN_POINT ( 'NONE',  ( 63.84938875305628869, 4.017970660146695572, 22.70000000000000284 ) ) ;
#5752 = DIRECTION ( 'NONE',  ( 1.387778780781445922E-16, 0.000000000000000000, 1.000000000000000000 ) ) ;
#5753 = EDGE_CURVE ( 'NONE', #5532, #3706, #4628, .T. ) ;
#5754 = CARTESIAN_POINT ( 'NONE',  ( 0.3493887530562619914, -3.982029339853304872, -23.30000000000000071 ) ) ;
#5755 = CIRCLE ( 'NONE', #4857, 1.000000000000000000 ) ;
#5756 = CARTESIAN_POINT ( 'NONE',  ( 65.94938875305629722, 4.017970660146695572, -25.00000000000000000 ) ) ;
#5757 = ORIENTED_EDGE ( 'NONE', *, *, #2190, .T. ) ;
#5758 = AXIS2_PLACEMENT_3D ( 'NONE', #2591, #1328, #860 ) ;
#5759 = DIRECTION ( 'NONE',  ( 0.000000000000000000, 0.000000000000000000, -1.000000000000000000 ) ) ;
#5760 = EDGE_CURVE ( 'NONE', #3842, #2339, #1915, .T. ) ;
#5761 = CARTESIAN_POINT ( 'NONE',  ( 59.75442965260419470, -3.064322777930264863, -27.69999999999999929 ) ) ;
#5762 = DIRECTION ( 'NONE',  ( -1.000000000000000000, 0.000000000000000000, 0.000000000000000000 ) ) ;
#5763 = VERTEX_POINT ( 'NONE', #4240 ) ;
#5764 = CIRCLE ( 'NONE', #2162, 1.399999999999998579 ) ;
#5765 = VERTEX_POINT ( 'NONE', #4342 ) ;
#5766 = ORIENTED_EDGE ( 'NONE', *, *, #6079, .F. ) ;
#5767 = DIRECTION ( 'NONE',  ( 0.000000000000000000, -1.000000000000000000, 0.000000000000000000 ) ) ;
#5768 = CARTESIAN_POINT ( 'NONE',  ( 60.25442965260419470, 5.317970660146690065, 26.39999999999999858 ) ) ;
#5769 = CARTESIAN_POINT ( 'NONE',  ( -4.650611246943759269, -3.982029339853304872, -23.30000000000000071 ) ) ;
#5770 = AXIS2_PLACEMENT_3D ( 'NONE', #1821, #2770, #4785 ) ;
#5771 = DIRECTION ( 'NONE',  ( 0.000000000000000000, 1.000000000000000000, 0.000000000000000000 ) ) ;
#5772 = DIRECTION ( 'NONE',  ( 0.000000000000000000, 1.000000000000000000, 0.000000000000000000 ) ) ;
#5773 = EDGE_CURVE ( 'NONE', #3619, #3931, #1031, .T. ) ;
#5774 = VECTOR ( 'NONE', #6127, 1000.000000000000000 ) ;
#5775 = AXIS2_PLACEMENT_3D ( 'NONE', #6217, #3825, #5214 ) ;
#5776 = VERTEX_POINT ( 'NONE', #1001 ) ;
#5777 = CIRCLE ( 'NONE', #5677, 0.5000000000000000000 ) ;
#5778 = PLANE ( 'NONE',  #2664 ) ;
#5779 = DIRECTION ( 'NONE',  ( 0.000000000000000000, 0.000000000000000000, -1.000000000000000000 ) ) ;
#5780 = VECTOR ( 'NONE', #4807, 1000.000000000000000 ) ;
#5781 = VERTEX_POINT ( 'NONE', #19 ) ;
#5782 = CARTESIAN_POINT ( 'NONE',  ( -11.05061124694371877, 5.317970660146690065, 25.00000000000000000 ) ) ;
#5783 = EDGE_CURVE ( 'NONE', #4737, #495, #2919, .T. ) ;
#5784 = DIRECTION ( 'NONE',  ( 0.000000000000000000, 0.000000000000000000, -1.000000000000000000 ) ) ;
#5785 = VECTOR ( 'NONE', #2243, 1000.000000000000000 ) ;
#5786 = PLANE ( 'NONE',  #1850 ) ;
#5787 = AXIS2_PLACEMENT_3D ( 'NONE', #2600, #1655, #3136 ) ;
#5788 = LINE ( 'NONE', #3999, #1537 ) ;
#5789 = EDGE_CURVE ( 'NONE', #1827, #932, #3858, .T. ) ;
#5790 = EDGE_LOOP ( 'NONE', ( #3354, #6142, #3488, #4286 ) ) ;
#5791 = CARTESIAN_POINT ( 'NONE',  ( 63.84938875305628869, -4.582029339853310290, -20.80000000000000071 ) ) ;
#5792 = LINE ( 'NONE', #4825, #2979 ) ;
#5793 = DIRECTION ( 'NONE',  ( 0.000000000000000000, 0.000000000000000000, -1.000000000000000000 ) ) ;
#5794 = ORIENTED_EDGE ( 'NONE', *, *, #4658, .F. ) ;
#5795 = EDGE_CURVE ( 'NONE', #4465, #1377, #936, .T. ) ;
#5796 = AXIS2_PLACEMENT_3D ( 'NONE', #2808, #5171, #5639 ) ;
#5797 = ORIENTED_EDGE ( 'NONE', *, *, #974, .F. ) ;
#5798 = DIRECTION ( 'NONE',  ( 0.000000000000000000, 1.000000000000000000, 0.000000000000000000 ) ) ;
#5799 = VERTEX_POINT ( 'NONE', #3826 ) ;
#5800 = AXIS2_PLACEMENT_3D ( 'NONE', #5010, #5918, #3596 ) ;
#5801 = DIRECTION ( 'NONE',  ( 0.000000000000000000, 0.000000000000000000, 1.000000000000000000 ) ) ;
#5802 = DIRECTION ( 'NONE',  ( 0.000000000000000000, 1.000000000000000000, 0.000000000000000000 ) ) ;
#5803 = DIRECTION ( 'NONE',  ( 0.000000000000000000, -1.000000000000000000, 0.000000000000000000 ) ) ;
#5804 = FACE_OUTER_BOUND ( 'NONE', #6109, .T. ) ;
#5805 = ORIENTED_EDGE ( 'NONE', *, *, #3476, .T. ) ;
#5806 = ORIENTED_EDGE ( 'NONE', *, *, #3870, .F. ) ;
#5807 = ORIENTED_EDGE ( 'NONE', *, *, #5622, .F. ) ;
#5808 = FACE_OUTER_BOUND ( 'NONE', #1790, .T. ) ;
#5809 = CARTESIAN_POINT ( 'NONE',  ( -4.650611246943759269, -3.982029339853304872, 22.70000000000000284 ) ) ;
#5810 = ADVANCED_FACE ( 'NONE', ( #1882 ), #3399, .T. ) ;
#5811 = ORIENTED_EDGE ( 'NONE', *, *, #5278, .F. ) ;
#5812 = EDGE_CURVE ( 'NONE', #5599, #2319, #4528, .T. ) ;
#5813 = ADVANCED_FACE ( 'NONE', ( #4776, #435, #5683, #5716, #971 ), #1381, .T. ) ;
#5814 = ORIENTED_EDGE ( 'NONE', *, *, #1492, .F. ) ;
#5815 = CARTESIAN_POINT ( 'NONE',  ( 55.85349847498640230, 2.317970660146694950, 0.000000000000000000 ) ) ;
#5816 = CARTESIAN_POINT ( 'NONE',  ( 65.64938875305630006, -3.782029339853310024, 19.23512053801294996 ) ) ;
#5817 = CARTESIAN_POINT ( 'NONE',  ( 55.54969678325399940, -3.064322777930264863, -75.14999999999999147 ) ) ;
#5818 = EDGE_CURVE ( 'NONE', #5056, #1835, #4713, .T. ) ;
#5819 = CYLINDRICAL_SURFACE ( 'NONE', #3043, 2.700000000000001066 ) ;
#5820 = ORIENTED_EDGE ( 'NONE', *, *, #2833, .T. ) ;
#5821 = CARTESIAN_POINT ( 'NONE',  ( 63.84938875305628869, 4.017970660146695572, -23.30000000000000071 ) ) ;
#5822 = CARTESIAN_POINT ( 'NONE',  ( -11.05061124694371877, 4.017970660146695572, 25.00000000000000000 ) ) ;
#5823 = DIRECTION ( 'NONE',  ( 0.000000000000000000, 0.000000000000000000, 1.000000000000000000 ) ) ;
#5824 = VERTEX_POINT ( 'NONE', #1504 ) ;
#5825 = LINE ( 'NONE', #1998, #103 ) ;
#5826 = ORIENTED_EDGE ( 'NONE', *, *, #737, .T. ) ;
#5827 = ORIENTED_EDGE ( 'NONE', *, *, #3827, .T. ) ;
#5828 = EDGE_CURVE ( 'NONE', #215, #5868, #1474, .T. ) ;
#5829 = ORIENTED_EDGE ( 'NONE', *, *, #5156, .F. ) ;
#5830 = DIRECTION ( 'NONE',  ( 1.000000000000000000, -5.204170427930416550E-15, 0.000000000000000000 ) ) ;
#5831 = ORIENTED_EDGE ( 'NONE', *, *, #604, .T. ) ;
#5832 = CIRCLE ( 'NONE', #3921, 1.399999999999998579 ) ;
#5833 = CARTESIAN_POINT ( 'NONE',  ( -11.05061124694371877, 4.317970660146690065, 27.69999999999999929 ) ) ;
#5834 = CARTESIAN_POINT ( 'NONE',  ( 55.85349847498640230, 4.017970660146695572, 11.27786854606429934 ) ) ;
#5835 = FACE_OUTER_BOUND ( 'NONE', #4, .T. ) ;
#5836 = CARTESIAN_POINT ( 'NONE',  ( 41.00876143713075095, 5.317970660146690065, -6.451253375095769904 ) ) ;
#5837 = ORIENTED_EDGE ( 'NONE', *, *, #3372, .T. ) ;
#5838 = DIRECTION ( 'NONE',  ( 1.000000000000000000, 0.000000000000000000, 0.000000000000000000 ) ) ;
#5839 = DIRECTION ( 'NONE',  ( -1.000000000000000000, 0.000000000000000000, 0.000000000000000000 ) ) ;
#5840 = CARTESIAN_POINT ( 'NONE',  ( -13.75061124694374115, -10.37295348812573970, 15.65000000000000036 ) ) ;
#5841 = ORIENTED_EDGE ( 'NONE', *, *, #3973, .T. ) ;
#5842 = ORIENTED_EDGE ( 'NONE', *, *, #4374, .T. ) ;
#5843 = CARTESIAN_POINT ( 'NONE',  ( 27.44938875305625103, 5.317970660146690065, 6.277868546064289568 ) ) ;
#5844 = AXIS2_PLACEMENT_3D ( 'NONE', #3419, #5893, #2939 ) ;
#5845 = LINE ( 'NONE', #120, #1451 ) ;
#5846 = DIRECTION ( 'NONE',  ( 1.000000000000000000, 0.000000000000000000, 0.000000000000000000 ) ) ;
#5847 = EDGE_CURVE ( 'NONE', #3773, #4351, #4330, .T. ) ;
#5848 = VECTOR ( 'NONE', #1230, 1000.000000000000000 ) ;
#5849 = CARTESIAN_POINT ( 'NONE',  ( 65.94938875305629722, 4.317970660146690065, 26.70000000000000284 ) ) ;
#5850 = ORIENTED_EDGE ( 'NONE', *, *, #1716, .T. ) ;
#5851 = DIRECTION ( 'NONE',  ( 0.000000000000000000, 0.000000000000000000, 1.000000000000000000 ) ) ;
#5852 = CARTESIAN_POINT ( 'NONE',  ( 65.64938875305630006, -4.782029339853309580, 18.23512053801294996 ) ) ;
#5853 = AXIS2_PLACEMENT_3D ( 'NONE', #4468, #3925, #1070 ) ;
#5854 = DIRECTION ( 'NONE',  ( 0.000000000000000000, 1.000000000000000000, 0.000000000000000000 ) ) ;
#5855 = ORIENTED_EDGE ( 'NONE', *, *, #2946, .T. ) ;
#5856 = CIRCLE ( 'NONE', #1341, 2.499999999999998668 ) ;
#5857 = ORIENTED_EDGE ( 'NONE', *, *, #4217, .F. ) ;
#5858 = CARTESIAN_POINT ( 'NONE',  ( 47.52818463161129614, 4.017970660146695572, 14.84922043697280181 ) ) ;
#5859 = VERTEX_POINT ( 'NONE', #6218 ) ;
#5860 = EDGE_CURVE ( 'NONE', #2721, #3888, #1916, .T. ) ;
#5861 = FILL_AREA_STYLE ('',( #4453 ) ) ;
#5862 = LINE ( 'NONE', #2416, #764 ) ;
#5863 = CARTESIAN_POINT ( 'NONE',  ( 0.3493887530562465038, -3.982029339853304872, 22.70000000000000284 ) ) ;
#5864 = CARTESIAN_POINT ( 'NONE',  ( -2.150611246943755273, 4.017970660146695572, -23.30000000000000071 ) ) ;
#5865 = AXIS2_PLACEMENT_3D ( 'NONE', #4198, #825, #5981 ) ;
#5866 = VERTEX_POINT ( 'NONE', #6149 ) ;
#5867 = ORIENTED_EDGE ( 'NONE', *, *, #2555, .F. ) ;
#5868 = VERTEX_POINT ( 'NONE', #5313 ) ;
#5869 = ORIENTED_EDGE ( 'NONE', *, *, #4708, .F. ) ;
#5870 = VECTOR ( 'NONE', #5972, 1000.000000000000000 ) ;
#5871 = CARTESIAN_POINT ( 'NONE',  ( 43.00876143713070121, 2.317970660146694950, -2.951253375095765019 ) ) ;
#5872 = DIRECTION ( 'NONE',  ( -0.7071067811865431318, -0.7071067811865520136, 1.168223555568294045E-15 ) ) ;
#5873 = AXIS2_PLACEMENT_3D ( 'NONE', #1449, #6226, #3899 ) ;
#5874 = DIRECTION ( 'NONE',  ( 0.000000000000000000, 0.000000000000000000, 1.000000000000000000 ) ) ;
#5875 = AXIS2_PLACEMENT_3D ( 'NONE', #4846, #2082, #562 ) ;
#5876 = ORIENTED_EDGE ( 'NONE', *, *, #5160, .T. ) ;
#5877 = ORIENTED_EDGE ( 'NONE', *, *, #4543, .T. ) ;
#5878 = VECTOR ( 'NONE', #3423, 1000.000000000000000 ) ;
#5879 = CARTESIAN_POINT ( 'NONE',  ( -13.75061124694374115, -10.37295348812573970, -15.65000000000000036 ) ) ;
#5880 = LINE ( 'NONE', #2018, #1653 ) ;
#5881 = LINE ( 'NONE', #3053, #3268 ) ;
#5882 = VECTOR ( 'NONE', #2195, 1000.000000000000000 ) ;
#5883 = CARTESIAN_POINT ( 'NONE',  ( 63.84938875305628869, 4.017970660146695572, -23.30000000000000071 ) ) ;
#5884 = ORIENTED_EDGE ( 'NONE', *, *, #4897, .T. ) ;
#5885 = CIRCLE ( 'NONE', #4989, 1.399999999999998579 ) ;
#5886 = DIRECTION ( 'NONE',  ( 0.000000000000000000, -1.000000000000000000, 0.000000000000000000 ) ) ;
#5887 = DIRECTION ( 'NONE',  ( 0.000000000000000000, 0.000000000000000000, 1.000000000000000000 ) ) ;
#5888 = CARTESIAN_POINT ( 'NONE',  ( 47.52818463161129614, -1.682029339853305050, 14.84922043697280181 ) ) ;
#5889 = EDGE_CURVE ( 'NONE', #773, #5460, #4841, .T. ) ;
#5890 = AXIS2_PLACEMENT_3D ( 'NONE', #1974, #4864, #549 ) ;
#5891 = EDGE_CURVE ( 'NONE', #1170, #248, #1112, .T. ) ;
#5892 = ORIENTED_EDGE ( 'NONE', *, *, #4437, .T. ) ;
#5893 = DIRECTION ( 'NONE',  ( -0.000000000000000000, 1.000000000000000000, 0.000000000000000000 ) ) ;
#5894 = VERTEX_POINT ( 'NONE', #3306 ) ;
#5895 = ORIENTED_EDGE ( 'NONE', *, *, #4624, .T. ) ;
#5896 = LINE ( 'NONE', #1585, #4369 ) ;
#5897 = FACE_BOUND ( 'NONE', #1747, .T. ) ;
#5898 = VECTOR ( 'NONE', #4854, 1000.000000000000000 ) ;
#5899 = DIRECTION ( 'NONE',  ( 0.000000000000000000, 0.000000000000000000, 1.000000000000000000 ) ) ;
#5900 = CARTESIAN_POINT ( 'NONE',  ( -11.05061124694374008, 4.317970660146690065, -25.00000000000000000 ) ) ;
#5901 = ADVANCED_FACE ( 'NONE', ( #57 ), #1982, .F. ) ;
#5902 = VECTOR ( 'NONE', #3946, 1000.000000000000000 ) ;
#5903 = ORIENTED_EDGE ( 'NONE', *, *, #1865, .F. ) ;
#5904 = ORIENTED_EDGE ( 'NONE', *, *, #5441, .T. ) ;
#5905 = LINE ( 'NONE', #3520, #3069 ) ;
#5906 = CARTESIAN_POINT ( 'NONE',  ( -11.05061124694371877, 4.017970660146695572, -16.45125337509579566 ) ) ;
#5907 = LINE ( 'NONE', #4523, #4931 ) ;
#5908 = VERTEX_POINT ( 'NONE', #905 ) ;
#5909 = ADVANCED_FACE ( 'NONE', ( #4742 ), #1594, .F. ) ;
#5910 = CARTESIAN_POINT ( 'NONE',  ( 55.85349847498640230, 4.017970660146695572, 10.77786854606430111 ) ) ;
#5911 = EDGE_CURVE ( 'NONE', #5115, #2495, #2123, .T. ) ;
#5912 = CARTESIAN_POINT ( 'NONE',  ( 55.54969678325399940, -4.067657337583460375, 26.39999999999999858 ) ) ;
#5913 = LINE ( 'NONE', #122, #4875 ) ;
#5914 = DIRECTION ( 'NONE',  ( 1.000000000000000000, 0.000000000000000000, 0.000000000000000000 ) ) ;
#5915 = ORIENTED_EDGE ( 'NONE', *, *, #1622, .F. ) ;
#5916 = LINE ( 'NONE', #2088, #6160 ) ;
#5917 = CARTESIAN_POINT ( 'NONE',  ( 68.64938875305628585, -7.682029339853309935, 15.54999999999999893 ) ) ;
#5918 = DIRECTION ( 'NONE',  ( 1.000000000000000000, 0.000000000000000000, 0.000000000000000000 ) ) ;
#5919 = ORIENTED_EDGE ( 'NONE', *, *, #1253, .F. ) ;
#5920 = CARTESIAN_POINT ( 'NONE',  ( 69.53517519068319075, -8.782029339853300698, -15.54999999999999893 ) ) ;
#5921 = ORIENTED_EDGE ( 'NONE', *, *, #3531, .T. ) ;
#5922 = CARTESIAN_POINT ( 'NONE',  ( 65.94938875305629722, -12.68202933985330105, -25.00000000000000000 ) ) ;
#5923 = DIRECTION ( 'NONE',  ( 0.000000000000000000, -1.000000000000000000, 0.000000000000000000 ) ) ;
#5924 = ADVANCED_FACE ( 'NONE', ( #3922 ), #3459, .F. ) ;
#5925 = DIRECTION ( 'NONE',  ( 0.000000000000000000, 0.000000000000000000, 1.000000000000000000 ) ) ;
#5926 = ADVANCED_FACE ( 'NONE', ( #4496 ), #3547, .F. ) ;
#5927 = EDGE_CURVE ( 'NONE', #2552, #1058, #589, .T. ) ;
#5928 = VECTOR ( 'NONE', #2448, 1000.000000000000000 ) ;
#5929 = ORIENTED_EDGE ( 'NONE', *, *, #5732, .T. ) ;
#5930 = ORIENTED_EDGE ( 'NONE', *, *, #5818, .T. ) ;
#5931 = ORIENTED_EDGE ( 'NONE', *, *, #1294, .F. ) ;
#5932 = CARTESIAN_POINT ( 'NONE',  ( 66.34938875305628869, -3.982029339853304872, 22.70000000000000284 ) ) ;
#5933 = PLANE ( 'NONE',  #3584 ) ;
#5934 = VECTOR ( 'NONE', #3816, 1000.000000000000000 ) ;
#5935 = CYLINDRICAL_SURFACE ( 'NONE', #6024, 1.000000000000000888 ) ;
#5936 = CARTESIAN_POINT ( 'NONE',  ( 0.3493887530562465038, -3.982029339853304872, 22.70000000000000284 ) ) ;
#5937 = ADVANCED_FACE ( 'NONE', ( #2511 ), #5935, .F. ) ;
#5938 = FACE_OUTER_BOUND ( 'NONE', #5703, .T. ) ;
#5939 = DIRECTION ( 'NONE',  ( 1.000000000000000000, 0.000000000000000000, 0.000000000000000000 ) ) ;
#5940 = CARTESIAN_POINT ( 'NONE',  ( -11.05061124694371877, 5.317970660146690065, 25.00000000000000000 ) ) ;
#5941 = EDGE_CURVE ( 'NONE', #4251, #4415, #5959, .T. ) ;
#5942 = VERTEX_POINT ( 'NONE', #3991 ) ;
#5943 = EDGE_CURVE ( 'NONE', #4014, #5711, #1511, .T. ) ;
#5944 = DIRECTION ( 'NONE',  ( -1.000000000000000000, 0.000000000000000000, 0.000000000000000000 ) ) ;
#5945 = LINE ( 'NONE', #2024, #3579 ) ;
#5946 = DIRECTION ( 'NONE',  ( -1.000000000000000000, 0.000000000000000000, 0.000000000000000000 ) ) ;
#5947 = EDGE_LOOP ( 'NONE', ( #1303, #102, #5434, #575 ) ) ;
#5948 = LINE ( 'NONE', #5329, #2337 ) ;
#5949 = VECTOR ( 'NONE', #3098, 1000.000000000000000 ) ;
#5950 = DIRECTION ( 'NONE',  ( 0.000000000000000000, -1.000000000000000000, 1.445602896647340100E-15 ) ) ;
#5951 = DIRECTION ( 'NONE',  ( 0.000000000000000000, 0.000000000000000000, 1.000000000000000000 ) ) ;
#5952 = VECTOR ( 'NONE', #2209, 1000.000000000000000 ) ;
#5953 = VERTEX_POINT ( 'NONE', #86 ) ;
#5954 = EDGE_LOOP ( 'NONE', ( #5921, #3431, #2490, #2944 ) ) ;
#5955 = ORIENTED_EDGE ( 'NONE', *, *, #2092, .F. ) ;
#5956 = VECTOR ( 'NONE', #2415, 1000.000000000000000 ) ;
#5957 = DIRECTION ( 'NONE',  ( 0.000000000000000000, 0.000000000000000000, -1.000000000000000000 ) ) ;
#5958 = CARTESIAN_POINT ( 'NONE',  ( 63.84938875305628869, -4.582029339853310290, 21.30000000000000071 ) ) ;
#5959 = LINE ( 'NONE', #3044, #4225 ) ;
#5960 = EDGE_CURVE ( 'NONE', #3633, #5710, #187, .T. ) ;
#5961 = AXIS2_PLACEMENT_3D ( 'NONE', #69, #3058, #2023 ) ;
#5962 = VERTEX_POINT ( 'NONE', #2109 ) ;
#5963 = ORIENTED_EDGE ( 'NONE', *, *, #660, .F. ) ;
#5964 = CARTESIAN_POINT ( 'NONE',  ( 41.00876143713075095, 4.017970660146695572, -5.951253375095760134 ) ) ;
#5965 = CARTESIAN_POINT ( 'NONE',  ( -11.05061124694371877, 4.017970660146695572, -8.951253375095769016 ) ) ;
#5966 = VECTOR ( 'NONE', #5122, 1000.000000000000000 ) ;
#5967 = DIRECTION ( 'NONE',  ( 0.000000000000000000, 0.000000000000000000, -1.000000000000000000 ) ) ;
#5968 = AXIS2_PLACEMENT_3D ( 'NONE', #5346, #2428, #981 ) ;
#5969 = VECTOR ( 'NONE', #185, 1000.000000000000000 ) ;
#5970 = CARTESIAN_POINT ( 'NONE',  ( 55.85349847498640230, 5.317970660146690065, 6.277868546064289568 ) ) ;
#5971 = ORIENTED_EDGE ( 'NONE', *, *, #4083, .T. ) ;
#5972 = DIRECTION ( 'NONE',  ( 0.000000000000000000, 0.000000000000000000, 1.000000000000000000 ) ) ;
#5973 = DIRECTION ( 'NONE',  ( 1.000000000000000000, 0.000000000000000000, 0.000000000000000000 ) ) ;
#5974 = CIRCLE ( 'NONE', #2662, 0.5000000000000004441 ) ;
#5975 = DIRECTION ( 'NONE',  ( 1.387778780781445922E-16, 0.000000000000000000, 1.000000000000000000 ) ) ;
#5976 = EDGE_CURVE ( 'NONE', #6163, #3861, #5832, .T. ) ;
#5977 = VECTOR ( 'NONE', #4862, 1000.000000000000000 ) ;
#5978 = ORIENTED_EDGE ( 'NONE', *, *, #4061, .T. ) ;
#5979 = FACE_BOUND ( 'NONE', #5393, .T. ) ;
#5980 = EDGE_LOOP ( 'NONE', ( #1775, #3341, #5164, #4228 ) ) ;
#5981 = DIRECTION ( 'NONE',  ( 1.000000000000000000, 0.000000000000000000, 0.000000000000000000 ) ) ;
#5982 = FACE_OUTER_BOUND ( 'NONE', #4033, .T. ) ;
#5983 = EDGE_CURVE ( 'NONE', #3953, #137, #1214, .T. ) ;
#5984 = LINE ( 'NONE', #3983, #3089 ) ;
#5985 = VECTOR ( 'NONE', #1547, 1000.000000000000000 ) ;
#5986 = ORIENTED_EDGE ( 'NONE', *, *, #5273, .F. ) ;
#5987 = EDGE_LOOP ( 'NONE', ( #4370, #1477, #4041, #5206 ) ) ;
#5988 = VERTEX_POINT ( 'NONE', #3957 ) ;
#5989 = CIRCLE ( 'NONE', #668, 1.000000000000000888 ) ;
#5990 = ORIENTED_EDGE ( 'NONE', *, *, #1017, .F. ) ;
#5991 = DIRECTION ( 'NONE',  ( 0.000000000000000000, -1.000000000000000000, 0.000000000000000000 ) ) ;
#5992 = CARTESIAN_POINT ( 'NONE',  ( 51.06673996170919594, 5.317970660146690065, -0.4512533750957660184 ) ) ;
#5993 = DIRECTION ( 'NONE',  ( -1.000000000000000000, 0.000000000000000000, 0.000000000000000000 ) ) ;
#5994 = CIRCLE ( 'NONE', #2786, 1.399999999999998579 ) ;
#5995 = ORIENTED_EDGE ( 'NONE', *, *, #1333, .T. ) ;
#5996 = ORIENTED_EDGE ( 'NONE', *, *, #4236, .F. ) ;
#5997 = ORIENTED_EDGE ( 'NONE', *, *, #2369, .F. ) ;
#5998 = DIRECTION ( 'NONE',  ( 0.000000000000000000, 5.782411586589360597E-16, -1.000000000000000000 ) ) ;
#5999 = DIRECTION ( 'NONE',  ( -9.606410117365558543E-17, 0.000000000000000000, -1.000000000000000000 ) ) ;
#6000 = DIRECTION ( 'NONE',  ( 0.000000000000000000, -1.000000000000000000, 0.000000000000000000 ) ) ;
#6001 = EDGE_CURVE ( 'NONE', #2008, #2410, #5531, .T. ) ;
#6002 = EDGE_CURVE ( 'NONE', #4393, #1151, #2513, .T. ) ;
#6003 = LINE ( 'NONE', #3090, #2342 ) ;
#6004 = ORIENTED_EDGE ( 'NONE', *, *, #6001, .T. ) ;
#6005 = VERTEX_POINT ( 'NONE', #4464 ) ;
#6006 = CARTESIAN_POINT ( 'NONE',  ( 55.04969678325399940, -3.564322777930264863, 27.69999999999999929 ) ) ;
#6007 = CARTESIAN_POINT ( 'NONE',  ( 65.94938875305629722, -4.567657337583459487, -26.39999999999999858 ) ) ;
#6008 = CARTESIAN_POINT ( 'NONE',  ( 65.94938875305629722, 5.317970660146690065, -26.39999999999999858 ) ) ;
#6009 = FACE_BOUND ( 'NONE', #4582, .T. ) ;
#6010 = VERTEX_POINT ( 'NONE', #152 ) ;
#6011 = DIRECTION ( 'NONE',  ( -1.000000000000000000, 0.000000000000000000, 1.387778780781445922E-16 ) ) ;
#6012 = VERTEX_POINT ( 'NONE', #5433 ) ;
#6013 = DIRECTION ( 'NONE',  ( 0.000000000000000000, 0.000000000000000000, -1.000000000000000000 ) ) ;
#6014 = LINE ( 'NONE', #4484, #2871 ) ;
#6015 = CARTESIAN_POINT ( 'NONE',  ( 27.44938875305625103, 5.317970660146690065, 16.83140657344729973 ) ) ;
#6016 = EDGE_CURVE ( 'NONE', #495, #4919, #5907, .T. ) ;
#6017 = VERTEX_POINT ( 'NONE', #4870 ) ;
#6018 = ORIENTED_EDGE ( 'NONE', *, *, #4589, .F. ) ;
#6019 = ORIENTED_EDGE ( 'NONE', *, *, #4524, .F. ) ;
#6020 = EDGE_LOOP ( 'NONE', ( #4307, #513, #4408, #3519 ) ) ;
#6021 = FACE_OUTER_BOUND ( 'NONE', #636, .T. ) ;
#6022 = CARTESIAN_POINT ( 'NONE',  ( -2.150611246943755273, 4.017970660146695572, 22.70000000000000284 ) ) ;
#6023 = LINE ( 'NONE', #4730, #4636 ) ;
#6024 = AXIS2_PLACEMENT_3D ( 'NONE', #4932, #2541, #3578 ) ;
#6025 = ORIENTED_EDGE ( 'NONE', *, *, #1168, .T. ) ;
#6026 = ORIENTED_EDGE ( 'NONE', *, *, #4158, .T. ) ;
#6027 = EDGE_LOOP ( 'NONE', ( #5626, #3917, #183, #2214 ) ) ;
#6028 = CARTESIAN_POINT ( 'NONE',  ( 55.85349847498640230, 4.017970660146695572, 12.34922043697280181 ) ) ;
#6029 = DIRECTION ( 'NONE',  ( 0.000000000000000000, 0.000000000000000000, -1.000000000000000000 ) ) ;
#6030 = LINE ( 'NONE', #1815, #2017 ) ;
#6031 = CARTESIAN_POINT ( 'NONE',  ( -13.75061124694374115, 4.317970660146690065, -25.00000000000000000 ) ) ;
#6032 = EDGE_LOOP ( 'NONE', ( #2010, #4308, #5094, #2389 ) ) ;
#6033 = ORIENTED_EDGE ( 'NONE', *, *, #2132, .F. ) ;
#6034 = DIRECTION ( 'NONE',  ( 0.000000000000000000, -1.000000000000000000, 0.000000000000000000 ) ) ;
#6035 = EDGE_CURVE ( 'NONE', #4781, #5551, #213, .T. ) ;
#6036 = CARTESIAN_POINT ( 'NONE',  ( 55.85349847498640230, 2.317970660146694950, 17.33140657344729973 ) ) ;
#6037 = CARTESIAN_POINT ( 'NONE',  ( 27.44938875305625103, 5.317970660146690065, 6.777868546064289568 ) ) ;
#6038 = DIRECTION ( 'NONE',  ( 0.000000000000000000, 0.000000000000000000, 1.000000000000000000 ) ) ;
#6039 = LINE ( 'NONE', #2192, #1330 ) ;
#6040 = VERTEX_POINT ( 'NONE', #2574 ) ;
#6041 = PLANE ( 'NONE',  #4958 ) ;
#6042 = LINE ( 'NONE', #799, #4076 ) ;
#6043 = VECTOR ( 'NONE', #266, 1000.000000000000000 ) ;
#6044 = CYLINDRICAL_SURFACE ( 'NONE', #5796, 0.5000000000000004441 ) ;
#6045 = AXIS2_PLACEMENT_3D ( 'NONE', #3684, #3211, #2582 ) ;
#6046 = VERTEX_POINT ( 'NONE', #4048 ) ;
#6047 = ORIENTED_EDGE ( 'NONE', *, *, #2814, .F. ) ;
#6048 = VERTEX_POINT ( 'NONE', #1657 ) ;
#6049 = ADVANCED_FACE ( 'NONE', ( #2481 ), #1222, .F. ) ;
#6050 = VERTEX_POINT ( 'NONE', #2782 ) ;
#6051 = CARTESIAN_POINT ( 'NONE',  ( -10.75061124694373937, -10.37295348812573970, -15.65000000000000036 ) ) ;
#6052 = DIRECTION ( 'NONE',  ( 0.000000000000000000, 0.000000000000000000, 1.000000000000000000 ) ) ;
#6053 = AXIS2_PLACEMENT_3D ( 'NONE', #561, #2895, #2425 ) ;
#6054 = ORIENTED_EDGE ( 'NONE', *, *, #168, .F. ) ;
#6055 = EDGE_CURVE ( 'NONE', #2721, #5747, #1719, .T. ) ;
#6056 = ORIENTED_EDGE ( 'NONE', *, *, #6055, .F. ) ;
#6057 = CARTESIAN_POINT ( 'NONE',  ( -12.45061124694374044, -10.37295348812573970, -25.00000000000000000 ) ) ;
#6058 = CARTESIAN_POINT ( 'NONE',  ( -11.05061124694371877, 4.017970660146695572, -6.451253375095759246 ) ) ;
#6059 = DIRECTION ( 'NONE',  ( 0.000000000000000000, 0.000000000000000000, -1.000000000000000000 ) ) ;
#6060 = VECTOR ( 'NONE', #2732, 1000.000000000000000 ) ;
#6061 = CARTESIAN_POINT ( 'NONE',  ( 65.94938875305629722, 4.317970660146690065, -25.00000000000000000 ) ) ;
#6062 = VERTEX_POINT ( 'NONE', #2344 ) ;
#6063 = VECTOR ( 'NONE', #3898, 1000.000000000000000 ) ;
#6064 = FACE_OUTER_BOUND ( 'NONE', #2589, .T. ) ;
#6065 = DIRECTION ( 'NONE',  ( 1.000000000000000000, 0.000000000000000000, 0.000000000000000000 ) ) ;
#6066 = DIRECTION ( 'NONE',  ( 0.000000000000000000, 1.000000000000000000, 0.000000000000000000 ) ) ;
#6067 = CARTESIAN_POINT ( 'NONE',  ( 45.00876143713070121, 2.317970660146694950, -1.451253375095766129 ) ) ;
#6068 = VECTOR ( 'NONE', #1482, 1000.000000000000000 ) ;
#6069 = AXIS2_PLACEMENT_3D ( 'NONE', #5871, #555, #2480 ) ;
#6070 = DIRECTION ( 'NONE',  ( 1.000000000000000000, 0.000000000000000000, 0.000000000000000000 ) ) ;
#6071 = ORIENTED_EDGE ( 'NONE', *, *, #3586, .F. ) ;
#6072 = DIRECTION ( 'NONE',  ( 0.000000000000000000, 1.000000000000000000, 0.000000000000000000 ) ) ;
#6073 = LINE ( 'NONE', #4165, #2773 ) ;
#6074 = CYLINDRICAL_SURFACE ( 'NONE', #1082, 0.5000000000000004441 ) ;
#6075 = EDGE_CURVE ( 'NONE', #1568, #2791, #6023, .T. ) ;
#6076 = EDGE_CURVE ( 'NONE', #4393, #1187, #453, .T. ) ;
#6077 = ORIENTED_EDGE ( 'NONE', *, *, #5046, .F. ) ;
#6078 = VECTOR ( 'NONE', #4255, 1000.000000000000000 ) ;
#6079 = EDGE_CURVE ( 'NONE', #5113, #1327, #1221, .T. ) ;
#6080 = ORIENTED_EDGE ( 'NONE', *, *, #3970, .T. ) ;
#6081 = ORIENTED_EDGE ( 'NONE', *, *, #2404, .T. ) ;
#6082 = VECTOR ( 'NONE', #4288, 1000.000000000000000 ) ;
#6083 = LINE ( 'NONE', #5208, #454 ) ;
#6084 = DIRECTION ( 'NONE',  ( 0.000000000000000000, -1.000000000000000000, -5.782411586589360597E-16 ) ) ;
#6085 = ADVANCED_FACE ( 'NONE', ( #5024 ), #5055, .T. ) ;
#6086 = AXIS2_PLACEMENT_3D ( 'NONE', #2386, #1311, #2816 ) ;
#6087 = VERTEX_POINT ( 'NONE', #2626 ) ;
#6088 = ORIENTED_EDGE ( 'NONE', *, *, #1483, .T. ) ;
#6089 = ORIENTED_EDGE ( 'NONE', *, *, #5580, .T. ) ;
#6090 = DIRECTION ( 'NONE',  ( 0.000000000000000000, 1.652117596168390123E-15, 1.000000000000000000 ) ) ;
#6091 = LINE ( 'NONE', #1814, #4878 ) ;
#6092 = ADVANCED_FACE ( 'NONE', ( #3637 ), #2663, .F. ) ;
#6093 = AXIS2_PLACEMENT_3D ( 'NONE', #1211, #2649, #675 ) ;
#6094 = EDGE_CURVE ( 'NONE', #4142, #364, #392, .T. ) ;
#6095 = DIRECTION ( 'NONE',  ( 0.000000000000000000, 0.000000000000000000, 1.000000000000000000 ) ) ;
#6096 = ADVANCED_FACE ( 'NONE', ( #4079 ), #5669, .F. ) ;
#6097 = AXIS2_PLACEMENT_3D ( 'NONE', #1578, #2090, #727 ) ;
#6098 = PLANE ( 'NONE',  #2543 ) ;
#6099 = ORIENTED_EDGE ( 'NONE', *, *, #5412, .F. ) ;
#6100 = DIRECTION ( 'NONE',  ( 0.000000000000000000, 0.000000000000000000, -1.000000000000000000 ) ) ;
#6101 = DIRECTION ( 'NONE',  ( 0.000000000000000000, 0.000000000000000000, -1.000000000000000000 ) ) ;
#6102 = DIRECTION ( 'NONE',  ( 0.000000000000000000, 1.000000000000000000, 0.000000000000000000 ) ) ;
#6103 = CARTESIAN_POINT ( 'NONE',  ( 55.85349847498640230, 5.317970660146690065, 12.84922043697280181 ) ) ;
#6104 = LINE ( 'NONE', #5224, #1534 ) ;
#6105 = ORIENTED_EDGE ( 'NONE', *, *, #3719, .T. ) ;
#6106 = CARTESIAN_POINT ( 'NONE',  ( 47.52818463161129614, 5.317970660146690065, 14.84922043697280181 ) ) ;
#6107 = DIRECTION ( 'NONE',  ( 0.000000000000000000, 1.000000000000000000, 0.000000000000000000 ) ) ;
#6108 = PLANE ( 'NONE',  #979 ) ;
#6109 = EDGE_LOOP ( 'NONE', ( #367, #6081, #1336, #3049 ) ) ;
#6110 = EDGE_LOOP ( 'NONE', ( #646, #739, #4510, #2394 ) ) ;
#6111 = DIRECTION ( 'NONE',  ( 0.000000000000000000, 1.000000000000000000, 0.000000000000000000 ) ) ;
#6112 = CARTESIAN_POINT ( 'NONE',  ( 61.34938875305630290, 4.017970660146695572, 22.70000000000000284 ) ) ;
#6113 = EDGE_CURVE ( 'NONE', #732, #4583, #1367, .T. ) ;
#6114 = ORIENTED_EDGE ( 'NONE', *, *, #47, .T. ) ;
#6115 = ORIENTED_EDGE ( 'NONE', *, *, #2287, .F. ) ;
#6116 = DIRECTION ( 'NONE',  ( 0.000000000000000000, -1.000000000000000000, 0.000000000000000000 ) ) ;
#6117 = PLANE ( 'NONE',  #6121 ) ;
#6118 = ORIENTED_EDGE ( 'NONE', *, *, #620, .T. ) ;
#6119 = ADVANCED_FACE ( 'NONE', ( #746 ), #3323, .F. ) ;
#6120 = ORIENTED_EDGE ( 'NONE', *, *, #1284, .F. ) ;
#6121 = AXIS2_PLACEMENT_3D ( 'NONE', #315, #2238, #2670 ) ;
#6122 = CARTESIAN_POINT ( 'NONE',  ( 68.64938875305628585, 0.7179706601466929738, -6.357018755447420233 ) ) ;
#6123 = EDGE_LOOP ( 'NONE', ( #5394, #542, #8, #4855 ) ) ;
#6124 = LINE ( 'NONE', #5816, #1957 ) ;
#6125 = DIRECTION ( 'NONE',  ( -1.000000000000000000, 0.000000000000000000, 0.000000000000000000 ) ) ;
#6126 = DIRECTION ( 'NONE',  ( 0.000000000000000000, 1.000000000000000000, 0.000000000000000000 ) ) ;
#6127 = DIRECTION ( 'NONE',  ( -1.000000000000000000, 0.000000000000000000, 0.000000000000000000 ) ) ;
#6128 = EDGE_CURVE ( 'NONE', #3712, #3953, #2227, .T. ) ;
#6129 = FACE_BOUND ( 'NONE', #3675, .T. ) ;
#6130 = ORIENTED_EDGE ( 'NONE', *, *, #5511, .T. ) ;
#6131 = CARTESIAN_POINT ( 'NONE',  ( -12.75061124694371983, 5.317970660146690065, 25.00000000000000000 ) ) ;
#6132 = CYLINDRICAL_SURFACE ( 'NONE', #3780, 0.5000000000000000000 ) ;
#6133 = CARTESIAN_POINT ( 'NONE',  ( -12.45061124694374044, 5.317970660146700723, -15.65000000000000036 ) ) ;
#6134 = DIRECTION ( 'NONE',  ( 1.000000000000000000, 0.000000000000000000, 0.000000000000000000 ) ) ;
#6135 = ORIENTED_EDGE ( 'NONE', *, *, #404, .T. ) ;
#6136 = DIRECTION ( 'NONE',  ( 1.000000000000000000, 0.000000000000000000, 0.000000000000000000 ) ) ;
#6137 = ORIENTED_EDGE ( 'NONE', *, *, #1736, .T. ) ;
#6138 = AXIS2_PLACEMENT_3D ( 'NONE', #5303, #3792, #6136 ) ;
#6139 = ORIENTED_EDGE ( 'NONE', *, *, #4328, .F. ) ;
#6140 = CARTESIAN_POINT ( 'NONE',  ( 55.54969678325399940, -4.067657337583460375, -75.14999999999999147 ) ) ;
#6141 = LINE ( 'NONE', #4263, #465 ) ;
#6142 = ORIENTED_EDGE ( 'NONE', *, *, #3927, .T. ) ;
#6143 = EDGE_CURVE ( 'NONE', #5085, #3712, #2204, .T. ) ;
#6144 = AXIS2_PLACEMENT_3D ( 'NONE', #4006, #5452, #4917 ) ;
#6145 = ORIENTED_EDGE ( 'NONE', *, *, #3810, .F. ) ;
#6146 = EDGE_LOOP ( 'NONE', ( #6077, #5020, #3033, #1682 ) ) ;
#6147 = VERTEX_POINT ( 'NONE', #420 ) ;
#6148 = LINE ( 'NONE', #3768, #4972 ) ;
#6149 = CARTESIAN_POINT ( 'NONE',  ( 63.84938875305628869, -4.582029339853310290, 25.19999999999999929 ) ) ;
#6150 = ADVANCED_FACE ( 'NONE', ( #1332 ), #4553, .F. ) ;
#6151 = CIRCLE ( 'NONE', #3050, 1.000000000000000000 ) ;
#6152 = ORIENTED_EDGE ( 'NONE', *, *, #5390, .F. ) ;
#6153 = PLANE ( 'NONE',  #2045 ) ;
#6154 = ORIENTED_EDGE ( 'NONE', *, *, #1234, .F. ) ;
#6155 = DIRECTION ( 'NONE',  ( 0.000000000000000000, 1.000000000000000000, 0.000000000000000000 ) ) ;
#6156 = LINE ( 'NONE', #1921, #3680 ) ;
#6157 = CARTESIAN_POINT ( 'NONE',  ( 65.64938875305630006, 0.2179706601466920024, -6.357018755447420233 ) ) ;
#6158 = VECTOR ( 'NONE', #3693, 1000.000000000000000 ) ;
#6159 = LINE ( 'NONE', #2678, #3066 ) ;
#6160 = VECTOR ( 'NONE', #4885, 1000.000000000000000 ) ;
#6161 = CARTESIAN_POINT ( 'NONE',  ( 68.64938875305628585, -4.782029339853309580, -6.357018755447420233 ) ) ;
#6162 = EDGE_CURVE ( 'NONE', #5460, #4919, #922, .T. ) ;
#6163 = VERTEX_POINT ( 'NONE', #6206 ) ;
#6164 = LINE ( 'NONE', #3382, #1245 ) ;
#6165 = CARTESIAN_POINT ( 'NONE',  ( 57.06673996170920304, 5.317970660146690065, -8.951253375095769016 ) ) ;
#6166 = AXIS2_PLACEMENT_3D ( 'NONE', #3553, #4530, #2146 ) ;
#6167 = DIRECTION ( 'NONE',  ( 0.000000000000000000, 0.000000000000000000, 1.000000000000000000 ) ) ;
#6168 = AXIS2_PLACEMENT_3D ( 'NONE', #4623, #3643, #5562 ) ;
#6169 = DIRECTION ( 'NONE',  ( 0.000000000000000000, 1.000000000000000000, 0.000000000000000000 ) ) ;
#6170 = ADVANCED_FACE ( 'NONE', ( #1900 ), #245, .F. ) ;
#6171 = CIRCLE ( 'NONE', #3073, 0.5000000000000073275 ) ;
#6172 = ORIENTED_EDGE ( 'NONE', *, *, #894, .F. ) ;
#6173 = DIRECTION ( 'NONE',  ( 1.000000000000000000, 0.000000000000000000, 0.000000000000000000 ) ) ;
#6174 = EDGE_CURVE ( 'NONE', #5763, #5427, #2996, .T. ) ;
#6175 = VECTOR ( 'NONE', #935, 1000.000000000000000 ) ;
#6176 = DIRECTION ( 'NONE',  ( 1.000000000000000000, 0.000000000000000000, 0.000000000000000000 ) ) ;
#6177 = CARTESIAN_POINT ( 'NONE',  ( 69.94938875305629722, -9.782029339853300698, 15.54999999999999893 ) ) ;
#6178 = ORIENTED_EDGE ( 'NONE', *, *, #3758, .F. ) ;
#6179 = AXIS2_PLACEMENT_3D ( 'NONE', #3485, #5771, #487 ) ;
#6180 = ORIENTED_EDGE ( 'NONE', *, *, #2206, .F. ) ;
#6181 = ORIENTED_EDGE ( 'NONE', *, *, #1786, .T. ) ;
#6182 = ORIENTED_EDGE ( 'NONE', *, *, #3736, .F. ) ;
#6183 = VECTOR ( 'NONE', #4767, 1000.000000000000000 ) ;
#6184 = CARTESIAN_POINT ( 'NONE',  ( -13.75061124694374115, -1.958100679666324950, -20.00000000000000000 ) ) ;
#6185 = CARTESIAN_POINT ( 'NONE',  ( 55.85349847498640230, 4.017970660146695572, 25.00000000000000000 ) ) ;
#6186 = VECTOR ( 'NONE', #792, 1000.000000000000000 ) ;
#6187 = EDGE_CURVE ( 'NONE', #5418, #2142, #5825, .T. ) ;
#6188 = ORIENTED_EDGE ( 'NONE', *, *, #3966, .F. ) ;
#6189 = DIRECTION ( 'NONE',  ( -1.387778780781445676E-14, 1.000000000000000000, 1.734723475976807094E-15 ) ) ;
#6190 = EDGE_CURVE ( 'NONE', #1675, #2535, #2936, .T. ) ;
#6191 = ORIENTED_EDGE ( 'NONE', *, *, #3856, .F. ) ;
#6192 = CIRCLE ( 'NONE', #4293, 2.700000000000001066 ) ;
#6193 = DIRECTION ( 'NONE',  ( 0.000000000000000000, 1.000000000000000000, 0.000000000000000000 ) ) ;
#6194 = CARTESIAN_POINT ( 'NONE',  ( 65.64938875305630006, -2.582029339853309846, -1.057592947645777715 ) ) ;
#6196 = EDGE_CURVE ( 'NONE', #4519, #4134, #539, .T. ) ;
#6195 = DIRECTION ( 'NONE',  ( 1.000000000000000000, 0.000000000000000000, 0.000000000000000000 ) ) ;
#6197 = DIRECTION ( 'NONE',  ( -1.000000000000000000, 0.000000000000000000, 0.000000000000000000 ) ) ;
#6198 = EDGE_CURVE ( 'NONE', #3721, #5711, #3353, .T. ) ;
#6199 = CIRCLE ( 'NONE', #4694, 2.700000000000001066 ) ;
#6200 = DIRECTION ( 'NONE',  ( 0.000000000000000000, 0.000000000000000000, 1.000000000000000000 ) ) ;
#6201 = EDGE_LOOP ( 'NONE', ( #2072, #5013, #1799, #4364 ) ) ;
#6202 = CARTESIAN_POINT ( 'NONE',  ( 67.34938875305628869, -1.582029339853310068, 5.942407052354219843 ) ) ;
#6203 = DIRECTION ( 'NONE',  ( 0.000000000000000000, 0.000000000000000000, 1.000000000000000000 ) ) ;
#6204 = LINE ( 'NONE', #1549, #3996 ) ;
#6205 = ORIENTED_EDGE ( 'NONE', *, *, #2946, .F. ) ;
#6206 = CARTESIAN_POINT ( 'NONE',  ( -2.150611246943755273, 4.017970660146695572, -21.89999999999999858 ) ) ;
#6207 = EDGE_LOOP ( 'NONE', ( #4151, #5175, #3177, #5618 ) ) ;
#6208 = CARTESIAN_POINT ( 'NONE',  ( 66.64938875305630006, -10.08346369748242033, -3.149999999999999911 ) ) ;
#6209 = CARTESIAN_POINT ( 'NONE',  ( 43.00876143713070121, 2.317970660146694950, -3.951253375095765463 ) ) ;
#6210 = PLANE ( 'NONE',  #661 ) ;
#6211 = PRODUCT_DEFINITION ( 'æœ', '', #3726, #4634 ) ;
#6212 = CYLINDRICAL_SURFACE ( 'NONE', #3666, 0.5000000000000004441 ) ;
#6213 = CARTESIAN_POINT ( 'NONE',  ( -13.75061124694374115, -3.958100679666319621, -20.00000000000000000 ) ) ;
#6214 = VERTEX_POINT ( 'NONE', #5300 ) ;
#6215 = EDGE_LOOP ( 'NONE', ( #1081, #4858, #693, #1661 ) ) ;
#6216 = ORIENTED_EDGE ( 'NONE', *, *, #2101, .F. ) ;
#6217 = CARTESIAN_POINT ( 'NONE',  ( 68.64938875305628585, -4.282029339853305139, -18.35701875544739892 ) ) ;
#6218 = CARTESIAN_POINT ( 'NONE',  ( 51.06673996170919594, 5.317970660146690065, -16.45125337509579566 ) ) ;
#6219 = ORIENTED_EDGE ( 'NONE', *, *, #3856, .T. ) ;
#6220 = ORIENTED_EDGE ( 'NONE', *, *, #3140, .F. ) ;
#6221 = CARTESIAN_POINT ( 'NONE',  ( 68.64938875305628585, 4.317970660146690065, 25.00000000000000000 ) ) ;
#6222 = ORIENTED_EDGE ( 'NONE', *, *, #3360, .F. ) ;
#6223 = CYLINDRICAL_SURFACE ( 'NONE', #350, 0.5000000000000004441 ) ;
#6224 = DIRECTION ( 'NONE',  ( -1.387778780781445922E-16, 8.715763992105190000E-33, -1.000000000000000000 ) ) ;
#6225 = DIRECTION ( 'NONE',  ( 0.000000000000000000, 1.000000000000000000, 0.000000000000000000 ) ) ;
#6226 = DIRECTION ( 'NONE',  ( 0.000000000000000000, 1.000000000000000000, 0.000000000000000000 ) ) ;
ENDSEC;
END-ISO-10303-21;
